solid OpenSCAD_Model
  facet normal 0.026176952204674333 -0.9996573248735159 0
    outer loop
      vertex 0 -27 -0.17499923706054688
      vertex 1.4130706787109375 -26.962997436523438 0.17499923706054688
      vertex 0 -27 0.17499923706054688
    endloop
  endfacet
  facet normal 0.026176952204674333 -0.9996573248735159 0
    outer loop
      vertex 1.4130706787109375 -26.962997436523438 0.17499923706054688
      vertex 0 -27 -0.17499923706054688
      vertex 1.4130706787109375 -26.962997436523438 -0.17499923706054688
    endloop
  endfacet
  facet normal 0.9996573248735159 0.026176952204674333 0
    outer loop
      vertex 27 0 0.17499923706054688
      vertex 26.962997436523438 1.4130706787109375 -0.17499923706054688
      vertex 26.962997436523438 1.4130706787109375 0.17499923706054688
    endloop
  endfacet
  facet normal 0.9996573248735159 0.026176952204674333 0
    outer loop
      vertex 26.962997436523438 1.4130706787109375 -0.17499923706054688
      vertex 27 0 0.17499923706054688
      vertex 27 0 -0.17499923706054688
    endloop
  endfacet
  facet normal -0.4305109995749562 0.9025853307277777 0
    outer loop
      vertex -10.981888771057129 24.665725708007812 -0.17499923706054688
      vertex -12.257742881774902 24.057174682617188 0.17499923706054688
      vertex -10.981888771057129 24.665725708007812 0.17499923706054688
    endloop
  endfacet
  facet normal -0.4305109995749562 0.9025853307277777 0
    outer loop
      vertex -12.257742881774902 24.057174682617188 0.17499923706054688
      vertex -10.981888771057129 24.665725708007812 -0.17499923706054688
      vertex -12.257742881774902 24.057174682617188 -0.17499923706054688
    endloop
  endfacet
  facet normal 0.8526394538337742 0.5224997241779591 0
    outer loop
      vertex 23.382686614990234 13.5 0.17499923706054688
      vertex 22.64410400390625 14.705253601074219 -0.17499923706054688
      vertex 22.64410400390625 14.705253601074219 0.17499923706054688
    endloop
  endfacet
  facet normal 0.8526394538337742 0.5224997241779591 0
    outer loop
      vertex 22.64410400390625 14.705253601074219 -0.17499923706054688
      vertex 23.382686614990234 13.5 0.17499923706054688
      vertex 23.382686614990234 13.5 -0.17499923706054688
    endloop
  endfacet
  facet normal -0.026176952204674333 -0.9996573248735159 0
    outer loop
      vertex -1.4130706787109375 -26.962997436523438 -0.17499923706054688
      vertex 0 -27 0.17499923706054688
      vertex -1.4130706787109375 -26.962997436523438 0.17499923706054688
    endloop
  endfacet
  facet normal -0.026176952204674333 -0.9996573248735159 0
    outer loop
      vertex 0 -27 0.17499923706054688
      vertex -1.4130706787109375 -26.962997436523438 -0.17499923706054688
      vertex 0 -27 -0.17499923706054688
    endloop
  endfacet
  facet normal 0.026176952204674333 0.9996573248735159 0
    outer loop
      vertex 1.4130706787109375 26.962997436523438 -0.17499923706054688
      vertex 0 27 0.17499923706054688
      vertex 1.4130706787109375 26.962997436523438 0.17499923706054688
    endloop
  endfacet
  facet normal 0.026176952204674333 0.9996573248735159 0
    outer loop
      vertex 0 27 0.17499923706054688
      vertex 1.4130706787109375 26.962997436523438 -0.17499923706054688
      vertex 0 27 -0.17499923706054688
    endloop
  endfacet
  facet normal -0.9238793304334191 0.3826839202238545 0
    outer loop
      vertex -25.2066707611084 9.675933837890625 -0.17499923706054688
      vertex -24.665725708007812 10.981888771057129 0.17499923706054688
      vertex -24.665725708007812 10.981888771057129 -0.17499923706054688
    endloop
  endfacet
  facet normal -0.9238793304334191 0.3826839202238545 0
    outer loop
      vertex -24.665725708007812 10.981888771057129 0.17499923706054688
      vertex -25.2066707611084 9.675933837890625 -0.17499923706054688
      vertex -25.2066707611084 9.675933837890625 0.17499923706054688
    endloop
  endfacet
  facet normal -0.6494480125899091 0.7604059961251076 0
    outer loop
      vertex -16.991649627685547 20.982940673828125 -0.17499923706054688
      vertex -18.066524505615234 20.064910888671875 0.17499923706054688
      vertex -16.991649627685547 20.982940673828125 0.17499923706054688
    endloop
  endfacet
  facet normal -0.6494480125899091 0.7604059961251076 0
    outer loop
      vertex -18.066524505615234 20.064910888671875 0.17499923706054688
      vertex -16.991649627685547 20.982940673828125 -0.17499923706054688
      vertex -18.066524505615234 20.064910888671875 -0.17499923706054688
    endloop
  endfacet
  facet normal -0.3826839202238545 0.9238793304334191 0
    outer loop
      vertex -9.675933837890625 25.2066707611084 -0.17499923706054688
      vertex -10.981888771057129 24.665725708007812 0.17499923706054688
      vertex -9.675933837890625 25.2066707611084 0.17499923706054688
    endloop
  endfacet
  facet normal -0.3826839202238545 0.9238793304334191 0
    outer loop
      vertex -10.981888771057129 24.665725708007812 0.17499923706054688
      vertex -9.675933837890625 25.2066707611084 -0.17499923706054688
      vertex -10.981888771057129 24.665725708007812 -0.17499923706054688
    endloop
  endfacet
  facet normal -0.6087613351581409 0.793353412305309 0
    outer loop
      vertex -15.870201110839844 21.84345817565918 -0.17499923706054688
      vertex -16.991649627685547 20.982940673828125 0.17499923706054688
      vertex -15.870201110839844 21.84345817565918 0.17499923706054688
    endloop
  endfacet
  facet normal -0.6087613351581409 0.793353412305309 0
    outer loop
      vertex -16.991649627685547 20.982940673828125 0.17499923706054688
      vertex -15.870201110839844 21.84345817565918 -0.17499923706054688
      vertex -16.991649627685547 20.982940673828125 -0.17499923706054688
    endloop
  endfacet
  facet normal -0.13052720046830457 0.9914447286348882 0
    outer loop
      vertex -2.822268486022949 26.85209083557129 -0.17499923706054688
      vertex -4.223730087280273 26.667583465576172 0.17499923706054688
      vertex -2.822268486022949 26.85209083557129 0.17499923706054688
    endloop
  endfacet
  facet normal -0.13052720046830457 0.9914447286348882 0
    outer loop
      vertex -4.223730087280273 26.667583465576172 0.17499923706054688
      vertex -2.822268486022949 26.85209083557129 -0.17499923706054688
      vertex -4.223730087280273 26.667583465576172 -0.17499923706054688
    endloop
  endfacet
  facet normal 0.9996573248735159 -0.026176952204674333 0
    outer loop
      vertex 26.962997436523438 -1.4130706787109375 0.17499923706054688
      vertex 27 0 -0.17499923706054688
      vertex 27 0 0.17499923706054688
    endloop
  endfacet
  facet normal 0.9996573248735159 -0.026176952204674333 0
    outer loop
      vertex 27 0 -0.17499923706054688
      vertex 26.962997436523438 -1.4130706787109375 0.17499923706054688
      vertex 26.962997436523438 -1.4130706787109375 -0.17499923706054688
    endloop
  endfacet
  facet normal -0.9969173155690884 0.07845932652351033 0
    outer loop
      vertex -26.962997436523438 1.4130706787109375 -0.17499923706054688
      vertex -26.85209083557129 2.822268486022949 0.17499923706054688
      vertex -26.85209083557129 2.822268486022949 -0.17499923706054688
    endloop
  endfacet
  facet normal -0.9969173155690884 0.07845932652351033 0
    outer loop
      vertex -26.85209083557129 2.822268486022949 0.17499923706054688
      vertex -26.962997436523438 1.4130706787109375 -0.17499923706054688
      vertex -26.962997436523438 1.4130706787109375 0.17499923706054688
    endloop
  endfacet
  facet normal 0.07845932652351033 0.9969173155690884 0
    outer loop
      vertex 2.822268486022949 26.85209083557129 -0.17499923706054688
      vertex 1.4130706787109375 26.962997436523438 0.17499923706054688
      vertex 2.822268486022949 26.85209083557129 0.17499923706054688
    endloop
  endfacet
  facet normal 0.07845932652351033 0.9969173155690884 0
    outer loop
      vertex 1.4130706787109375 26.962997436523438 0.17499923706054688
      vertex 2.822268486022949 26.85209083557129 -0.17499923706054688
      vertex 1.4130706787109375 26.962997436523438 -0.17499923706054688
    endloop
  endfacet
  facet normal -0.3826839202238545 -0.9238793304334191 0
    outer loop
      vertex -10.981888771057129 -24.665725708007812 -0.17499923706054688
      vertex -9.675933837890625 -25.2066707611084 0.17499923706054688
      vertex -10.981888771057129 -24.665725708007812 0.17499923706054688
    endloop
  endfacet
  facet normal -0.3826839202238545 -0.9238793304334191 0
    outer loop
      vertex -9.675933837890625 -25.2066707611084 0.17499923706054688
      vertex -10.981888771057129 -24.665725708007812 -0.17499923706054688
      vertex -9.675933837890625 -25.2066707611084 -0.17499923706054688
    endloop
  endfacet
  facet normal 0.333807352146391 0.9426413165425199 0
    outer loop
      vertex 9.675933837890625 25.2066707611084 -0.17499923706054688
      vertex 8.34345817565918 25.678525924682617 0.17499923706054688
      vertex 9.675933837890625 25.2066707611084 0.17499923706054688
    endloop
  endfacet
  facet normal 0.333807352146391 0.9426413165425199 0
    outer loop
      vertex 8.34345817565918 25.678525924682617 0.17499923706054688
      vertex 9.675933837890625 25.2066707611084 -0.17499923706054688
      vertex 8.34345817565918 25.678525924682617 -0.17499923706054688
    endloop
  endfacet
  facet normal 0.6883544204453923 -0.7253745183374504 0
    outer loop
      vertex 18.066524505615234 -20.064910888671875 -0.17499923706054688
      vertex 19.091882705688477 -19.091882705688477 0.17499923706054688
      vertex 18.066524505615234 -20.064910888671875 0.17499923706054688
    endloop
  endfacet
  facet normal 0.6883544204453923 -0.7253745183374504 0
    outer loop
      vertex 19.091882705688477 -19.091882705688477 0.17499923706054688
      vertex 18.066524505615234 -20.064910888671875 -0.17499923706054688
      vertex 19.091882705688477 -19.091882705688477 -0.17499923706054688
    endloop
  endfacet
  facet normal -0.9723701275701293 -0.23344450091884902 0
    outer loop
      vertex -26.079998016357422 -6.9881134033203125 -0.17499923706054688
      vertex -26.409984588623047 -5.613615036010742 0.17499923706054688
      vertex -26.409984588623047 -5.613615036010742 -0.17499923706054688
    endloop
  endfacet
  facet normal -0.9723701275701293 -0.23344450091884902 0
    outer loop
      vertex -26.409984588623047 -5.613615036010742 0.17499923706054688
      vertex -26.079998016357422 -6.9881134033203125 -0.17499923706054688
      vertex -26.079998016357422 -6.9881134033203125 0.17499923706054688
    endloop
  endfacet
  facet normal 0.4305109995749562 0.9025853307277777 0
    outer loop
      vertex 12.257742881774902 24.057174682617188 -0.17499923706054688
      vertex 10.981888771057129 24.665725708007812 0.17499923706054688
      vertex 12.257742881774902 24.057174682617188 0.17499923706054688
    endloop
  endfacet
  facet normal 0.4305109995749562 0.9025853307277777 0
    outer loop
      vertex 10.981888771057129 24.665725708007812 0.17499923706054688
      vertex 12.257742881774902 24.057174682617188 -0.17499923706054688
      vertex 10.981888771057129 24.665725708007812 -0.17499923706054688
    endloop
  endfacet
  facet normal 0.3826839202238545 -0.9238793304334191 0
    outer loop
      vertex 9.675933837890625 -25.2066707611084 -0.17499923706054688
      vertex 10.981888771057129 -24.665725708007812 0.17499923706054688
      vertex 9.675933837890625 -25.2066707611084 0.17499923706054688
    endloop
  endfacet
  facet normal 0.3826839202238545 -0.9238793304334191 0
    outer loop
      vertex 10.981888771057129 -24.665725708007812 0.17499923706054688
      vertex 9.675933837890625 -25.2066707611084 -0.17499923706054688
      vertex 10.981888771057129 -24.665725708007812 -0.17499923706054688
    endloop
  endfacet
  facet normal -0.9914447286348882 -0.13052720046830457 0
    outer loop
      vertex -26.667583465576172 -4.223730087280273 -0.17499923706054688
      vertex -26.85209083557129 -2.822268486022949 0.17499923706054688
      vertex -26.85209083557129 -2.822268486022949 -0.17499923706054688
    endloop
  endfacet
  facet normal -0.9914447286348882 -0.13052720046830457 0
    outer loop
      vertex -26.85209083557129 -2.822268486022949 0.17499923706054688
      vertex -26.667583465576172 -4.223730087280273 -0.17499923706054688
      vertex -26.667583465576172 -4.223730087280273 0.17499923706054688
    endloop
  endfacet
  facet normal 0.6087613351581409 -0.793353412305309 0
    outer loop
      vertex 15.870201110839844 -21.84345817565918 -0.17499923706054688
      vertex 16.991649627685547 -20.982940673828125 0.17499923706054688
      vertex 15.870201110839844 -21.84345817565918 0.17499923706054688
    endloop
  endfacet
  facet normal 0.6087613351581409 -0.793353412305309 0
    outer loop
      vertex 16.991649627685547 -20.982940673828125 0.17499923706054688
      vertex 15.870201110839844 -21.84345817565918 -0.17499923706054688
      vertex 16.991649627685547 -20.982940673828125 -0.17499923706054688
    endloop
  endfacet
  facet normal -0.7253745183374504 0.6883544204453923 0
    outer loop
      vertex -20.064910888671875 18.066524505615234 -0.17499923706054688
      vertex -19.091882705688477 19.091882705688477 0.17499923706054688
      vertex -19.091882705688477 19.091882705688477 -0.17499923706054688
    endloop
  endfacet
  facet normal -0.7253745183374504 0.6883544204453923 0
    outer loop
      vertex -19.091882705688477 19.091882705688477 0.17499923706054688
      vertex -20.064910888671875 18.066524505615234 -0.17499923706054688
      vertex -20.064910888671875 18.066524505615234 0.17499923706054688
    endloop
  endfacet
  facet normal -0.07845932652351033 0.9969173155690884 0
    outer loop
      vertex -1.4130706787109375 26.962997436523438 -0.17499923706054688
      vertex -2.822268486022949 26.85209083557129 0.17499923706054688
      vertex -1.4130706787109375 26.962997436523438 0.17499923706054688
    endloop
  endfacet
  facet normal -0.07845932652351033 0.9969173155690884 0
    outer loop
      vertex -2.822268486022949 26.85209083557129 0.17499923706054688
      vertex -1.4130706787109375 26.962997436523438 -0.17499923706054688
      vertex -2.822268486022949 26.85209083557129 -0.17499923706054688
    endloop
  endfacet
  facet normal 0.9588196039090843 0.28401578681409057 0
    outer loop
      vertex 26.079998016357422 6.9881134033203125 0.17499923706054688
      vertex 25.678525924682617 8.34345817565918 -0.17499923706054688
      vertex 25.678525924682617 8.34345817565918 0.17499923706054688
    endloop
  endfacet
  facet normal 0.9588196039090843 0.28401578681409057 0
    outer loop
      vertex 25.678525924682617 8.34345817565918 -0.17499923706054688
      vertex 26.079998016357422 6.9881134033203125 0.17499923706054688
      vertex 26.079998016357422 6.9881134033203125 -0.17499923706054688
    endloop
  endfacet
  facet normal -0.8788178587817583 -0.47715738607533403 0
    outer loop
      vertex -23.382686614990234 -13.5 -0.17499923706054688
      vertex -24.057174682617188 -12.257742881774902 0.17499923706054688
      vertex -24.057174682617188 -12.257742881774902 -0.17499923706054688
    endloop
  endfacet
  facet normal -0.8788178587817583 -0.47715738607533403 0
    outer loop
      vertex -24.057174682617188 -12.257742881774902 0.17499923706054688
      vertex -23.382686614990234 -13.5 -0.17499923706054688
      vertex -23.382686614990234 -13.5 0.17499923706054688
    endloop
  endfacet
  facet normal 0.9832550434529144 0.18223479229940553 0
    outer loop
      vertex 26.667583465576172 4.223730087280273 0.17499923706054688
      vertex 26.409984588623047 5.613615036010742 -0.17499923706054688
      vertex 26.409984588623047 5.613615036010742 0.17499923706054688
    endloop
  endfacet
  facet normal 0.9832550434529144 0.18223479229940553 0
    outer loop
      vertex 26.409984588623047 5.613615036010742 -0.17499923706054688
      vertex 26.667583465576172 4.223730087280273 0.17499923706054688
      vertex 26.667583465576172 4.223730087280273 -0.17499923706054688
    endloop
  endfacet
  facet normal -0.9996573248735159 -0.026176952204674333 0
    outer loop
      vertex -26.962997436523438 -1.4130706787109375 -0.17499923706054688
      vertex -27 0 0.17499923706054688
      vertex -27 0 -0.17499923706054688
    endloop
  endfacet
  facet normal -0.9996573248735159 -0.026176952204674333 0
    outer loop
      vertex -27 0 0.17499923706054688
      vertex -26.962997436523438 -1.4130706787109375 -0.17499923706054688
      vertex -26.962997436523438 -1.4130706787109375 0.17499923706054688
    endloop
  endfacet
  facet normal -0.47715738607533403 -0.8788178587817583 0
    outer loop
      vertex -13.5 -23.382686614990234 -0.17499923706054688
      vertex -12.257742881774902 -24.057174682617188 0.17499923706054688
      vertex -13.5 -23.382686614990234 0.17499923706054688
    endloop
  endfacet
  facet normal -0.47715738607533403 -0.8788178587817583 0
    outer loop
      vertex -12.257742881774902 -24.057174682617188 0.17499923706054688
      vertex -13.5 -23.382686614990234 -0.17499923706054688
      vertex -12.257742881774902 -24.057174682617188 -0.17499923706054688
    endloop
  endfacet
  facet normal 0.6883544204453923 0.7253745183374504 0
    outer loop
      vertex 19.091882705688477 19.091882705688477 -0.17499923706054688
      vertex 18.066524505615234 20.064910888671875 0.17499923706054688
      vertex 19.091882705688477 19.091882705688477 0.17499923706054688
    endloop
  endfacet
  facet normal 0.6883544204453923 0.7253745183374504 0
    outer loop
      vertex 18.066524505615234 20.064910888671875 0.17499923706054688
      vertex 19.091882705688477 19.091882705688477 -0.17499923706054688
      vertex 18.066524505615234 20.064910888671875 -0.17499923706054688
    endloop
  endfacet
  facet normal 0.9723701275701293 -0.23344450091884902 0
    outer loop
      vertex 26.079998016357422 -6.9881134033203125 0.17499923706054688
      vertex 26.409984588623047 -5.613615036010742 -0.17499923706054688
      vertex 26.409984588623047 -5.613615036010742 0.17499923706054688
    endloop
  endfacet
  facet normal 0.9723701275701293 -0.23344450091884902 0
    outer loop
      vertex 26.409984588623047 -5.613615036010742 -0.17499923706054688
      vertex 26.079998016357422 -6.9881134033203125 0.17499923706054688
      vertex 26.079998016357422 -6.9881134033203125 -0.17499923706054688
    endloop
  endfacet
  facet normal 0.8241263249997889 -0.5664060384938903 0
    outer loop
      vertex 21.84345817565918 -15.870201110839844 0.17499923706054688
      vertex 22.64410400390625 -14.705253601074219 -0.17499923706054688
      vertex 22.64410400390625 -14.705253601074219 0.17499923706054688
    endloop
  endfacet
  facet normal 0.8241263249997889 -0.5664060384938903 0
    outer loop
      vertex 22.64410400390625 -14.705253601074219 -0.17499923706054688
      vertex 21.84345817565918 -15.870201110839844 0.17499923706054688
      vertex 21.84345817565918 -15.870201110839844 -0.17499923706054688
    endloop
  endfacet
  facet normal 0.9914447286348882 0.13052720046830457 0
    outer loop
      vertex 26.85209083557129 2.822268486022949 0.17499923706054688
      vertex 26.667583465576172 4.223730087280273 -0.17499923706054688
      vertex 26.667583465576172 4.223730087280273 0.17499923706054688
    endloop
  endfacet
  facet normal 0.9914447286348882 0.13052720046830457 0
    outer loop
      vertex 26.667583465576172 4.223730087280273 -0.17499923706054688
      vertex 26.85209083557129 2.822268486022949 0.17499923706054688
      vertex 26.85209083557129 2.822268486022949 -0.17499923706054688
    endloop
  endfacet
  facet normal 0.9969173155690884 0.07845932652351033 0
    outer loop
      vertex 26.962997436523438 1.4130706787109375 0.17499923706054688
      vertex 26.85209083557129 2.822268486022949 -0.17499923706054688
      vertex 26.85209083557129 2.822268486022949 0.17499923706054688
    endloop
  endfacet
  facet normal 0.9969173155690884 0.07845932652351033 0
    outer loop
      vertex 26.85209083557129 2.822268486022949 -0.17499923706054688
      vertex 26.962997436523438 1.4130706787109375 0.17499923706054688
      vertex 26.962997436523438 1.4130706787109375 -0.17499923706054688
    endloop
  endfacet
  facet normal -0.9914447286348882 0.13052720046830457 0
    outer loop
      vertex -26.85209083557129 2.822268486022949 -0.17499923706054688
      vertex -26.667583465576172 4.223730087280273 0.17499923706054688
      vertex -26.667583465576172 4.223730087280273 -0.17499923706054688
    endloop
  endfacet
  facet normal -0.9914447286348882 0.13052720046830457 0
    outer loop
      vertex -26.667583465576172 4.223730087280273 0.17499923706054688
      vertex -26.85209083557129 2.822268486022949 -0.17499923706054688
      vertex -26.85209083557129 2.822268486022949 0.17499923706054688
    endloop
  endfacet
  facet normal -0.9832550434529144 0.18223479229940553 0
    outer loop
      vertex -26.667583465576172 4.223730087280273 -0.17499923706054688
      vertex -26.409984588623047 5.613615036010742 0.17499923706054688
      vertex -26.409984588623047 5.613615036010742 -0.17499923706054688
    endloop
  endfacet
  facet normal -0.9832550434529144 0.18223479229940553 0
    outer loop
      vertex -26.409984588623047 5.613615036010742 0.17499923706054688
      vertex -26.667583465576172 4.223730087280273 -0.17499923706054688
      vertex -26.667583465576172 4.223730087280273 0.17499923706054688
    endloop
  endfacet
  facet normal -0.4305109995749562 -0.9025853307277777 0
    outer loop
      vertex -12.257742881774902 -24.057174682617188 -0.17499923706054688
      vertex -10.981888771057129 -24.665725708007812 0.17499923706054688
      vertex -12.257742881774902 -24.057174682617188 0.17499923706054688
    endloop
  endfacet
  facet normal -0.4305109995749562 -0.9025853307277777 0
    outer loop
      vertex -10.981888771057129 -24.665725708007812 0.17499923706054688
      vertex -12.257742881774902 -24.057174682617188 -0.17499923706054688
      vertex -10.981888771057129 -24.665725708007812 -0.17499923706054688
    endloop
  endfacet
  facet normal 0.9832550434529144 -0.18223479229940553 0
    outer loop
      vertex 26.409984588623047 -5.613615036010742 0.17499923706054688
      vertex 26.667583465576172 -4.223730087280273 -0.17499923706054688
      vertex 26.667583465576172 -4.223730087280273 0.17499923706054688
    endloop
  endfacet
  facet normal 0.9832550434529144 -0.18223479229940553 0
    outer loop
      vertex 26.667583465576172 -4.223730087280273 -0.17499923706054688
      vertex 26.409984588623047 -5.613615036010742 0.17499923706054688
      vertex 26.409984588623047 -5.613615036010742 -0.17499923706054688
    endloop
  endfacet
  facet normal 0.7253745183374504 -0.6883544204453923 0
    outer loop
      vertex 19.091882705688477 -19.091882705688477 0.17499923706054688
      vertex 20.064910888671875 -18.066524505615234 -0.17499923706054688
      vertex 20.064910888671875 -18.066524505615234 0.17499923706054688
    endloop
  endfacet
  facet normal 0.7253745183374504 -0.6883544204453923 0
    outer loop
      vertex 20.064910888671875 -18.066524505615234 -0.17499923706054688
      vertex 19.091882705688477 -19.091882705688477 0.17499923706054688
      vertex 19.091882705688477 -19.091882705688477 -0.17499923706054688
    endloop
  endfacet
  facet normal -0.9832550434529144 -0.18223479229940553 0
    outer loop
      vertex -26.409984588623047 -5.613615036010742 -0.17499923706054688
      vertex -26.667583465576172 -4.223730087280273 0.17499923706054688
      vertex -26.667583465576172 -4.223730087280273 -0.17499923706054688
    endloop
  endfacet
  facet normal -0.9832550434529144 -0.18223479229940553 0
    outer loop
      vertex -26.667583465576172 -4.223730087280273 0.17499923706054688
      vertex -26.409984588623047 -5.613615036010742 -0.17499923706054688
      vertex -26.409984588623047 -5.613615036010742 0.17499923706054688
    endloop
  endfacet
  facet normal 0.793353412305309 0.6087613351581409 0
    outer loop
      vertex 21.84345817565918 15.870201110839844 0.17499923706054688
      vertex 20.982940673828125 16.991649627685547 -0.17499923706054688
      vertex 20.982940673828125 16.991649627685547 0.17499923706054688
    endloop
  endfacet
  facet normal 0.793353412305309 0.6087613351581409 0
    outer loop
      vertex 20.982940673828125 16.991649627685547 -0.17499923706054688
      vertex 21.84345817565918 15.870201110839844 0.17499923706054688
      vertex 21.84345817565918 15.870201110839844 -0.17499923706054688
    endloop
  endfacet
  facet normal 0.9238793304334191 -0.3826839202238545 0
    outer loop
      vertex 24.665725708007812 -10.981888771057129 0.17499923706054688
      vertex 25.2066707611084 -9.675933837890625 -0.17499923706054688
      vertex 25.2066707611084 -9.675933837890625 0.17499923706054688
    endloop
  endfacet
  facet normal 0.9238793304334191 -0.3826839202238545 0
    outer loop
      vertex 25.2066707611084 -9.675933837890625 -0.17499923706054688
      vertex 24.665725708007812 -10.981888771057129 0.17499923706054688
      vertex 24.665725708007812 -10.981888771057129 -0.17499923706054688
    endloop
  endfacet
  facet normal 0.333807352146391 -0.9426413165425199 0
    outer loop
      vertex 8.34345817565918 -25.678525924682617 -0.17499923706054688
      vertex 9.675933837890625 -25.2066707611084 0.17499923706054688
      vertex 8.34345817565918 -25.678525924682617 0.17499923706054688
    endloop
  endfacet
  facet normal 0.333807352146391 -0.9426413165425199 0
    outer loop
      vertex 9.675933837890625 -25.2066707611084 0.17499923706054688
      vertex 8.34345817565918 -25.678525924682617 -0.17499923706054688
      vertex 9.675933837890625 -25.2066707611084 -0.17499923706054688
    endloop
  endfacet
  facet normal 0.18223479229940553 0.9832550434529144 0
    outer loop
      vertex 5.613615036010742 26.409984588623047 -0.17499923706054688
      vertex 4.223730087280273 26.667583465576172 0.17499923706054688
      vertex 5.613615036010742 26.409984588623047 0.17499923706054688
    endloop
  endfacet
  facet normal 0.18223479229940553 0.9832550434529144 0
    outer loop
      vertex 4.223730087280273 26.667583465576172 0.17499923706054688
      vertex 5.613615036010742 26.409984588623047 -0.17499923706054688
      vertex 4.223730087280273 26.667583465576172 -0.17499923706054688
    endloop
  endfacet
  facet normal -0.23344450091884902 -0.9723701275701293 0
    outer loop
      vertex -6.9881134033203125 -26.079998016357422 -0.17499923706054688
      vertex -5.613615036010742 -26.409984588623047 0.17499923706054688
      vertex -6.9881134033203125 -26.079998016357422 0.17499923706054688
    endloop
  endfacet
  facet normal -0.23344450091884902 -0.9723701275701293 0
    outer loop
      vertex -5.613615036010742 -26.409984588623047 0.17499923706054688
      vertex -6.9881134033203125 -26.079998016357422 -0.17499923706054688
      vertex -5.613615036010742 -26.409984588623047 -0.17499923706054688
    endloop
  endfacet
  facet normal 0.23344450091884902 0.9723701275701293 0
    outer loop
      vertex 6.9881134033203125 26.079998016357422 -0.17499923706054688
      vertex 5.613615036010742 26.409984588623047 0.17499923706054688
      vertex 6.9881134033203125 26.079998016357422 0.17499923706054688
    endloop
  endfacet
  facet normal 0.23344450091884902 0.9723701275701293 0
    outer loop
      vertex 5.613615036010742 26.409984588623047 0.17499923706054688
      vertex 6.9881134033203125 26.079998016357422 -0.17499923706054688
      vertex 5.613615036010742 26.409984588623047 -0.17499923706054688
    endloop
  endfacet
  facet normal -0.28401578681409057 -0.9588196039090843 0
    outer loop
      vertex -8.34345817565918 -25.678525924682617 -0.17499923706054688
      vertex -6.9881134033203125 -26.079998016357422 0.17499923706054688
      vertex -8.34345817565918 -25.678525924682617 0.17499923706054688
    endloop
  endfacet
  facet normal -0.28401578681409057 -0.9588196039090843 0
    outer loop
      vertex -6.9881134033203125 -26.079998016357422 0.17499923706054688
      vertex -8.34345817565918 -25.678525924682617 -0.17499923706054688
      vertex -6.9881134033203125 -26.079998016357422 -0.17499923706054688
    endloop
  endfacet
  facet normal -0.9996573248735159 0.026176952204674333 0
    outer loop
      vertex -27 0 -0.17499923706054688
      vertex -26.962997436523438 1.4130706787109375 0.17499923706054688
      vertex -26.962997436523438 1.4130706787109375 -0.17499923706054688
    endloop
  endfacet
  facet normal -0.9996573248735159 0.026176952204674333 0
    outer loop
      vertex -26.962997436523438 1.4130706787109375 0.17499923706054688
      vertex -27 0 -0.17499923706054688
      vertex -27 0 0.17499923706054688
    endloop
  endfacet
  facet normal -0.8788178587817583 0.47715738607533403 0
    outer loop
      vertex -24.057174682617188 12.257742881774902 -0.17499923706054688
      vertex -23.382686614990234 13.5 0.17499923706054688
      vertex -23.382686614990234 13.5 -0.17499923706054688
    endloop
  endfacet
  facet normal -0.8788178587817583 0.47715738607533403 0
    outer loop
      vertex -23.382686614990234 13.5 0.17499923706054688
      vertex -24.057174682617188 12.257742881774902 -0.17499923706054688
      vertex -24.057174682617188 12.257742881774902 0.17499923706054688
    endloop
  endfacet
  facet normal -0.9025853307277777 0.4305109995749562 0
    outer loop
      vertex -24.665725708007812 10.981888771057129 -0.17499923706054688
      vertex -24.057174682617188 12.257742881774902 0.17499923706054688
      vertex -24.057174682617188 12.257742881774902 -0.17499923706054688
    endloop
  endfacet
  facet normal -0.9025853307277777 0.4305109995749562 0
    outer loop
      vertex -24.057174682617188 12.257742881774902 0.17499923706054688
      vertex -24.665725708007812 10.981888771057129 -0.17499923706054688
      vertex -24.665725708007812 10.981888771057129 0.17499923706054688
    endloop
  endfacet
  facet normal 0.5224997241779591 -0.8526394538337742 0
    outer loop
      vertex 13.5 -23.382686614990234 -0.17499923706054688
      vertex 14.705253601074219 -22.64410400390625 0.17499923706054688
      vertex 13.5 -23.382686614990234 0.17499923706054688
    endloop
  endfacet
  facet normal 0.5224997241779591 -0.8526394538337742 0
    outer loop
      vertex 14.705253601074219 -22.64410400390625 0.17499923706054688
      vertex 13.5 -23.382686614990234 -0.17499923706054688
      vertex 14.705253601074219 -22.64410400390625 -0.17499923706054688
    endloop
  endfacet
  facet normal -0.8526394538337742 0.5224997241779591 0
    outer loop
      vertex -23.382686614990234 13.5 -0.17499923706054688
      vertex -22.64410400390625 14.705253601074219 0.17499923706054688
      vertex -22.64410400390625 14.705253601074219 -0.17499923706054688
    endloop
  endfacet
  facet normal -0.8526394538337742 0.5224997241779591 0
    outer loop
      vertex -22.64410400390625 14.705253601074219 0.17499923706054688
      vertex -23.382686614990234 13.5 -0.17499923706054688
      vertex -23.382686614990234 13.5 0.17499923706054688
    endloop
  endfacet
  facet normal 0.9723701275701293 0.23344450091884902 0
    outer loop
      vertex 26.409984588623047 5.613615036010742 0.17499923706054688
      vertex 26.079998016357422 6.9881134033203125 -0.17499923706054688
      vertex 26.079998016357422 6.9881134033203125 0.17499923706054688
    endloop
  endfacet
  facet normal 0.9723701275701293 0.23344450091884902 0
    outer loop
      vertex 26.079998016357422 6.9881134033203125 -0.17499923706054688
      vertex 26.409984588623047 5.613615036010742 0.17499923706054688
      vertex 26.409984588623047 5.613615036010742 -0.17499923706054688
    endloop
  endfacet
  facet normal 0.6494480125899091 -0.7604059961251076 0
    outer loop
      vertex 16.991649627685547 -20.982940673828125 -0.17499923706054688
      vertex 18.066524505615234 -20.064910888671875 0.17499923706054688
      vertex 16.991649627685547 -20.982940673828125 0.17499923706054688
    endloop
  endfacet
  facet normal 0.6494480125899091 -0.7604059961251076 0
    outer loop
      vertex 18.066524505615234 -20.064910888671875 0.17499923706054688
      vertex 16.991649627685547 -20.982940673828125 -0.17499923706054688
      vertex 18.066524505615234 -20.064910888671875 -0.17499923706054688
    endloop
  endfacet
  facet normal -0.9723701275701293 0.23344450091884902 0
    outer loop
      vertex -26.409984588623047 5.613615036010742 -0.17499923706054688
      vertex -26.079998016357422 6.9881134033203125 0.17499923706054688
      vertex -26.079998016357422 6.9881134033203125 -0.17499923706054688
    endloop
  endfacet
  facet normal -0.9723701275701293 0.23344450091884902 0
    outer loop
      vertex -26.079998016357422 6.9881134033203125 0.17499923706054688
      vertex -26.409984588623047 5.613615036010742 -0.17499923706054688
      vertex -26.409984588623047 5.613615036010742 0.17499923706054688
    endloop
  endfacet
  facet normal 0.9238793304334191 0.3826839202238545 0
    outer loop
      vertex 25.2066707611084 9.675933837890625 0.17499923706054688
      vertex 24.665725708007812 10.981888771057129 -0.17499923706054688
      vertex 24.665725708007812 10.981888771057129 0.17499923706054688
    endloop
  endfacet
  facet normal 0.9238793304334191 0.3826839202238545 0
    outer loop
      vertex 24.665725708007812 10.981888771057129 -0.17499923706054688
      vertex 25.2066707611084 9.675933837890625 0.17499923706054688
      vertex 25.2066707611084 9.675933837890625 -0.17499923706054688
    endloop
  endfacet
  facet normal 0.9588196039090843 -0.28401578681409057 0
    outer loop
      vertex 25.678525924682617 -8.34345817565918 0.17499923706054688
      vertex 26.079998016357422 -6.9881134033203125 -0.17499923706054688
      vertex 26.079998016357422 -6.9881134033203125 0.17499923706054688
    endloop
  endfacet
  facet normal 0.9588196039090843 -0.28401578681409057 0
    outer loop
      vertex 26.079998016357422 -6.9881134033203125 -0.17499923706054688
      vertex 25.678525924682617 -8.34345817565918 0.17499923706054688
      vertex 25.678525924682617 -8.34345817565918 -0.17499923706054688
    endloop
  endfacet
  facet normal 0.47715738607533403 0.8788178587817583 0
    outer loop
      vertex 13.5 23.382686614990234 -0.17499923706054688
      vertex 12.257742881774902 24.057174682617188 0.17499923706054688
      vertex 13.5 23.382686614990234 0.17499923706054688
    endloop
  endfacet
  facet normal 0.47715738607533403 0.8788178587817583 0
    outer loop
      vertex 12.257742881774902 24.057174682617188 0.17499923706054688
      vertex 13.5 23.382686614990234 -0.17499923706054688
      vertex 12.257742881774902 24.057174682617188 -0.17499923706054688
    endloop
  endfacet
  facet normal 0.5224997241779591 0.8526394538337742 0
    outer loop
      vertex 14.705253601074219 22.64410400390625 -0.17499923706054688
      vertex 13.5 23.382686614990234 0.17499923706054688
      vertex 14.705253601074219 22.64410400390625 0.17499923706054688
    endloop
  endfacet
  facet normal 0.5224997241779591 0.8526394538337742 0
    outer loop
      vertex 13.5 23.382686614990234 0.17499923706054688
      vertex 14.705253601074219 22.64410400390625 -0.17499923706054688
      vertex 13.5 23.382686614990234 -0.17499923706054688
    endloop
  endfacet
  facet normal -0.793353412305309 0.6087613351581409 0
    outer loop
      vertex -21.84345817565918 15.870201110839844 -0.17499923706054688
      vertex -20.982940673828125 16.991649627685547 0.17499923706054688
      vertex -20.982940673828125 16.991649627685547 -0.17499923706054688
    endloop
  endfacet
  facet normal -0.793353412305309 0.6087613351581409 0
    outer loop
      vertex -20.982940673828125 16.991649627685547 0.17499923706054688
      vertex -21.84345817565918 15.870201110839844 -0.17499923706054688
      vertex -21.84345817565918 15.870201110839844 0.17499923706054688
    endloop
  endfacet
  facet normal -0.13052720046830457 -0.9914447286348882 0
    outer loop
      vertex -4.223730087280273 -26.667583465576172 -0.17499923706054688
      vertex -2.822268486022949 -26.85209083557129 0.17499923706054688
      vertex -4.223730087280273 -26.667583465576172 0.17499923706054688
    endloop
  endfacet
  facet normal -0.13052720046830457 -0.9914447286348882 0
    outer loop
      vertex -2.822268486022949 -26.85209083557129 0.17499923706054688
      vertex -4.223730087280273 -26.667583465576172 -0.17499923706054688
      vertex -2.822268486022949 -26.85209083557129 -0.17499923706054688
    endloop
  endfacet
  facet normal 0.3826839202238545 0.9238793304334191 0
    outer loop
      vertex 10.981888771057129 24.665725708007812 -0.17499923706054688
      vertex 9.675933837890625 25.2066707611084 0.17499923706054688
      vertex 10.981888771057129 24.665725708007812 0.17499923706054688
    endloop
  endfacet
  facet normal 0.3826839202238545 0.9238793304334191 0
    outer loop
      vertex 9.675933837890625 25.2066707611084 0.17499923706054688
      vertex 10.981888771057129 24.665725708007812 -0.17499923706054688
      vertex 9.675933837890625 25.2066707611084 -0.17499923706054688
    endloop
  endfacet
  facet normal 0.7604059961251076 -0.6494480125899091 0
    outer loop
      vertex 20.064910888671875 -18.066524505615234 0.17499923706054688
      vertex 20.982940673828125 -16.991649627685547 -0.17499923706054688
      vertex 20.982940673828125 -16.991649627685547 0.17499923706054688
    endloop
  endfacet
  facet normal 0.7604059961251076 -0.6494480125899091 0
    outer loop
      vertex 20.982940673828125 -16.991649627685547 -0.17499923706054688
      vertex 20.064910888671875 -18.066524505615234 0.17499923706054688
      vertex 20.064910888671875 -18.066524505615234 -0.17499923706054688
    endloop
  endfacet
  facet normal 0.9914447286348882 -0.13052720046830457 0
    outer loop
      vertex 26.667583465576172 -4.223730087280273 0.17499923706054688
      vertex 26.85209083557129 -2.822268486022949 -0.17499923706054688
      vertex 26.85209083557129 -2.822268486022949 0.17499923706054688
    endloop
  endfacet
  facet normal 0.9914447286348882 -0.13052720046830457 0
    outer loop
      vertex 26.85209083557129 -2.822268486022949 -0.17499923706054688
      vertex 26.667583465576172 -4.223730087280273 0.17499923706054688
      vertex 26.667583465576172 -4.223730087280273 -0.17499923706054688
    endloop
  endfacet
  facet normal 0.9969173155690884 -0.07845932652351033 0
    outer loop
      vertex 26.85209083557129 -2.822268486022949 0.17499923706054688
      vertex 26.962997436523438 -1.4130706787109375 -0.17499923706054688
      vertex 26.962997436523438 -1.4130706787109375 0.17499923706054688
    endloop
  endfacet
  facet normal 0.9969173155690884 -0.07845932652351033 0
    outer loop
      vertex 26.962997436523438 -1.4130706787109375 -0.17499923706054688
      vertex 26.85209083557129 -2.822268486022949 0.17499923706054688
      vertex 26.85209083557129 -2.822268486022949 -0.17499923706054688
    endloop
  endfacet
  facet normal 0.6494480125899091 0.7604059961251076 0
    outer loop
      vertex 18.066524505615234 20.064910888671875 -0.17499923706054688
      vertex 16.991649627685547 20.982940673828125 0.17499923706054688
      vertex 18.066524505615234 20.064910888671875 0.17499923706054688
    endloop
  endfacet
  facet normal 0.6494480125899091 0.7604059961251076 0
    outer loop
      vertex 16.991649627685547 20.982940673828125 0.17499923706054688
      vertex 18.066524505615234 20.064910888671875 -0.17499923706054688
      vertex 16.991649627685547 20.982940673828125 -0.17499923706054688
    endloop
  endfacet
  facet normal -0.6494480125899091 -0.7604059961251076 0
    outer loop
      vertex -18.066524505615234 -20.064910888671875 -0.17499923706054688
      vertex -16.991649627685547 -20.982940673828125 0.17499923706054688
      vertex -18.066524505615234 -20.064910888671875 0.17499923706054688
    endloop
  endfacet
  facet normal -0.6494480125899091 -0.7604059961251076 0
    outer loop
      vertex -16.991649627685547 -20.982940673828125 0.17499923706054688
      vertex -18.066524505615234 -20.064910888671875 -0.17499923706054688
      vertex -16.991649627685547 -20.982940673828125 -0.17499923706054688
    endloop
  endfacet
  facet normal 0.5664060384938903 -0.8241263249997889 0
    outer loop
      vertex 14.705253601074219 -22.64410400390625 -0.17499923706054688
      vertex 15.870201110839844 -21.84345817565918 0.17499923706054688
      vertex 14.705253601074219 -22.64410400390625 0.17499923706054688
    endloop
  endfacet
  facet normal 0.5664060384938903 -0.8241263249997889 0
    outer loop
      vertex 15.870201110839844 -21.84345817565918 0.17499923706054688
      vertex 14.705253601074219 -22.64410400390625 -0.17499923706054688
      vertex 15.870201110839844 -21.84345817565918 -0.17499923706054688
    endloop
  endfacet
  facet normal 0.28401578681409057 0.9588196039090843 0
    outer loop
      vertex 8.34345817565918 25.678525924682617 -0.17499923706054688
      vertex 6.9881134033203125 26.079998016357422 0.17499923706054688
      vertex 8.34345817565918 25.678525924682617 0.17499923706054688
    endloop
  endfacet
  facet normal 0.28401578681409057 0.9588196039090843 0
    outer loop
      vertex 6.9881134033203125 26.079998016357422 0.17499923706054688
      vertex 8.34345817565918 25.678525924682617 -0.17499923706054688
      vertex 6.9881134033203125 26.079998016357422 -0.17499923706054688
    endloop
  endfacet
  facet normal -0.9588196039090843 -0.28401578681409057 0
    outer loop
      vertex -25.678525924682617 -8.34345817565918 -0.17499923706054688
      vertex -26.079998016357422 -6.9881134033203125 0.17499923706054688
      vertex -26.079998016357422 -6.9881134033203125 -0.17499923706054688
    endloop
  endfacet
  facet normal -0.9588196039090843 -0.28401578681409057 0
    outer loop
      vertex -26.079998016357422 -6.9881134033203125 0.17499923706054688
      vertex -25.678525924682617 -8.34345817565918 -0.17499923706054688
      vertex -25.678525924682617 -8.34345817565918 0.17499923706054688
    endloop
  endfacet
  facet normal -0.5224997241779591 0.8526394538337742 0
    outer loop
      vertex -13.5 23.382686614990234 -0.17499923706054688
      vertex -14.705253601074219 22.64410400390625 0.17499923706054688
      vertex -13.5 23.382686614990234 0.17499923706054688
    endloop
  endfacet
  facet normal -0.5224997241779591 0.8526394538337742 0
    outer loop
      vertex -14.705253601074219 22.64410400390625 0.17499923706054688
      vertex -13.5 23.382686614990234 -0.17499923706054688
      vertex -14.705253601074219 22.64410400390625 -0.17499923706054688
    endloop
  endfacet
  facet normal -0.23344450091884902 0.9723701275701293 0
    outer loop
      vertex -5.613615036010742 26.409984588623047 -0.17499923706054688
      vertex -6.9881134033203125 26.079998016357422 0.17499923706054688
      vertex -5.613615036010742 26.409984588623047 0.17499923706054688
    endloop
  endfacet
  facet normal -0.23344450091884902 0.9723701275701293 0
    outer loop
      vertex -6.9881134033203125 26.079998016357422 0.17499923706054688
      vertex -5.613615036010742 26.409984588623047 -0.17499923706054688
      vertex -6.9881134033203125 26.079998016357422 -0.17499923706054688
    endloop
  endfacet
  facet normal 0.8241263249997889 0.5664060384938903 0
    outer loop
      vertex 22.64410400390625 14.705253601074219 0.17499923706054688
      vertex 21.84345817565918 15.870201110839844 -0.17499923706054688
      vertex 21.84345817565918 15.870201110839844 0.17499923706054688
    endloop
  endfacet
  facet normal 0.8241263249997889 0.5664060384938903 0
    outer loop
      vertex 21.84345817565918 15.870201110839844 -0.17499923706054688
      vertex 22.64410400390625 14.705253601074219 0.17499923706054688
      vertex 22.64410400390625 14.705253601074219 -0.17499923706054688
    endloop
  endfacet
  facet normal -0.28401578681409057 0.9588196039090843 0
    outer loop
      vertex -6.9881134033203125 26.079998016357422 -0.17499923706054688
      vertex -8.34345817565918 25.678525924682617 0.17499923706054688
      vertex -6.9881134033203125 26.079998016357422 0.17499923706054688
    endloop
  endfacet
  facet normal -0.28401578681409057 0.9588196039090843 0
    outer loop
      vertex -8.34345817565918 25.678525924682617 0.17499923706054688
      vertex -6.9881134033203125 26.079998016357422 -0.17499923706054688
      vertex -8.34345817565918 25.678525924682617 -0.17499923706054688
    endloop
  endfacet
  facet normal 0 0 1
    outer loop
      vertex 21 0 0.17499923706054688
      vertex 27 0 0.17499923706054688
      vertex 26.962997436523438 1.4130706787109375 0.17499923706054688
    endloop
  endfacet
  facet normal 0 0 1
    outer loop
      vertex 20.971220016479492 1.0990543365478516 0.17499923706054688
      vertex 26.962997436523438 1.4130706787109375 0.17499923706054688
      vertex 26.85209083557129 2.822268486022949 0.17499923706054688
    endloop
  endfacet
  facet normal 0 0 1
    outer loop
      vertex 27 0 0.17499923706054688
      vertex 21 0 0.17499923706054688
      vertex 26.962997436523438 -1.4130706787109375 0.17499923706054688
    endloop
  endfacet
  facet normal 0 0 1
    outer loop
      vertex 20.884960174560547 2.195096969604492 0.17499923706054688
      vertex 26.85209083557129 2.822268486022949 0.17499923706054688
      vertex 26.667583465576172 4.223730087280273 0.17499923706054688
    endloop
  endfacet
  facet normal 0 0 1
    outer loop
      vertex 20.971220016479492 -1.0990543365478516 0.17499923706054688
      vertex 26.962997436523438 -1.4130706787109375 0.17499923706054688
      vertex 21 0 0.17499923706054688
    endloop
  endfacet
  facet normal 0 0 1
    outer loop
      vertex 20.741455078125 3.285122871398926 0.17499923706054688
      vertex 26.667583465576172 4.223730087280273 0.17499923706054688
      vertex 26.409984588623047 5.613615036010742 0.17499923706054688
    endloop
  endfacet
  facet normal 0 0 1
    outer loop
      vertex 26.962997436523438 -1.4130706787109375 0.17499923706054688
      vertex 20.971220016479492 -1.0990543365478516 0.17499923706054688
      vertex 26.85209083557129 -2.822268486022949 0.17499923706054688
    endloop
  endfacet
  facet normal 0 0 1
    outer loop
      vertex 20.541099548339844 4.366145133972168 0.17499923706054688
      vertex 26.409984588623047 5.613615036010742 0.17499923706054688
      vertex 26.079998016357422 6.9881134033203125 0.17499923706054688
    endloop
  endfacet
  facet normal 0 0 1
    outer loop
      vertex 20.884960174560547 -2.195096969604492 0.17499923706054688
      vertex 26.85209083557129 -2.822268486022949 0.17499923706054688
      vertex 20.971220016479492 -1.0990543365478516 0.17499923706054688
    endloop
  endfacet
  facet normal 0 0 1
    outer loop
      vertex 20.284442901611328 5.435199737548828 0.17499923706054688
      vertex 26.079998016357422 6.9881134033203125 0.17499923706054688
      vertex 25.678525924682617 8.34345817565918 0.17499923706054688
    endloop
  endfacet
  facet normal 0 0 1
    outer loop
      vertex 26.85209083557129 -2.822268486022949 0.17499923706054688
      vertex 20.884960174560547 -2.195096969604492 0.17499923706054688
      vertex 26.667583465576172 -4.223730087280273 0.17499923706054688
    endloop
  endfacet
  facet normal 0 0 1
    outer loop
      vertex 19.972187042236328 6.48935604095459 0.17499923706054688
      vertex 25.678525924682617 8.34345817565918 0.17499923706054688
      vertex 25.2066707611084 9.675933837890625 0.17499923706054688
    endloop
  endfacet
  facet normal 0 0 1
    outer loop
      vertex 20.741455078125 -3.285122871398926 0.17499923706054688
      vertex 26.667583465576172 -4.223730087280273 0.17499923706054688
      vertex 20.884960174560547 -2.195096969604492 0.17499923706054688
    endloop
  endfacet
  facet normal 0 0 1
    outer loop
      vertex 19.605188369750977 7.525726318359375 0.17499923706054688
      vertex 25.2066707611084 9.675933837890625 0.17499923706054688
      vertex 24.665725708007812 10.981888771057129 0.17499923706054688
    endloop
  endfacet
  facet normal 0 0 1
    outer loop
      vertex 26.667583465576172 -4.223730087280273 0.17499923706054688
      vertex 20.741455078125 -3.285122871398926 0.17499923706054688
      vertex 26.409984588623047 -5.613615036010742 0.17499923706054688
    endloop
  endfacet
  facet normal 0 0 1
    outer loop
      vertex 19.1844539642334 8.541468620300293 0.17499923706054688
      vertex 24.665725708007812 10.981888771057129 0.17499923706054688
      vertex 24.057174682617188 12.257742881774902 0.17499923706054688
    endloop
  endfacet
  facet normal 0 0 1
    outer loop
      vertex 20.541099548339844 -4.366145133972168 0.17499923706054688
      vertex 26.409984588623047 -5.613615036010742 0.17499923706054688
      vertex 20.741455078125 -3.285122871398926 0.17499923706054688
    endloop
  endfacet
  facet normal 0 0 1
    outer loop
      vertex 18.711135864257812 9.53380012512207 0.17499923706054688
      vertex 24.057174682617188 12.257742881774902 0.17499923706054688
      vertex 23.382686614990234 13.5 0.17499923706054688
    endloop
  endfacet
  facet normal 0 0 1
    outer loop
      vertex 26.409984588623047 -5.613615036010742 0.17499923706054688
      vertex 20.541099548339844 -4.366145133972168 0.17499923706054688
      vertex 26.079998016357422 -6.9881134033203125 0.17499923706054688
    endloop
  endfacet
  facet normal 0 0 1
    outer loop
      vertex 18.186532974243164 10.5 0.17499923706054688
      vertex 23.382686614990234 13.5 0.17499923706054688
      vertex 22.64410400390625 14.705253601074219 0.17499923706054688
    endloop
  endfacet
  facet normal 0 0 1
    outer loop
      vertex 20.284442901611328 -5.435199737548828 0.17499923706054688
      vertex 26.079998016357422 -6.9881134033203125 0.17499923706054688
      vertex 20.541099548339844 -4.366145133972168 0.17499923706054688
    endloop
  endfacet
  facet normal 0 0 1
    outer loop
      vertex 17.61208152770996 11.437418937683105 0.17499923706054688
      vertex 22.64410400390625 14.705253601074219 0.17499923706054688
      vertex 21.84345817565918 15.870201110839844 0.17499923706054688
    endloop
  endfacet
  facet normal 0 0 1
    outer loop
      vertex 26.079998016357422 -6.9881134033203125 0.17499923706054688
      vertex 20.284442901611328 -5.435199737548828 0.17499923706054688
      vertex 25.678525924682617 -8.34345817565918 0.17499923706054688
    endloop
  endfacet
  facet normal 0 0 1
    outer loop
      vertex 19.972187042236328 -6.48935604095459 0.17499923706054688
      vertex 25.678525924682617 -8.34345817565918 0.17499923706054688
      vertex 20.284442901611328 -5.435199737548828 0.17499923706054688
    endloop
  endfacet
  facet normal 0 0 1
    outer loop
      vertex 16.989356994628906 12.343489646911621 0.17499923706054688
      vertex 21.84345817565918 15.870201110839844 0.17499923706054688
      vertex 20.982940673828125 16.991649627685547 0.17499923706054688
    endloop
  endfacet
  facet normal 0 0 1
    outer loop
      vertex 26.962997436523438 1.4130706787109375 0.17499923706054688
      vertex 20.971220016479492 1.0990543365478516 0.17499923706054688
      vertex 21 0 0.17499923706054688
    endloop
  endfacet
  facet normal 0 0 1
    outer loop
      vertex 26.85209083557129 2.822268486022949 0.17499923706054688
      vertex 20.884960174560547 2.195096969604492 0.17499923706054688
      vertex 20.971220016479492 1.0990543365478516 0.17499923706054688
    endloop
  endfacet
  facet normal 0 0 1
    outer loop
      vertex 26.667583465576172 4.223730087280273 0.17499923706054688
      vertex 20.741455078125 3.285122871398926 0.17499923706054688
      vertex 20.884960174560547 2.195096969604492 0.17499923706054688
    endloop
  endfacet
  facet normal 0 0 1
    outer loop
      vertex 26.409984588623047 5.613615036010742 0.17499923706054688
      vertex 20.541099548339844 4.366145133972168 0.17499923706054688
      vertex 20.741455078125 3.285122871398926 0.17499923706054688
    endloop
  endfacet
  facet normal 0 0 1
    outer loop
      vertex 26.079998016357422 6.9881134033203125 0.17499923706054688
      vertex 20.284442901611328 5.435199737548828 0.17499923706054688
      vertex 20.541099548339844 4.366145133972168 0.17499923706054688
    endloop
  endfacet
  facet normal 0 0 1
    outer loop
      vertex 16.320064544677734 13.215727806091309 0.17499923706054688
      vertex 20.982940673828125 16.991649627685547 0.17499923706054688
      vertex 20.064910888671875 18.066524505615234 0.17499923706054688
    endloop
  endfacet
  facet normal 0 0 1
    outer loop
      vertex 25.678525924682617 8.34345817565918 0.17499923706054688
      vertex 19.972187042236328 6.48935604095459 0.17499923706054688
      vertex 20.284442901611328 5.435199737548828 0.17499923706054688
    endloop
  endfacet
  facet normal 0 0 1
    outer loop
      vertex 25.2066707611084 9.675933837890625 0.17499923706054688
      vertex 19.605188369750977 7.525726318359375 0.17499923706054688
      vertex 19.972187042236328 6.48935604095459 0.17499923706054688
    endloop
  endfacet
  facet normal 0 0 1
    outer loop
      vertex 24.665725708007812 10.981888771057129 0.17499923706054688
      vertex 19.1844539642334 8.541468620300293 0.17499923706054688
      vertex 19.605188369750977 7.525726318359375 0.17499923706054688
    endloop
  endfacet
  facet normal 0 0 1
    outer loop
      vertex 15.606040954589844 14.051742553710938 0.17499923706054688
      vertex 20.064910888671875 18.066524505615234 0.17499923706054688
      vertex 19.091882705688477 19.091882705688477 0.17499923706054688
    endloop
  endfacet
  facet normal 0 0 1
    outer loop
      vertex 24.057174682617188 12.257742881774902 0.17499923706054688
      vertex 18.711135864257812 9.53380012512207 0.17499923706054688
      vertex 19.1844539642334 8.541468620300293 0.17499923706054688
    endloop
  endfacet
  facet normal 0 0 1
    outer loop
      vertex 23.382686614990234 13.5 0.17499923706054688
      vertex 18.186532974243164 10.5 0.17499923706054688
      vertex 18.711135864257812 9.53380012512207 0.17499923706054688
    endloop
  endfacet
  facet normal 0 0 1
    outer loop
      vertex 14.849242210388184 14.849242210388184 0.17499923706054688
      vertex 19.091882705688477 19.091882705688477 0.17499923706054688
      vertex 18.066524505615234 20.064910888671875 0.17499923706054688
    endloop
  endfacet
  facet normal 0 0 1
    outer loop
      vertex 22.64410400390625 14.705253601074219 0.17499923706054688
      vertex 17.61208152770996 11.437418937683105 0.17499923706054688
      vertex 18.186532974243164 10.5 0.17499923706054688
    endloop
  endfacet
  facet normal 0 0 1
    outer loop
      vertex 14.051742553710938 15.606040954589844 0.17499923706054688
      vertex 18.066524505615234 20.064910888671875 0.17499923706054688
      vertex 16.991649627685547 20.982940673828125 0.17499923706054688
    endloop
  endfacet
  facet normal 0 0 1
    outer loop
      vertex 21.84345817565918 15.870201110839844 0.17499923706054688
      vertex 16.989356994628906 12.343489646911621 0.17499923706054688
      vertex 17.61208152770996 11.437418937683105 0.17499923706054688
    endloop
  endfacet
  facet normal 0 0 1
    outer loop
      vertex 20.982940673828125 16.991649627685547 0.17499923706054688
      vertex 16.320064544677734 13.215727806091309 0.17499923706054688
      vertex 16.989356994628906 12.343489646911621 0.17499923706054688
    endloop
  endfacet
  facet normal 0 0 1
    outer loop
      vertex 13.215727806091309 16.320064544677734 0.17499923706054688
      vertex 16.991649627685547 20.982940673828125 0.17499923706054688
      vertex 15.870201110839844 21.84345817565918 0.17499923706054688
    endloop
  endfacet
  facet normal 0 0 1
    outer loop
      vertex 20.064910888671875 18.066524505615234 0.17499923706054688
      vertex 15.606040954589844 14.051742553710938 0.17499923706054688
      vertex 16.320064544677734 13.215727806091309 0.17499923706054688
    endloop
  endfacet
  facet normal 0 0 1
    outer loop
      vertex 19.091882705688477 19.091882705688477 0.17499923706054688
      vertex 14.849242210388184 14.849242210388184 0.17499923706054688
      vertex 15.606040954589844 14.051742553710938 0.17499923706054688
    endloop
  endfacet
  facet normal 0 0 1
    outer loop
      vertex 12.343489646911621 16.989356994628906 0.17499923706054688
      vertex 15.870201110839844 21.84345817565918 0.17499923706054688
      vertex 14.705253601074219 22.64410400390625 0.17499923706054688
    endloop
  endfacet
  facet normal 0 0 1
    outer loop
      vertex 18.066524505615234 20.064910888671875 0.17499923706054688
      vertex 14.051742553710938 15.606040954589844 0.17499923706054688
      vertex 14.849242210388184 14.849242210388184 0.17499923706054688
    endloop
  endfacet
  facet normal 0 0 1
    outer loop
      vertex 11.437418937683105 17.61208152770996 0.17499923706054688
      vertex 14.705253601074219 22.64410400390625 0.17499923706054688
      vertex 13.5 23.382686614990234 0.17499923706054688
    endloop
  endfacet
  facet normal 0 0 1
    outer loop
      vertex 16.991649627685547 20.982940673828125 0.17499923706054688
      vertex 13.215727806091309 16.320064544677734 0.17499923706054688
      vertex 14.051742553710938 15.606040954589844 0.17499923706054688
    endloop
  endfacet
  facet normal 0 0 1
    outer loop
      vertex 15.870201110839844 21.84345817565918 0.17499923706054688
      vertex 12.343489646911621 16.989356994628906 0.17499923706054688
      vertex 13.215727806091309 16.320064544677734 0.17499923706054688
    endloop
  endfacet
  facet normal 0 0 1
    outer loop
      vertex 10.5 18.186532974243164 0.17499923706054688
      vertex 13.5 23.382686614990234 0.17499923706054688
      vertex 12.257742881774902 24.057174682617188 0.17499923706054688
    endloop
  endfacet
  facet normal 0 0 1
    outer loop
      vertex 14.705253601074219 22.64410400390625 0.17499923706054688
      vertex 11.437418937683105 17.61208152770996 0.17499923706054688
      vertex 12.343489646911621 16.989356994628906 0.17499923706054688
    endloop
  endfacet
  facet normal 0 0 1
    outer loop
      vertex 9.53380012512207 18.711135864257812 0.17499923706054688
      vertex 12.257742881774902 24.057174682617188 0.17499923706054688
      vertex 10.981888771057129 24.665725708007812 0.17499923706054688
    endloop
  endfacet
  facet normal 0 0 1
    outer loop
      vertex 13.5 23.382686614990234 0.17499923706054688
      vertex 10.5 18.186532974243164 0.17499923706054688
      vertex 11.437418937683105 17.61208152770996 0.17499923706054688
    endloop
  endfacet
  facet normal 0 0 1
    outer loop
      vertex 8.541468620300293 19.1844539642334 0.17499923706054688
      vertex 10.981888771057129 24.665725708007812 0.17499923706054688
      vertex 9.675933837890625 25.2066707611084 0.17499923706054688
    endloop
  endfacet
  facet normal 0 0 1
    outer loop
      vertex 12.257742881774902 24.057174682617188 0.17499923706054688
      vertex 9.53380012512207 18.711135864257812 0.17499923706054688
      vertex 10.5 18.186532974243164 0.17499923706054688
    endloop
  endfacet
  facet normal 0 0 1
    outer loop
      vertex 10.981888771057129 24.665725708007812 0.17499923706054688
      vertex 8.541468620300293 19.1844539642334 0.17499923706054688
      vertex 9.53380012512207 18.711135864257812 0.17499923706054688
    endloop
  endfacet
  facet normal 0 0 1
    outer loop
      vertex 7.525726318359375 19.605188369750977 0.17499923706054688
      vertex 9.675933837890625 25.2066707611084 0.17499923706054688
      vertex 8.34345817565918 25.678525924682617 0.17499923706054688
    endloop
  endfacet
  facet normal 0 0 1
    outer loop
      vertex 9.675933837890625 25.2066707611084 0.17499923706054688
      vertex 7.525726318359375 19.605188369750977 0.17499923706054688
      vertex 8.541468620300293 19.1844539642334 0.17499923706054688
    endloop
  endfacet
  facet normal 0 0 1
    outer loop
      vertex 6.48935604095459 19.972187042236328 0.17499923706054688
      vertex 8.34345817565918 25.678525924682617 0.17499923706054688
      vertex 6.9881134033203125 26.079998016357422 0.17499923706054688
    endloop
  endfacet
  facet normal 0 0 1
    outer loop
      vertex 8.34345817565918 25.678525924682617 0.17499923706054688
      vertex 6.48935604095459 19.972187042236328 0.17499923706054688
      vertex 7.525726318359375 19.605188369750977 0.17499923706054688
    endloop
  endfacet
  facet normal 0 0 1
    outer loop
      vertex 5.435199737548828 20.284442901611328 0.17499923706054688
      vertex 6.9881134033203125 26.079998016357422 0.17499923706054688
      vertex 5.613615036010742 26.409984588623047 0.17499923706054688
    endloop
  endfacet
  facet normal 0 0 1
    outer loop
      vertex 6.9881134033203125 26.079998016357422 0.17499923706054688
      vertex 5.435199737548828 20.284442901611328 0.17499923706054688
      vertex 6.48935604095459 19.972187042236328 0.17499923706054688
    endloop
  endfacet
  facet normal 0 0 1
    outer loop
      vertex 5.613615036010742 26.409984588623047 0.17499923706054688
      vertex 4.366145133972168 20.541099548339844 0.17499923706054688
      vertex 5.435199737548828 20.284442901611328 0.17499923706054688
    endloop
  endfacet
  facet normal 0 0 1
    outer loop
      vertex 4.223730087280273 26.667583465576172 0.17499923706054688
      vertex 4.366145133972168 20.541099548339844 0.17499923706054688
      vertex 5.613615036010742 26.409984588623047 0.17499923706054688
    endloop
  endfacet
  facet normal 0 0 1
    outer loop
      vertex 4.223730087280273 26.667583465576172 0.17499923706054688
      vertex 3.285122871398926 20.741455078125 0.17499923706054688
      vertex 4.366145133972168 20.541099548339844 0.17499923706054688
    endloop
  endfacet
  facet normal 0 0 1
    outer loop
      vertex 2.822268486022949 26.85209083557129 0.17499923706054688
      vertex 3.285122871398926 20.741455078125 0.17499923706054688
      vertex 4.223730087280273 26.667583465576172 0.17499923706054688
    endloop
  endfacet
  facet normal 0 0 1
    outer loop
      vertex 2.822268486022949 26.85209083557129 0.17499923706054688
      vertex 2.195096969604492 20.884960174560547 0.17499923706054688
      vertex 3.285122871398926 20.741455078125 0.17499923706054688
    endloop
  endfacet
  facet normal 0 0 1
    outer loop
      vertex 1.4130706787109375 26.962997436523438 0.17499923706054688
      vertex 2.195096969604492 20.884960174560547 0.17499923706054688
      vertex 2.822268486022949 26.85209083557129 0.17499923706054688
    endloop
  endfacet
  facet normal 0 0 1
    outer loop
      vertex 1.4130706787109375 26.962997436523438 0.17499923706054688
      vertex 1.0990543365478516 20.971220016479492 0.17499923706054688
      vertex 2.195096969604492 20.884960174560547 0.17499923706054688
    endloop
  endfacet
  facet normal 0 0 1
    outer loop
      vertex 0 27 0.17499923706054688
      vertex 1.0990543365478516 20.971220016479492 0.17499923706054688
      vertex 1.4130706787109375 26.962997436523438 0.17499923706054688
    endloop
  endfacet
  facet normal 0 0 1
    outer loop
      vertex 0 27 0.17499923706054688
      vertex 0 21 0.17499923706054688
      vertex 1.0990543365478516 20.971220016479492 0.17499923706054688
    endloop
  endfacet
  facet normal 0 0 1
    outer loop
      vertex 0 27 0.17499923706054688
      vertex -1.0990543365478516 20.971220016479492 0.17499923706054688
      vertex 0 21 0.17499923706054688
    endloop
  endfacet
  facet normal 0 0 1
    outer loop
      vertex -1.4130706787109375 26.962997436523438 0.17499923706054688
      vertex -1.0990543365478516 20.971220016479492 0.17499923706054688
      vertex 0 27 0.17499923706054688
    endloop
  endfacet
  facet normal 0 0 1
    outer loop
      vertex -1.4130706787109375 26.962997436523438 0.17499923706054688
      vertex -2.195096969604492 20.884960174560547 0.17499923706054688
      vertex -1.0990543365478516 20.971220016479492 0.17499923706054688
    endloop
  endfacet
  facet normal 0 0 1
    outer loop
      vertex -2.822268486022949 26.85209083557129 0.17499923706054688
      vertex -2.195096969604492 20.884960174560547 0.17499923706054688
      vertex -1.4130706787109375 26.962997436523438 0.17499923706054688
    endloop
  endfacet
  facet normal 0 0 1
    outer loop
      vertex -2.822268486022949 26.85209083557129 0.17499923706054688
      vertex -3.285122871398926 20.741455078125 0.17499923706054688
      vertex -2.195096969604492 20.884960174560547 0.17499923706054688
    endloop
  endfacet
  facet normal 0 0 1
    outer loop
      vertex -4.223730087280273 26.667583465576172 0.17499923706054688
      vertex -3.285122871398926 20.741455078125 0.17499923706054688
      vertex -2.822268486022949 26.85209083557129 0.17499923706054688
    endloop
  endfacet
  facet normal 0 0 1
    outer loop
      vertex -4.223730087280273 26.667583465576172 0.17499923706054688
      vertex -4.366145133972168 20.541099548339844 0.17499923706054688
      vertex -3.285122871398926 20.741455078125 0.17499923706054688
    endloop
  endfacet
  facet normal 0 0 1
    outer loop
      vertex -5.613615036010742 26.409984588623047 0.17499923706054688
      vertex -4.366145133972168 20.541099548339844 0.17499923706054688
      vertex -4.223730087280273 26.667583465576172 0.17499923706054688
    endloop
  endfacet
  facet normal 0 0 1
    outer loop
      vertex -4.366145133972168 20.541099548339844 0.17499923706054688
      vertex -5.613615036010742 26.409984588623047 0.17499923706054688
      vertex -5.435199737548828 20.284442901611328 0.17499923706054688
    endloop
  endfacet
  facet normal 0 0 1
    outer loop
      vertex -6.9881134033203125 26.079998016357422 0.17499923706054688
      vertex -5.435199737548828 20.284442901611328 0.17499923706054688
      vertex -5.613615036010742 26.409984588623047 0.17499923706054688
    endloop
  endfacet
  facet normal 0 0 1
    outer loop
      vertex -5.435199737548828 20.284442901611328 0.17499923706054688
      vertex -6.9881134033203125 26.079998016357422 0.17499923706054688
      vertex -6.48935604095459 19.972187042236328 0.17499923706054688
    endloop
  endfacet
  facet normal 0 0 1
    outer loop
      vertex -8.34345817565918 25.678525924682617 0.17499923706054688
      vertex -6.48935604095459 19.972187042236328 0.17499923706054688
      vertex -6.9881134033203125 26.079998016357422 0.17499923706054688
    endloop
  endfacet
  facet normal 0 0 1
    outer loop
      vertex -6.48935604095459 19.972187042236328 0.17499923706054688
      vertex -8.34345817565918 25.678525924682617 0.17499923706054688
      vertex -7.525726318359375 19.605188369750977 0.17499923706054688
    endloop
  endfacet
  facet normal 0 0 1
    outer loop
      vertex -9.675933837890625 25.2066707611084 0.17499923706054688
      vertex -7.525726318359375 19.605188369750977 0.17499923706054688
      vertex -8.34345817565918 25.678525924682617 0.17499923706054688
    endloop
  endfacet
  facet normal 0 0 1
    outer loop
      vertex -7.525726318359375 19.605188369750977 0.17499923706054688
      vertex -9.675933837890625 25.2066707611084 0.17499923706054688
      vertex -8.541468620300293 19.1844539642334 0.17499923706054688
    endloop
  endfacet
  facet normal 0 0 1
    outer loop
      vertex -10.981888771057129 24.665725708007812 0.17499923706054688
      vertex -8.541468620300293 19.1844539642334 0.17499923706054688
      vertex -9.675933837890625 25.2066707611084 0.17499923706054688
    endloop
  endfacet
  facet normal 0 0 1
    outer loop
      vertex -8.541468620300293 19.1844539642334 0.17499923706054688
      vertex -10.981888771057129 24.665725708007812 0.17499923706054688
      vertex -9.53380012512207 18.711135864257812 0.17499923706054688
    endloop
  endfacet
  facet normal 0 0 1
    outer loop
      vertex -12.257742881774902 24.057174682617188 0.17499923706054688
      vertex -9.53380012512207 18.711135864257812 0.17499923706054688
      vertex -10.981888771057129 24.665725708007812 0.17499923706054688
    endloop
  endfacet
  facet normal 0 0 1
    outer loop
      vertex -9.53380012512207 18.711135864257812 0.17499923706054688
      vertex -12.257742881774902 24.057174682617188 0.17499923706054688
      vertex -10.5 18.186532974243164 0.17499923706054688
    endloop
  endfacet
  facet normal 0 0 1
    outer loop
      vertex -13.5 23.382686614990234 0.17499923706054688
      vertex -10.5 18.186532974243164 0.17499923706054688
      vertex -12.257742881774902 24.057174682617188 0.17499923706054688
    endloop
  endfacet
  facet normal 0 0 1
    outer loop
      vertex -10.5 18.186532974243164 0.17499923706054688
      vertex -13.5 23.382686614990234 0.17499923706054688
      vertex -11.437418937683105 17.61208152770996 0.17499923706054688
    endloop
  endfacet
  facet normal 0 0 1
    outer loop
      vertex -14.705253601074219 22.64410400390625 0.17499923706054688
      vertex -11.437418937683105 17.61208152770996 0.17499923706054688
      vertex -13.5 23.382686614990234 0.17499923706054688
    endloop
  endfacet
  facet normal 0 0 1
    outer loop
      vertex -11.437418937683105 17.61208152770996 0.17499923706054688
      vertex -14.705253601074219 22.64410400390625 0.17499923706054688
      vertex -12.343489646911621 16.989356994628906 0.17499923706054688
    endloop
  endfacet
  facet normal 0 0 1
    outer loop
      vertex -15.870201110839844 21.84345817565918 0.17499923706054688
      vertex -12.343489646911621 16.989356994628906 0.17499923706054688
      vertex -14.705253601074219 22.64410400390625 0.17499923706054688
    endloop
  endfacet
  facet normal 0 0 1
    outer loop
      vertex -12.343489646911621 16.989356994628906 0.17499923706054688
      vertex -15.870201110839844 21.84345817565918 0.17499923706054688
      vertex -13.215727806091309 16.320064544677734 0.17499923706054688
    endloop
  endfacet
  facet normal 0 0 1
    outer loop
      vertex -16.991649627685547 20.982940673828125 0.17499923706054688
      vertex -13.215727806091309 16.320064544677734 0.17499923706054688
      vertex -15.870201110839844 21.84345817565918 0.17499923706054688
    endloop
  endfacet
  facet normal 0 0 1
    outer loop
      vertex -13.215727806091309 16.320064544677734 0.17499923706054688
      vertex -16.991649627685547 20.982940673828125 0.17499923706054688
      vertex -14.051742553710938 15.606040954589844 0.17499923706054688
    endloop
  endfacet
  facet normal 0 0 1
    outer loop
      vertex -18.066524505615234 20.064910888671875 0.17499923706054688
      vertex -14.051742553710938 15.606040954589844 0.17499923706054688
      vertex -16.991649627685547 20.982940673828125 0.17499923706054688
    endloop
  endfacet
  facet normal 0 0 1
    outer loop
      vertex -14.051742553710938 15.606040954589844 0.17499923706054688
      vertex -18.066524505615234 20.064910888671875 0.17499923706054688
      vertex -14.849242210388184 14.849242210388184 0.17499923706054688
    endloop
  endfacet
  facet normal 0 0 1
    outer loop
      vertex -19.091882705688477 19.091882705688477 0.17499923706054688
      vertex -14.849242210388184 14.849242210388184 0.17499923706054688
      vertex -18.066524505615234 20.064910888671875 0.17499923706054688
    endloop
  endfacet
  facet normal 0 0 1
    outer loop
      vertex -14.849242210388184 14.849242210388184 0.17499923706054688
      vertex -19.091882705688477 19.091882705688477 0.17499923706054688
      vertex -15.606040954589844 14.051742553710938 0.17499923706054688
    endloop
  endfacet
  facet normal 0 0 1
    outer loop
      vertex -20.064910888671875 18.066524505615234 0.17499923706054688
      vertex -15.606040954589844 14.051742553710938 0.17499923706054688
      vertex -19.091882705688477 19.091882705688477 0.17499923706054688
    endloop
  endfacet
  facet normal 0 0 1
    outer loop
      vertex -15.606040954589844 14.051742553710938 0.17499923706054688
      vertex -20.064910888671875 18.066524505615234 0.17499923706054688
      vertex -16.320064544677734 13.215727806091309 0.17499923706054688
    endloop
  endfacet
  facet normal 0 0 1
    outer loop
      vertex -20.982940673828125 16.991649627685547 0.17499923706054688
      vertex -16.320064544677734 13.215727806091309 0.17499923706054688
      vertex -20.064910888671875 18.066524505615234 0.17499923706054688
    endloop
  endfacet
  facet normal 0 0 1
    outer loop
      vertex -16.320064544677734 13.215727806091309 0.17499923706054688
      vertex -20.982940673828125 16.991649627685547 0.17499923706054688
      vertex -16.989356994628906 12.343489646911621 0.17499923706054688
    endloop
  endfacet
  facet normal 0 0 1
    outer loop
      vertex -21.84345817565918 15.870201110839844 0.17499923706054688
      vertex -16.989356994628906 12.343489646911621 0.17499923706054688
      vertex -20.982940673828125 16.991649627685547 0.17499923706054688
    endloop
  endfacet
  facet normal 0 0 1
    outer loop
      vertex -16.989356994628906 12.343489646911621 0.17499923706054688
      vertex -21.84345817565918 15.870201110839844 0.17499923706054688
      vertex -17.61208152770996 11.437418937683105 0.17499923706054688
    endloop
  endfacet
  facet normal 0 0 1
    outer loop
      vertex -22.64410400390625 14.705253601074219 0.17499923706054688
      vertex -17.61208152770996 11.437418937683105 0.17499923706054688
      vertex -21.84345817565918 15.870201110839844 0.17499923706054688
    endloop
  endfacet
  facet normal 0 0 1
    outer loop
      vertex -17.61208152770996 11.437418937683105 0.17499923706054688
      vertex -22.64410400390625 14.705253601074219 0.17499923706054688
      vertex -18.186532974243164 10.5 0.17499923706054688
    endloop
  endfacet
  facet normal 0 0 1
    outer loop
      vertex -23.382686614990234 13.5 0.17499923706054688
      vertex -18.186532974243164 10.5 0.17499923706054688
      vertex -22.64410400390625 14.705253601074219 0.17499923706054688
    endloop
  endfacet
  facet normal 0 0 1
    outer loop
      vertex -18.186532974243164 10.5 0.17499923706054688
      vertex -23.382686614990234 13.5 0.17499923706054688
      vertex -18.711135864257812 9.53380012512207 0.17499923706054688
    endloop
  endfacet
  facet normal 0 0 1
    outer loop
      vertex -24.057174682617188 12.257742881774902 0.17499923706054688
      vertex -18.711135864257812 9.53380012512207 0.17499923706054688
      vertex -23.382686614990234 13.5 0.17499923706054688
    endloop
  endfacet
  facet normal 0 0 1
    outer loop
      vertex -18.711135864257812 9.53380012512207 0.17499923706054688
      vertex -24.057174682617188 12.257742881774902 0.17499923706054688
      vertex -19.1844539642334 8.541468620300293 0.17499923706054688
    endloop
  endfacet
  facet normal 0 0 1
    outer loop
      vertex -24.665725708007812 10.981888771057129 0.17499923706054688
      vertex -19.1844539642334 8.541468620300293 0.17499923706054688
      vertex -24.057174682617188 12.257742881774902 0.17499923706054688
    endloop
  endfacet
  facet normal 0 0 1
    outer loop
      vertex -19.1844539642334 8.541468620300293 0.17499923706054688
      vertex -24.665725708007812 10.981888771057129 0.17499923706054688
      vertex -19.605188369750977 7.525726318359375 0.17499923706054688
    endloop
  endfacet
  facet normal 0 0 1
    outer loop
      vertex -25.2066707611084 9.675933837890625 0.17499923706054688
      vertex -19.605188369750977 7.525726318359375 0.17499923706054688
      vertex -24.665725708007812 10.981888771057129 0.17499923706054688
    endloop
  endfacet
  facet normal 0 0 1
    outer loop
      vertex -19.605188369750977 7.525726318359375 0.17499923706054688
      vertex -25.2066707611084 9.675933837890625 0.17499923706054688
      vertex -19.972187042236328 6.48935604095459 0.17499923706054688
    endloop
  endfacet
  facet normal 0 0 1
    outer loop
      vertex -25.678525924682617 8.34345817565918 0.17499923706054688
      vertex -19.972187042236328 6.48935604095459 0.17499923706054688
      vertex -25.2066707611084 9.675933837890625 0.17499923706054688
    endloop
  endfacet
  facet normal 0 0 1
    outer loop
      vertex 25.678525924682617 -8.34345817565918 0.17499923706054688
      vertex 19.972187042236328 -6.48935604095459 0.17499923706054688
      vertex 25.2066707611084 -9.675933837890625 0.17499923706054688
    endloop
  endfacet
  facet normal 0 0 1
    outer loop
      vertex 19.605188369750977 -7.525726318359375 0.17499923706054688
      vertex 25.2066707611084 -9.675933837890625 0.17499923706054688
      vertex 19.972187042236328 -6.48935604095459 0.17499923706054688
    endloop
  endfacet
  facet normal 0 0 1
    outer loop
      vertex 25.2066707611084 -9.675933837890625 0.17499923706054688
      vertex 19.605188369750977 -7.525726318359375 0.17499923706054688
      vertex 24.665725708007812 -10.981888771057129 0.17499923706054688
    endloop
  endfacet
  facet normal 0 0 1
    outer loop
      vertex 19.1844539642334 -8.541468620300293 0.17499923706054688
      vertex 24.665725708007812 -10.981888771057129 0.17499923706054688
      vertex 19.605188369750977 -7.525726318359375 0.17499923706054688
    endloop
  endfacet
  facet normal 0 0 1
    outer loop
      vertex 24.665725708007812 -10.981888771057129 0.17499923706054688
      vertex 19.1844539642334 -8.541468620300293 0.17499923706054688
      vertex 24.057174682617188 -12.257742881774902 0.17499923706054688
    endloop
  endfacet
  facet normal 0 0 1
    outer loop
      vertex 18.711135864257812 -9.53380012512207 0.17499923706054688
      vertex 24.057174682617188 -12.257742881774902 0.17499923706054688
      vertex 19.1844539642334 -8.541468620300293 0.17499923706054688
    endloop
  endfacet
  facet normal 0 0 1
    outer loop
      vertex 24.057174682617188 -12.257742881774902 0.17499923706054688
      vertex 18.711135864257812 -9.53380012512207 0.17499923706054688
      vertex 23.382686614990234 -13.5 0.17499923706054688
    endloop
  endfacet
  facet normal 0 0 1
    outer loop
      vertex 18.186532974243164 -10.5 0.17499923706054688
      vertex 23.382686614990234 -13.5 0.17499923706054688
      vertex 18.711135864257812 -9.53380012512207 0.17499923706054688
    endloop
  endfacet
  facet normal 0 0 1
    outer loop
      vertex 23.382686614990234 -13.5 0.17499923706054688
      vertex 18.186532974243164 -10.5 0.17499923706054688
      vertex 22.64410400390625 -14.705253601074219 0.17499923706054688
    endloop
  endfacet
  facet normal 0 0 1
    outer loop
      vertex 17.61208152770996 -11.437418937683105 0.17499923706054688
      vertex 22.64410400390625 -14.705253601074219 0.17499923706054688
      vertex 18.186532974243164 -10.5 0.17499923706054688
    endloop
  endfacet
  facet normal 0 0 1
    outer loop
      vertex 22.64410400390625 -14.705253601074219 0.17499923706054688
      vertex 17.61208152770996 -11.437418937683105 0.17499923706054688
      vertex 21.84345817565918 -15.870201110839844 0.17499923706054688
    endloop
  endfacet
  facet normal 0 0 1
    outer loop
      vertex 16.989356994628906 -12.343489646911621 0.17499923706054688
      vertex 21.84345817565918 -15.870201110839844 0.17499923706054688
      vertex 17.61208152770996 -11.437418937683105 0.17499923706054688
    endloop
  endfacet
  facet normal 0 0 1
    outer loop
      vertex 21.84345817565918 -15.870201110839844 0.17499923706054688
      vertex 16.989356994628906 -12.343489646911621 0.17499923706054688
      vertex 20.982940673828125 -16.991649627685547 0.17499923706054688
    endloop
  endfacet
  facet normal 0 0 1
    outer loop
      vertex 16.320064544677734 -13.215727806091309 0.17499923706054688
      vertex 20.982940673828125 -16.991649627685547 0.17499923706054688
      vertex 16.989356994628906 -12.343489646911621 0.17499923706054688
    endloop
  endfacet
  facet normal 0 0 1
    outer loop
      vertex 20.982940673828125 -16.991649627685547 0.17499923706054688
      vertex 16.320064544677734 -13.215727806091309 0.17499923706054688
      vertex 20.064910888671875 -18.066524505615234 0.17499923706054688
    endloop
  endfacet
  facet normal 0 0 1
    outer loop
      vertex 15.606040954589844 -14.051742553710938 0.17499923706054688
      vertex 20.064910888671875 -18.066524505615234 0.17499923706054688
      vertex 16.320064544677734 -13.215727806091309 0.17499923706054688
    endloop
  endfacet
  facet normal 0 0 1
    outer loop
      vertex 20.064910888671875 -18.066524505615234 0.17499923706054688
      vertex 15.606040954589844 -14.051742553710938 0.17499923706054688
      vertex 19.091882705688477 -19.091882705688477 0.17499923706054688
    endloop
  endfacet
  facet normal 0 0 1
    outer loop
      vertex 14.849242210388184 -14.849242210388184 0.17499923706054688
      vertex 19.091882705688477 -19.091882705688477 0.17499923706054688
      vertex 15.606040954589844 -14.051742553710938 0.17499923706054688
    endloop
  endfacet
  facet normal 0 0 1
    outer loop
      vertex 19.091882705688477 -19.091882705688477 0.17499923706054688
      vertex 14.849242210388184 -14.849242210388184 0.17499923706054688
      vertex 18.066524505615234 -20.064910888671875 0.17499923706054688
    endloop
  endfacet
  facet normal 0 0 1
    outer loop
      vertex 14.051742553710938 -15.606040954589844 0.17499923706054688
      vertex 18.066524505615234 -20.064910888671875 0.17499923706054688
      vertex 14.849242210388184 -14.849242210388184 0.17499923706054688
    endloop
  endfacet
  facet normal 0 0 1
    outer loop
      vertex 18.066524505615234 -20.064910888671875 0.17499923706054688
      vertex 14.051742553710938 -15.606040954589844 0.17499923706054688
      vertex 16.991649627685547 -20.982940673828125 0.17499923706054688
    endloop
  endfacet
  facet normal 0 0 1
    outer loop
      vertex 13.215727806091309 -16.320064544677734 0.17499923706054688
      vertex 16.991649627685547 -20.982940673828125 0.17499923706054688
      vertex 14.051742553710938 -15.606040954589844 0.17499923706054688
    endloop
  endfacet
  facet normal 0 0 1
    outer loop
      vertex 16.991649627685547 -20.982940673828125 0.17499923706054688
      vertex 13.215727806091309 -16.320064544677734 0.17499923706054688
      vertex 15.870201110839844 -21.84345817565918 0.17499923706054688
    endloop
  endfacet
  facet normal 0 0 1
    outer loop
      vertex 12.343489646911621 -16.989356994628906 0.17499923706054688
      vertex 15.870201110839844 -21.84345817565918 0.17499923706054688
      vertex 13.215727806091309 -16.320064544677734 0.17499923706054688
    endloop
  endfacet
  facet normal 0 0 1
    outer loop
      vertex 15.870201110839844 -21.84345817565918 0.17499923706054688
      vertex 12.343489646911621 -16.989356994628906 0.17499923706054688
      vertex 14.705253601074219 -22.64410400390625 0.17499923706054688
    endloop
  endfacet
  facet normal 0 0 1
    outer loop
      vertex 11.437418937683105 -17.61208152770996 0.17499923706054688
      vertex 14.705253601074219 -22.64410400390625 0.17499923706054688
      vertex 12.343489646911621 -16.989356994628906 0.17499923706054688
    endloop
  endfacet
  facet normal 0 0 1
    outer loop
      vertex 14.705253601074219 -22.64410400390625 0.17499923706054688
      vertex 11.437418937683105 -17.61208152770996 0.17499923706054688
      vertex 13.5 -23.382686614990234 0.17499923706054688
    endloop
  endfacet
  facet normal 0 0 1
    outer loop
      vertex 10.5 -18.186532974243164 0.17499923706054688
      vertex 13.5 -23.382686614990234 0.17499923706054688
      vertex 11.437418937683105 -17.61208152770996 0.17499923706054688
    endloop
  endfacet
  facet normal 0 0 1
    outer loop
      vertex 13.5 -23.382686614990234 0.17499923706054688
      vertex 10.5 -18.186532974243164 0.17499923706054688
      vertex 12.257742881774902 -24.057174682617188 0.17499923706054688
    endloop
  endfacet
  facet normal 0 0 1
    outer loop
      vertex 9.53380012512207 -18.711135864257812 0.17499923706054688
      vertex 12.257742881774902 -24.057174682617188 0.17499923706054688
      vertex 10.5 -18.186532974243164 0.17499923706054688
    endloop
  endfacet
  facet normal 0 0 1
    outer loop
      vertex 12.257742881774902 -24.057174682617188 0.17499923706054688
      vertex 9.53380012512207 -18.711135864257812 0.17499923706054688
      vertex 10.981888771057129 -24.665725708007812 0.17499923706054688
    endloop
  endfacet
  facet normal 0 0 1
    outer loop
      vertex 8.541468620300293 -19.1844539642334 0.17499923706054688
      vertex 10.981888771057129 -24.665725708007812 0.17499923706054688
      vertex 9.53380012512207 -18.711135864257812 0.17499923706054688
    endloop
  endfacet
  facet normal 0 0 1
    outer loop
      vertex 10.981888771057129 -24.665725708007812 0.17499923706054688
      vertex 8.541468620300293 -19.1844539642334 0.17499923706054688
      vertex 9.675933837890625 -25.2066707611084 0.17499923706054688
    endloop
  endfacet
  facet normal 0 0 1
    outer loop
      vertex 7.525726318359375 -19.605188369750977 0.17499923706054688
      vertex 9.675933837890625 -25.2066707611084 0.17499923706054688
      vertex 8.541468620300293 -19.1844539642334 0.17499923706054688
    endloop
  endfacet
  facet normal 0 0 1
    outer loop
      vertex 9.675933837890625 -25.2066707611084 0.17499923706054688
      vertex 7.525726318359375 -19.605188369750977 0.17499923706054688
      vertex 8.34345817565918 -25.678525924682617 0.17499923706054688
    endloop
  endfacet
  facet normal 0 0 1
    outer loop
      vertex 6.48935604095459 -19.972187042236328 0.17499923706054688
      vertex 8.34345817565918 -25.678525924682617 0.17499923706054688
      vertex 7.525726318359375 -19.605188369750977 0.17499923706054688
    endloop
  endfacet
  facet normal 0 0 1
    outer loop
      vertex 8.34345817565918 -25.678525924682617 0.17499923706054688
      vertex 6.48935604095459 -19.972187042236328 0.17499923706054688
      vertex 6.9881134033203125 -26.079998016357422 0.17499923706054688
    endloop
  endfacet
  facet normal 0 0 1
    outer loop
      vertex 5.435199737548828 -20.284442901611328 0.17499923706054688
      vertex 6.9881134033203125 -26.079998016357422 0.17499923706054688
      vertex 6.48935604095459 -19.972187042236328 0.17499923706054688
    endloop
  endfacet
  facet normal 0 0 1
    outer loop
      vertex 6.9881134033203125 -26.079998016357422 0.17499923706054688
      vertex 5.435199737548828 -20.284442901611328 0.17499923706054688
      vertex 5.613615036010742 -26.409984588623047 0.17499923706054688
    endloop
  endfacet
  facet normal 0 0 1
    outer loop
      vertex 4.366145133972168 -20.541099548339844 0.17499923706054688
      vertex 5.613615036010742 -26.409984588623047 0.17499923706054688
      vertex 5.435199737548828 -20.284442901611328 0.17499923706054688
    endloop
  endfacet
  facet normal 0 0 1
    outer loop
      vertex 4.366145133972168 -20.541099548339844 0.17499923706054688
      vertex 4.223730087280273 -26.667583465576172 0.17499923706054688
      vertex 5.613615036010742 -26.409984588623047 0.17499923706054688
    endloop
  endfacet
  facet normal 0 0 1
    outer loop
      vertex 3.285122871398926 -20.741455078125 0.17499923706054688
      vertex 4.223730087280273 -26.667583465576172 0.17499923706054688
      vertex 4.366145133972168 -20.541099548339844 0.17499923706054688
    endloop
  endfacet
  facet normal 0 0 1
    outer loop
      vertex 3.285122871398926 -20.741455078125 0.17499923706054688
      vertex 2.822268486022949 -26.85209083557129 0.17499923706054688
      vertex 4.223730087280273 -26.667583465576172 0.17499923706054688
    endloop
  endfacet
  facet normal 0 0 1
    outer loop
      vertex 2.195096969604492 -20.884960174560547 0.17499923706054688
      vertex 2.822268486022949 -26.85209083557129 0.17499923706054688
      vertex 3.285122871398926 -20.741455078125 0.17499923706054688
    endloop
  endfacet
  facet normal 0 0 1
    outer loop
      vertex 2.195096969604492 -20.884960174560547 0.17499923706054688
      vertex 1.4130706787109375 -26.962997436523438 0.17499923706054688
      vertex 2.822268486022949 -26.85209083557129 0.17499923706054688
    endloop
  endfacet
  facet normal 0 0 1
    outer loop
      vertex 1.0990543365478516 -20.971220016479492 0.17499923706054688
      vertex 1.4130706787109375 -26.962997436523438 0.17499923706054688
      vertex 2.195096969604492 -20.884960174560547 0.17499923706054688
    endloop
  endfacet
  facet normal 0 0 1
    outer loop
      vertex 0 -21 0.17499923706054688
      vertex 1.4130706787109375 -26.962997436523438 0.17499923706054688
      vertex 1.0990543365478516 -20.971220016479492 0.17499923706054688
    endloop
  endfacet
  facet normal 0 0 1
    outer loop
      vertex 0 -21 0.17499923706054688
      vertex 0 -27 0.17499923706054688
      vertex 1.4130706787109375 -26.962997436523438 0.17499923706054688
    endloop
  endfacet
  facet normal 0 0 1
    outer loop
      vertex -1.0990543365478516 -20.971220016479492 0.17499923706054688
      vertex 0 -27 0.17499923706054688
      vertex 0 -21 0.17499923706054688
    endloop
  endfacet
  facet normal 0 0 1
    outer loop
      vertex -1.0990543365478516 -20.971220016479492 0.17499923706054688
      vertex -1.4130706787109375 -26.962997436523438 0.17499923706054688
      vertex 0 -27 0.17499923706054688
    endloop
  endfacet
  facet normal 0 0 1
    outer loop
      vertex -2.195096969604492 -20.884960174560547 0.17499923706054688
      vertex -1.4130706787109375 -26.962997436523438 0.17499923706054688
      vertex -1.0990543365478516 -20.971220016479492 0.17499923706054688
    endloop
  endfacet
  facet normal 0 0 1
    outer loop
      vertex -2.195096969604492 -20.884960174560547 0.17499923706054688
      vertex -2.822268486022949 -26.85209083557129 0.17499923706054688
      vertex -1.4130706787109375 -26.962997436523438 0.17499923706054688
    endloop
  endfacet
  facet normal 0 0 1
    outer loop
      vertex -3.285122871398926 -20.741455078125 0.17499923706054688
      vertex -2.822268486022949 -26.85209083557129 0.17499923706054688
      vertex -2.195096969604492 -20.884960174560547 0.17499923706054688
    endloop
  endfacet
  facet normal 0 0 1
    outer loop
      vertex -3.285122871398926 -20.741455078125 0.17499923706054688
      vertex -4.223730087280273 -26.667583465576172 0.17499923706054688
      vertex -2.822268486022949 -26.85209083557129 0.17499923706054688
    endloop
  endfacet
  facet normal 0 0 1
    outer loop
      vertex -4.366145133972168 -20.541099548339844 0.17499923706054688
      vertex -4.223730087280273 -26.667583465576172 0.17499923706054688
      vertex -3.285122871398926 -20.741455078125 0.17499923706054688
    endloop
  endfacet
  facet normal 0 0 1
    outer loop
      vertex -5.613615036010742 -26.409984588623047 0.17499923706054688
      vertex -4.366145133972168 -20.541099548339844 0.17499923706054688
      vertex -5.435199737548828 -20.284442901611328 0.17499923706054688
    endloop
  endfacet
  facet normal 0 0 1
    outer loop
      vertex -4.366145133972168 -20.541099548339844 0.17499923706054688
      vertex -5.613615036010742 -26.409984588623047 0.17499923706054688
      vertex -4.223730087280273 -26.667583465576172 0.17499923706054688
    endloop
  endfacet
  facet normal 0 0 1
    outer loop
      vertex -6.9881134033203125 -26.079998016357422 0.17499923706054688
      vertex -5.435199737548828 -20.284442901611328 0.17499923706054688
      vertex -6.48935604095459 -19.972187042236328 0.17499923706054688
    endloop
  endfacet
  facet normal 0 0 1
    outer loop
      vertex -5.435199737548828 -20.284442901611328 0.17499923706054688
      vertex -6.9881134033203125 -26.079998016357422 0.17499923706054688
      vertex -5.613615036010742 -26.409984588623047 0.17499923706054688
    endloop
  endfacet
  facet normal 0 0 1
    outer loop
      vertex -8.34345817565918 -25.678525924682617 0.17499923706054688
      vertex -6.48935604095459 -19.972187042236328 0.17499923706054688
      vertex -7.525726318359375 -19.605188369750977 0.17499923706054688
    endloop
  endfacet
  facet normal 0 0 1
    outer loop
      vertex -6.48935604095459 -19.972187042236328 0.17499923706054688
      vertex -8.34345817565918 -25.678525924682617 0.17499923706054688
      vertex -6.9881134033203125 -26.079998016357422 0.17499923706054688
    endloop
  endfacet
  facet normal 0 0 1
    outer loop
      vertex -9.675933837890625 -25.2066707611084 0.17499923706054688
      vertex -7.525726318359375 -19.605188369750977 0.17499923706054688
      vertex -8.541468620300293 -19.1844539642334 0.17499923706054688
    endloop
  endfacet
  facet normal 0 0 1
    outer loop
      vertex -10.981888771057129 -24.665725708007812 0.17499923706054688
      vertex -8.541468620300293 -19.1844539642334 0.17499923706054688
      vertex -9.53380012512207 -18.711135864257812 0.17499923706054688
    endloop
  endfacet
  facet normal 0 0 1
    outer loop
      vertex -7.525726318359375 -19.605188369750977 0.17499923706054688
      vertex -9.675933837890625 -25.2066707611084 0.17499923706054688
      vertex -8.34345817565918 -25.678525924682617 0.17499923706054688
    endloop
  endfacet
  facet normal 0 0 1
    outer loop
      vertex -12.257742881774902 -24.057174682617188 0.17499923706054688
      vertex -9.53380012512207 -18.711135864257812 0.17499923706054688
      vertex -10.5 -18.186532974243164 0.17499923706054688
    endloop
  endfacet
  facet normal 0 0 1
    outer loop
      vertex -8.541468620300293 -19.1844539642334 0.17499923706054688
      vertex -10.981888771057129 -24.665725708007812 0.17499923706054688
      vertex -9.675933837890625 -25.2066707611084 0.17499923706054688
    endloop
  endfacet
  facet normal 0 0 1
    outer loop
      vertex -13.5 -23.382686614990234 0.17499923706054688
      vertex -10.5 -18.186532974243164 0.17499923706054688
      vertex -11.437418937683105 -17.61208152770996 0.17499923706054688
    endloop
  endfacet
  facet normal 0 0 1
    outer loop
      vertex -9.53380012512207 -18.711135864257812 0.17499923706054688
      vertex -12.257742881774902 -24.057174682617188 0.17499923706054688
      vertex -10.981888771057129 -24.665725708007812 0.17499923706054688
    endloop
  endfacet
  facet normal 0 0 1
    outer loop
      vertex -14.705253601074219 -22.64410400390625 0.17499923706054688
      vertex -11.437418937683105 -17.61208152770996 0.17499923706054688
      vertex -12.343489646911621 -16.989356994628906 0.17499923706054688
    endloop
  endfacet
  facet normal 0 0 1
    outer loop
      vertex -15.870201110839844 -21.84345817565918 0.17499923706054688
      vertex -12.343489646911621 -16.989356994628906 0.17499923706054688
      vertex -13.215727806091309 -16.320064544677734 0.17499923706054688
    endloop
  endfacet
  facet normal 0 0 1
    outer loop
      vertex -10.5 -18.186532974243164 0.17499923706054688
      vertex -13.5 -23.382686614990234 0.17499923706054688
      vertex -12.257742881774902 -24.057174682617188 0.17499923706054688
    endloop
  endfacet
  facet normal 0 0 1
    outer loop
      vertex -16.991649627685547 -20.982940673828125 0.17499923706054688
      vertex -13.215727806091309 -16.320064544677734 0.17499923706054688
      vertex -14.051742553710938 -15.606040954589844 0.17499923706054688
    endloop
  endfacet
  facet normal 0 0 1
    outer loop
      vertex -11.437418937683105 -17.61208152770996 0.17499923706054688
      vertex -14.705253601074219 -22.64410400390625 0.17499923706054688
      vertex -13.5 -23.382686614990234 0.17499923706054688
    endloop
  endfacet
  facet normal 0 0 1
    outer loop
      vertex -18.066524505615234 -20.064910888671875 0.17499923706054688
      vertex -14.051742553710938 -15.606040954589844 0.17499923706054688
      vertex -14.849242210388184 -14.849242210388184 0.17499923706054688
    endloop
  endfacet
  facet normal 0 0 1
    outer loop
      vertex -19.091882705688477 -19.091882705688477 0.17499923706054688
      vertex -14.849242210388184 -14.849242210388184 0.17499923706054688
      vertex -15.606040954589844 -14.051742553710938 0.17499923706054688
    endloop
  endfacet
  facet normal 0 0 1
    outer loop
      vertex -12.343489646911621 -16.989356994628906 0.17499923706054688
      vertex -15.870201110839844 -21.84345817565918 0.17499923706054688
      vertex -14.705253601074219 -22.64410400390625 0.17499923706054688
    endloop
  endfacet
  facet normal 0 0 1
    outer loop
      vertex -20.064910888671875 -18.066524505615234 0.17499923706054688
      vertex -15.606040954589844 -14.051742553710938 0.17499923706054688
      vertex -16.320064544677734 -13.215727806091309 0.17499923706054688
    endloop
  endfacet
  facet normal 0 0 1
    outer loop
      vertex -20.982940673828125 -16.991649627685547 0.17499923706054688
      vertex -16.320064544677734 -13.215727806091309 0.17499923706054688
      vertex -16.989356994628906 -12.343489646911621 0.17499923706054688
    endloop
  endfacet
  facet normal 0 0 1
    outer loop
      vertex -13.215727806091309 -16.320064544677734 0.17499923706054688
      vertex -16.991649627685547 -20.982940673828125 0.17499923706054688
      vertex -15.870201110839844 -21.84345817565918 0.17499923706054688
    endloop
  endfacet
  facet normal 0 0 1
    outer loop
      vertex -21.84345817565918 -15.870201110839844 0.17499923706054688
      vertex -16.989356994628906 -12.343489646911621 0.17499923706054688
      vertex -17.61208152770996 -11.437418937683105 0.17499923706054688
    endloop
  endfacet
  facet normal 0 0 1
    outer loop
      vertex -14.051742553710938 -15.606040954589844 0.17499923706054688
      vertex -18.066524505615234 -20.064910888671875 0.17499923706054688
      vertex -16.991649627685547 -20.982940673828125 0.17499923706054688
    endloop
  endfacet
  facet normal 0 0 1
    outer loop
      vertex -22.64410400390625 -14.705253601074219 0.17499923706054688
      vertex -17.61208152770996 -11.437418937683105 0.17499923706054688
      vertex -18.186532974243164 -10.5 0.17499923706054688
    endloop
  endfacet
  facet normal 0 0 1
    outer loop
      vertex -23.382686614990234 -13.5 0.17499923706054688
      vertex -18.186532974243164 -10.5 0.17499923706054688
      vertex -18.711135864257812 -9.53380012512207 0.17499923706054688
    endloop
  endfacet
  facet normal 0 0 1
    outer loop
      vertex -14.849242210388184 -14.849242210388184 0.17499923706054688
      vertex -19.091882705688477 -19.091882705688477 0.17499923706054688
      vertex -18.066524505615234 -20.064910888671875 0.17499923706054688
    endloop
  endfacet
  facet normal 0 0 1
    outer loop
      vertex -24.057174682617188 -12.257742881774902 0.17499923706054688
      vertex -18.711135864257812 -9.53380012512207 0.17499923706054688
      vertex -19.1844539642334 -8.541468620300293 0.17499923706054688
    endloop
  endfacet
  facet normal 0 0 1
    outer loop
      vertex -24.665725708007812 -10.981888771057129 0.17499923706054688
      vertex -19.1844539642334 -8.541468620300293 0.17499923706054688
      vertex -19.605188369750977 -7.525726318359375 0.17499923706054688
    endloop
  endfacet
  facet normal 0 0 1
    outer loop
      vertex -25.2066707611084 -9.675933837890625 0.17499923706054688
      vertex -19.605188369750977 -7.525726318359375 0.17499923706054688
      vertex -19.972187042236328 -6.48935604095459 0.17499923706054688
    endloop
  endfacet
  facet normal 0 0 1
    outer loop
      vertex -15.606040954589844 -14.051742553710938 0.17499923706054688
      vertex -20.064910888671875 -18.066524505615234 0.17499923706054688
      vertex -19.091882705688477 -19.091882705688477 0.17499923706054688
    endloop
  endfacet
  facet normal 0 0 1
    outer loop
      vertex -25.678525924682617 -8.34345817565918 0.17499923706054688
      vertex -19.972187042236328 -6.48935604095459 0.17499923706054688
      vertex -20.284442901611328 -5.435199737548828 0.17499923706054688
    endloop
  endfacet
  facet normal 0 0 1
    outer loop
      vertex -26.079998016357422 -6.9881134033203125 0.17499923706054688
      vertex -20.284442901611328 -5.435199737548828 0.17499923706054688
      vertex -20.541099548339844 -4.366145133972168 0.17499923706054688
    endloop
  endfacet
  facet normal 0 0 1
    outer loop
      vertex -26.409984588623047 -5.613615036010742 0.17499923706054688
      vertex -20.541099548339844 -4.366145133972168 0.17499923706054688
      vertex -20.741455078125 -3.285122871398926 0.17499923706054688
    endloop
  endfacet
  facet normal 0 0 1
    outer loop
      vertex -26.667583465576172 -4.223730087280273 0.17499923706054688
      vertex -20.741455078125 -3.285122871398926 0.17499923706054688
      vertex -20.884960174560547 -2.195096969604492 0.17499923706054688
    endloop
  endfacet
  facet normal 0 0 1
    outer loop
      vertex -26.85209083557129 -2.822268486022949 0.17499923706054688
      vertex -20.884960174560547 -2.195096969604492 0.17499923706054688
      vertex -20.971220016479492 -1.0990543365478516 0.17499923706054688
    endloop
  endfacet
  facet normal 0 0 1
    outer loop
      vertex -16.320064544677734 -13.215727806091309 0.17499923706054688
      vertex -20.982940673828125 -16.991649627685547 0.17499923706054688
      vertex -20.064910888671875 -18.066524505615234 0.17499923706054688
    endloop
  endfacet
  facet normal 0 0 1
    outer loop
      vertex -26.962997436523438 -1.4130706787109375 0.17499923706054688
      vertex -20.971220016479492 -1.0990543365478516 0.17499923706054688
      vertex -21 0 0.17499923706054688
    endloop
  endfacet
  facet normal 0 0 1
    outer loop
      vertex -19.972187042236328 6.48935604095459 0.17499923706054688
      vertex -25.678525924682617 8.34345817565918 0.17499923706054688
      vertex -20.284442901611328 5.435199737548828 0.17499923706054688
    endloop
  endfacet
  facet normal 0 0 1
    outer loop
      vertex -16.989356994628906 -12.343489646911621 0.17499923706054688
      vertex -21.84345817565918 -15.870201110839844 0.17499923706054688
      vertex -20.982940673828125 -16.991649627685547 0.17499923706054688
    endloop
  endfacet
  facet normal 0 0 1
    outer loop
      vertex -26.079998016357422 6.9881134033203125 0.17499923706054688
      vertex -20.284442901611328 5.435199737548828 0.17499923706054688
      vertex -25.678525924682617 8.34345817565918 0.17499923706054688
    endloop
  endfacet
  facet normal 0 0 1
    outer loop
      vertex -17.61208152770996 -11.437418937683105 0.17499923706054688
      vertex -22.64410400390625 -14.705253601074219 0.17499923706054688
      vertex -21.84345817565918 -15.870201110839844 0.17499923706054688
    endloop
  endfacet
  facet normal 0 0 1
    outer loop
      vertex -20.284442901611328 5.435199737548828 0.17499923706054688
      vertex -26.079998016357422 6.9881134033203125 0.17499923706054688
      vertex -20.541099548339844 4.366145133972168 0.17499923706054688
    endloop
  endfacet
  facet normal 0 0 1
    outer loop
      vertex -18.186532974243164 -10.5 0.17499923706054688
      vertex -23.382686614990234 -13.5 0.17499923706054688
      vertex -22.64410400390625 -14.705253601074219 0.17499923706054688
    endloop
  endfacet
  facet normal 0 0 1
    outer loop
      vertex -26.409984588623047 5.613615036010742 0.17499923706054688
      vertex -20.541099548339844 4.366145133972168 0.17499923706054688
      vertex -26.079998016357422 6.9881134033203125 0.17499923706054688
    endloop
  endfacet
  facet normal 0 0 1
    outer loop
      vertex -18.711135864257812 -9.53380012512207 0.17499923706054688
      vertex -24.057174682617188 -12.257742881774902 0.17499923706054688
      vertex -23.382686614990234 -13.5 0.17499923706054688
    endloop
  endfacet
  facet normal 0 0 1
    outer loop
      vertex -20.541099548339844 4.366145133972168 0.17499923706054688
      vertex -26.409984588623047 5.613615036010742 0.17499923706054688
      vertex -20.741455078125 3.285122871398926 0.17499923706054688
    endloop
  endfacet
  facet normal 0 0 1
    outer loop
      vertex -19.1844539642334 -8.541468620300293 0.17499923706054688
      vertex -24.665725708007812 -10.981888771057129 0.17499923706054688
      vertex -24.057174682617188 -12.257742881774902 0.17499923706054688
    endloop
  endfacet
  facet normal 0 0 1
    outer loop
      vertex -26.667583465576172 4.223730087280273 0.17499923706054688
      vertex -20.741455078125 3.285122871398926 0.17499923706054688
      vertex -26.409984588623047 5.613615036010742 0.17499923706054688
    endloop
  endfacet
  facet normal 0 0 1
    outer loop
      vertex -19.605188369750977 -7.525726318359375 0.17499923706054688
      vertex -25.2066707611084 -9.675933837890625 0.17499923706054688
      vertex -24.665725708007812 -10.981888771057129 0.17499923706054688
    endloop
  endfacet
  facet normal 0 0 1
    outer loop
      vertex -20.741455078125 3.285122871398926 0.17499923706054688
      vertex -26.667583465576172 4.223730087280273 0.17499923706054688
      vertex -20.884960174560547 2.195096969604492 0.17499923706054688
    endloop
  endfacet
  facet normal 0 0 1
    outer loop
      vertex -19.972187042236328 -6.48935604095459 0.17499923706054688
      vertex -25.678525924682617 -8.34345817565918 0.17499923706054688
      vertex -25.2066707611084 -9.675933837890625 0.17499923706054688
    endloop
  endfacet
  facet normal 0 0 1
    outer loop
      vertex -26.85209083557129 2.822268486022949 0.17499923706054688
      vertex -20.884960174560547 2.195096969604492 0.17499923706054688
      vertex -26.667583465576172 4.223730087280273 0.17499923706054688
    endloop
  endfacet
  facet normal 0 0 1
    outer loop
      vertex -20.284442901611328 -5.435199737548828 0.17499923706054688
      vertex -26.079998016357422 -6.9881134033203125 0.17499923706054688
      vertex -25.678525924682617 -8.34345817565918 0.17499923706054688
    endloop
  endfacet
  facet normal 0 0 1
    outer loop
      vertex -20.884960174560547 2.195096969604492 0.17499923706054688
      vertex -26.85209083557129 2.822268486022949 0.17499923706054688
      vertex -20.971220016479492 1.0990543365478516 0.17499923706054688
    endloop
  endfacet
  facet normal 0 0 1
    outer loop
      vertex -20.541099548339844 -4.366145133972168 0.17499923706054688
      vertex -26.409984588623047 -5.613615036010742 0.17499923706054688
      vertex -26.079998016357422 -6.9881134033203125 0.17499923706054688
    endloop
  endfacet
  facet normal 0 0 1
    outer loop
      vertex -26.962997436523438 1.4130706787109375 0.17499923706054688
      vertex -20.971220016479492 1.0990543365478516 0.17499923706054688
      vertex -26.85209083557129 2.822268486022949 0.17499923706054688
    endloop
  endfacet
  facet normal 0 0 1
    outer loop
      vertex -20.741455078125 -3.285122871398926 0.17499923706054688
      vertex -26.667583465576172 -4.223730087280273 0.17499923706054688
      vertex -26.409984588623047 -5.613615036010742 0.17499923706054688
    endloop
  endfacet
  facet normal 0 0 1
    outer loop
      vertex -20.971220016479492 1.0990543365478516 0.17499923706054688
      vertex -26.962997436523438 1.4130706787109375 0.17499923706054688
      vertex -21 0 0.17499923706054688
    endloop
  endfacet
  facet normal 0 0 1
    outer loop
      vertex -20.884960174560547 -2.195096969604492 0.17499923706054688
      vertex -26.85209083557129 -2.822268486022949 0.17499923706054688
      vertex -26.667583465576172 -4.223730087280273 0.17499923706054688
    endloop
  endfacet
  facet normal 0 0 1
    outer loop
      vertex -27 0 0.17499923706054688
      vertex -21 0 0.17499923706054688
      vertex -26.962997436523438 1.4130706787109375 0.17499923706054688
    endloop
  endfacet
  facet normal 0 0 1
    outer loop
      vertex -20.971220016479492 -1.0990543365478516 0.17499923706054688
      vertex -26.962997436523438 -1.4130706787109375 0.17499923706054688
      vertex -26.85209083557129 -2.822268486022949 0.17499923706054688
    endloop
  endfacet
  facet normal 0 0 1
    outer loop
      vertex -21 0 0.17499923706054688
      vertex -27 0 0.17499923706054688
      vertex -26.962997436523438 -1.4130706787109375 0.17499923706054688
    endloop
  endfacet
  facet normal 0.9426413165425199 -0.333807352146391 0
    outer loop
      vertex 25.2066707611084 -9.675933837890625 0.17499923706054688
      vertex 25.678525924682617 -8.34345817565918 -0.17499923706054688
      vertex 25.678525924682617 -8.34345817565918 0.17499923706054688
    endloop
  endfacet
  facet normal 0.9426413165425199 -0.333807352146391 0
    outer loop
      vertex 25.678525924682617 -8.34345817565918 -0.17499923706054688
      vertex 25.2066707611084 -9.675933837890625 0.17499923706054688
      vertex 25.2066707611084 -9.675933837890625 -0.17499923706054688
    endloop
  endfacet
  facet normal -0.026176952204674333 0.9996573248735159 0
    outer loop
      vertex 0 27 -0.17499923706054688
      vertex -1.4130706787109375 26.962997436523438 0.17499923706054688
      vertex 0 27 0.17499923706054688
    endloop
  endfacet
  facet normal -0.026176952204674333 0.9996573248735159 0
    outer loop
      vertex -1.4130706787109375 26.962997436523438 0.17499923706054688
      vertex 0 27 -0.17499923706054688
      vertex -1.4130706787109375 26.962997436523438 -0.17499923706054688
    endloop
  endfacet
  facet normal 0.23344450091884902 -0.9723701275701293 0
    outer loop
      vertex 5.613615036010742 -26.409984588623047 -0.17499923706054688
      vertex 6.9881134033203125 -26.079998016357422 0.17499923706054688
      vertex 5.613615036010742 -26.409984588623047 0.17499923706054688
    endloop
  endfacet
  facet normal 0.23344450091884902 -0.9723701275701293 0
    outer loop
      vertex 6.9881134033203125 -26.079998016357422 0.17499923706054688
      vertex 5.613615036010742 -26.409984588623047 -0.17499923706054688
      vertex 6.9881134033203125 -26.079998016357422 -0.17499923706054688
    endloop
  endfacet
  facet normal 0.4305109995749562 -0.9025853307277777 0
    outer loop
      vertex 10.981888771057129 -24.665725708007812 -0.17499923706054688
      vertex 12.257742881774902 -24.057174682617188 0.17499923706054688
      vertex 10.981888771057129 -24.665725708007812 0.17499923706054688
    endloop
  endfacet
  facet normal 0.4305109995749562 -0.9025853307277777 0
    outer loop
      vertex 12.257742881774902 -24.057174682617188 0.17499923706054688
      vertex 10.981888771057129 -24.665725708007812 -0.17499923706054688
      vertex 12.257742881774902 -24.057174682617188 -0.17499923706054688
    endloop
  endfacet
  facet normal -0.9969173155690884 -0.07845932652351033 0
    outer loop
      vertex -26.85209083557129 -2.822268486022949 -0.17499923706054688
      vertex -26.962997436523438 -1.4130706787109375 0.17499923706054688
      vertex -26.962997436523438 -1.4130706787109375 -0.17499923706054688
    endloop
  endfacet
  facet normal -0.9969173155690884 -0.07845932652351033 0
    outer loop
      vertex -26.962997436523438 -1.4130706787109375 0.17499923706054688
      vertex -26.85209083557129 -2.822268486022949 -0.17499923706054688
      vertex -26.85209083557129 -2.822268486022949 0.17499923706054688
    endloop
  endfacet
  facet normal -0.07845932652351033 -0.9969173155690884 0
    outer loop
      vertex -2.822268486022949 -26.85209083557129 -0.17499923706054688
      vertex -1.4130706787109375 -26.962997436523438 0.17499923706054688
      vertex -2.822268486022949 -26.85209083557129 0.17499923706054688
    endloop
  endfacet
  facet normal -0.07845932652351033 -0.9969173155690884 0
    outer loop
      vertex -1.4130706787109375 -26.962997436523438 0.17499923706054688
      vertex -2.822268486022949 -26.85209083557129 -0.17499923706054688
      vertex -1.4130706787109375 -26.962997436523438 -0.17499923706054688
    endloop
  endfacet
  facet normal 0.7604059961251076 0.6494480125899091 0
    outer loop
      vertex 20.982940673828125 16.991649627685547 0.17499923706054688
      vertex 20.064910888671875 18.066524505615234 -0.17499923706054688
      vertex 20.064910888671875 18.066524505615234 0.17499923706054688
    endloop
  endfacet
  facet normal 0.7604059961251076 0.6494480125899091 0
    outer loop
      vertex 20.064910888671875 18.066524505615234 -0.17499923706054688
      vertex 20.982940673828125 16.991649627685547 0.17499923706054688
      vertex 20.982940673828125 16.991649627685547 -0.17499923706054688
    endloop
  endfacet
  facet normal 0.8788178587817583 0.47715738607533403 0
    outer loop
      vertex 24.057174682617188 12.257742881774902 0.17499923706054688
      vertex 23.382686614990234 13.5 -0.17499923706054688
      vertex 23.382686614990234 13.5 0.17499923706054688
    endloop
  endfacet
  facet normal 0.8788178587817583 0.47715738607533403 0
    outer loop
      vertex 23.382686614990234 13.5 -0.17499923706054688
      vertex 24.057174682617188 12.257742881774902 0.17499923706054688
      vertex 24.057174682617188 12.257742881774902 -0.17499923706054688
    endloop
  endfacet
  facet normal -0.8241263249997889 0.5664060384938903 0
    outer loop
      vertex -22.64410400390625 14.705253601074219 -0.17499923706054688
      vertex -21.84345817565918 15.870201110839844 0.17499923706054688
      vertex -21.84345817565918 15.870201110839844 -0.17499923706054688
    endloop
  endfacet
  facet normal -0.8241263249997889 0.5664060384938903 0
    outer loop
      vertex -21.84345817565918 15.870201110839844 0.17499923706054688
      vertex -22.64410400390625 14.705253601074219 -0.17499923706054688
      vertex -22.64410400390625 14.705253601074219 0.17499923706054688
    endloop
  endfacet
  facet normal -0.18223479229940553 0.9832550434529144 0
    outer loop
      vertex -4.223730087280273 26.667583465576172 -0.17499923706054688
      vertex -5.613615036010742 26.409984588623047 0.17499923706054688
      vertex -4.223730087280273 26.667583465576172 0.17499923706054688
    endloop
  endfacet
  facet normal -0.18223479229940553 0.9832550434529144 0
    outer loop
      vertex -5.613615036010742 26.409984588623047 0.17499923706054688
      vertex -4.223730087280273 26.667583465576172 -0.17499923706054688
      vertex -5.613615036010742 26.409984588623047 -0.17499923706054688
    endloop
  endfacet
  facet normal -0.7604059961251076 0.6494480125899091 0
    outer loop
      vertex -20.982940673828125 16.991649627685547 -0.17499923706054688
      vertex -20.064910888671875 18.066524505615234 0.17499923706054688
      vertex -20.064910888671875 18.066524505615234 -0.17499923706054688
    endloop
  endfacet
  facet normal -0.7604059961251076 0.6494480125899091 0
    outer loop
      vertex -20.064910888671875 18.066524505615234 0.17499923706054688
      vertex -20.982940673828125 16.991649627685547 -0.17499923706054688
      vertex -20.982940673828125 16.991649627685547 0.17499923706054688
    endloop
  endfacet
  facet normal -0.5224997241779591 -0.8526394538337742 0
    outer loop
      vertex -14.705253601074219 -22.64410400390625 -0.17499923706054688
      vertex -13.5 -23.382686614990234 0.17499923706054688
      vertex -14.705253601074219 -22.64410400390625 0.17499923706054688
    endloop
  endfacet
  facet normal -0.5224997241779591 -0.8526394538337742 0
    outer loop
      vertex -13.5 -23.382686614990234 0.17499923706054688
      vertex -14.705253601074219 -22.64410400390625 -0.17499923706054688
      vertex -13.5 -23.382686614990234 -0.17499923706054688
    endloop
  endfacet
  facet normal 0.9025853307277777 -0.4305109995749562 0
    outer loop
      vertex 24.057174682617188 -12.257742881774902 0.17499923706054688
      vertex 24.665725708007812 -10.981888771057129 -0.17499923706054688
      vertex 24.665725708007812 -10.981888771057129 0.17499923706054688
    endloop
  endfacet
  facet normal 0.9025853307277777 -0.4305109995749562 0
    outer loop
      vertex 24.665725708007812 -10.981888771057129 -0.17499923706054688
      vertex 24.057174682617188 -12.257742881774902 0.17499923706054688
      vertex 24.057174682617188 -12.257742881774902 -0.17499923706054688
    endloop
  endfacet
  facet normal 0 0 -1
    outer loop
      vertex 21 0 -0.17499923706054688
      vertex 27 0 -0.17499923706054688
      vertex 26.962997436523438 -1.4130706787109375 -0.17499923706054688
    endloop
  endfacet
  facet normal 0 0 -1
    outer loop
      vertex 20.971220016479492 -1.0990543365478516 -0.17499923706054688
      vertex 26.962997436523438 -1.4130706787109375 -0.17499923706054688
      vertex 26.85209083557129 -2.822268486022949 -0.17499923706054688
    endloop
  endfacet
  facet normal 0 0 -1
    outer loop
      vertex 27 0 -0.17499923706054688
      vertex 21 0 -0.17499923706054688
      vertex 26.962997436523438 1.4130706787109375 -0.17499923706054688
    endloop
  endfacet
  facet normal 0 0 -1
    outer loop
      vertex 20.884960174560547 -2.195096969604492 -0.17499923706054688
      vertex 26.85209083557129 -2.822268486022949 -0.17499923706054688
      vertex 26.667583465576172 -4.223730087280273 -0.17499923706054688
    endloop
  endfacet
  facet normal 0 0 -1
    outer loop
      vertex 20.971220016479492 1.0990543365478516 -0.17499923706054688
      vertex 26.962997436523438 1.4130706787109375 -0.17499923706054688
      vertex 21 0 -0.17499923706054688
    endloop
  endfacet
  facet normal 0 0 -1
    outer loop
      vertex 20.741455078125 -3.285122871398926 -0.17499923706054688
      vertex 26.667583465576172 -4.223730087280273 -0.17499923706054688
      vertex 26.409984588623047 -5.613615036010742 -0.17499923706054688
    endloop
  endfacet
  facet normal 0 0 -1
    outer loop
      vertex 26.962997436523438 1.4130706787109375 -0.17499923706054688
      vertex 20.971220016479492 1.0990543365478516 -0.17499923706054688
      vertex 26.85209083557129 2.822268486022949 -0.17499923706054688
    endloop
  endfacet
  facet normal 0 0 -1
    outer loop
      vertex 20.541099548339844 -4.366145133972168 -0.17499923706054688
      vertex 26.409984588623047 -5.613615036010742 -0.17499923706054688
      vertex 26.079998016357422 -6.9881134033203125 -0.17499923706054688
    endloop
  endfacet
  facet normal 0 0 -1
    outer loop
      vertex 20.884960174560547 2.195096969604492 -0.17499923706054688
      vertex 26.85209083557129 2.822268486022949 -0.17499923706054688
      vertex 20.971220016479492 1.0990543365478516 -0.17499923706054688
    endloop
  endfacet
  facet normal 0 0 -1
    outer loop
      vertex 20.284442901611328 -5.435199737548828 -0.17499923706054688
      vertex 26.079998016357422 -6.9881134033203125 -0.17499923706054688
      vertex 25.678525924682617 -8.34345817565918 -0.17499923706054688
    endloop
  endfacet
  facet normal 0 0 -1
    outer loop
      vertex 26.85209083557129 2.822268486022949 -0.17499923706054688
      vertex 20.884960174560547 2.195096969604492 -0.17499923706054688
      vertex 26.667583465576172 4.223730087280273 -0.17499923706054688
    endloop
  endfacet
  facet normal 0 0 -1
    outer loop
      vertex 19.972187042236328 -6.48935604095459 -0.17499923706054688
      vertex 25.678525924682617 -8.34345817565918 -0.17499923706054688
      vertex 25.2066707611084 -9.675933837890625 -0.17499923706054688
    endloop
  endfacet
  facet normal 0 0 -1
    outer loop
      vertex 20.741455078125 3.285122871398926 -0.17499923706054688
      vertex 26.667583465576172 4.223730087280273 -0.17499923706054688
      vertex 20.884960174560547 2.195096969604492 -0.17499923706054688
    endloop
  endfacet
  facet normal 0 0 -1
    outer loop
      vertex 19.605188369750977 -7.525726318359375 -0.17499923706054688
      vertex 25.2066707611084 -9.675933837890625 -0.17499923706054688
      vertex 24.665725708007812 -10.981888771057129 -0.17499923706054688
    endloop
  endfacet
  facet normal 0 0 -1
    outer loop
      vertex 26.667583465576172 4.223730087280273 -0.17499923706054688
      vertex 20.741455078125 3.285122871398926 -0.17499923706054688
      vertex 26.409984588623047 5.613615036010742 -0.17499923706054688
    endloop
  endfacet
  facet normal 0 0 -1
    outer loop
      vertex 19.1844539642334 -8.541468620300293 -0.17499923706054688
      vertex 24.665725708007812 -10.981888771057129 -0.17499923706054688
      vertex 24.057174682617188 -12.257742881774902 -0.17499923706054688
    endloop
  endfacet
  facet normal 0 0 -1
    outer loop
      vertex 20.541099548339844 4.366145133972168 -0.17499923706054688
      vertex 26.409984588623047 5.613615036010742 -0.17499923706054688
      vertex 20.741455078125 3.285122871398926 -0.17499923706054688
    endloop
  endfacet
  facet normal 0 0 -1
    outer loop
      vertex 18.711135864257812 -9.53380012512207 -0.17499923706054688
      vertex 24.057174682617188 -12.257742881774902 -0.17499923706054688
      vertex 23.382686614990234 -13.5 -0.17499923706054688
    endloop
  endfacet
  facet normal 0 0 -1
    outer loop
      vertex 26.409984588623047 5.613615036010742 -0.17499923706054688
      vertex 20.541099548339844 4.366145133972168 -0.17499923706054688
      vertex 26.079998016357422 6.9881134033203125 -0.17499923706054688
    endloop
  endfacet
  facet normal 0 0 -1
    outer loop
      vertex 18.186532974243164 -10.5 -0.17499923706054688
      vertex 23.382686614990234 -13.5 -0.17499923706054688
      vertex 22.64410400390625 -14.705253601074219 -0.17499923706054688
    endloop
  endfacet
  facet normal 0 0 -1
    outer loop
      vertex 20.284442901611328 5.435199737548828 -0.17499923706054688
      vertex 26.079998016357422 6.9881134033203125 -0.17499923706054688
      vertex 20.541099548339844 4.366145133972168 -0.17499923706054688
    endloop
  endfacet
  facet normal 0 0 -1
    outer loop
      vertex 17.61208152770996 -11.437418937683105 -0.17499923706054688
      vertex 22.64410400390625 -14.705253601074219 -0.17499923706054688
      vertex 21.84345817565918 -15.870201110839844 -0.17499923706054688
    endloop
  endfacet
  facet normal 0 0 -1
    outer loop
      vertex 26.079998016357422 6.9881134033203125 -0.17499923706054688
      vertex 20.284442901611328 5.435199737548828 -0.17499923706054688
      vertex 25.678525924682617 8.34345817565918 -0.17499923706054688
    endloop
  endfacet
  facet normal 0 0 -1
    outer loop
      vertex 19.972187042236328 6.48935604095459 -0.17499923706054688
      vertex 25.678525924682617 8.34345817565918 -0.17499923706054688
      vertex 20.284442901611328 5.435199737548828 -0.17499923706054688
    endloop
  endfacet
  facet normal 0 0 -1
    outer loop
      vertex 16.989356994628906 -12.343489646911621 -0.17499923706054688
      vertex 21.84345817565918 -15.870201110839844 -0.17499923706054688
      vertex 20.982940673828125 -16.991649627685547 -0.17499923706054688
    endloop
  endfacet
  facet normal 0 0 -1
    outer loop
      vertex 26.962997436523438 -1.4130706787109375 -0.17499923706054688
      vertex 20.971220016479492 -1.0990543365478516 -0.17499923706054688
      vertex 21 0 -0.17499923706054688
    endloop
  endfacet
  facet normal 0 0 -1
    outer loop
      vertex 26.85209083557129 -2.822268486022949 -0.17499923706054688
      vertex 20.884960174560547 -2.195096969604492 -0.17499923706054688
      vertex 20.971220016479492 -1.0990543365478516 -0.17499923706054688
    endloop
  endfacet
  facet normal 0 0 -1
    outer loop
      vertex 26.667583465576172 -4.223730087280273 -0.17499923706054688
      vertex 20.741455078125 -3.285122871398926 -0.17499923706054688
      vertex 20.884960174560547 -2.195096969604492 -0.17499923706054688
    endloop
  endfacet
  facet normal 0 0 -1
    outer loop
      vertex 26.409984588623047 -5.613615036010742 -0.17499923706054688
      vertex 20.541099548339844 -4.366145133972168 -0.17499923706054688
      vertex 20.741455078125 -3.285122871398926 -0.17499923706054688
    endloop
  endfacet
  facet normal 0 0 -1
    outer loop
      vertex 26.079998016357422 -6.9881134033203125 -0.17499923706054688
      vertex 20.284442901611328 -5.435199737548828 -0.17499923706054688
      vertex 20.541099548339844 -4.366145133972168 -0.17499923706054688
    endloop
  endfacet
  facet normal 0 0 -1
    outer loop
      vertex 16.320064544677734 -13.215727806091309 -0.17499923706054688
      vertex 20.982940673828125 -16.991649627685547 -0.17499923706054688
      vertex 20.064910888671875 -18.066524505615234 -0.17499923706054688
    endloop
  endfacet
  facet normal 0 0 -1
    outer loop
      vertex 25.678525924682617 -8.34345817565918 -0.17499923706054688
      vertex 19.972187042236328 -6.48935604095459 -0.17499923706054688
      vertex 20.284442901611328 -5.435199737548828 -0.17499923706054688
    endloop
  endfacet
  facet normal 0 0 -1
    outer loop
      vertex 25.2066707611084 -9.675933837890625 -0.17499923706054688
      vertex 19.605188369750977 -7.525726318359375 -0.17499923706054688
      vertex 19.972187042236328 -6.48935604095459 -0.17499923706054688
    endloop
  endfacet
  facet normal 0 0 -1
    outer loop
      vertex 24.665725708007812 -10.981888771057129 -0.17499923706054688
      vertex 19.1844539642334 -8.541468620300293 -0.17499923706054688
      vertex 19.605188369750977 -7.525726318359375 -0.17499923706054688
    endloop
  endfacet
  facet normal 0 0 -1
    outer loop
      vertex 15.606040954589844 -14.051742553710938 -0.17499923706054688
      vertex 20.064910888671875 -18.066524505615234 -0.17499923706054688
      vertex 19.091882705688477 -19.091882705688477 -0.17499923706054688
    endloop
  endfacet
  facet normal 0 0 -1
    outer loop
      vertex 24.057174682617188 -12.257742881774902 -0.17499923706054688
      vertex 18.711135864257812 -9.53380012512207 -0.17499923706054688
      vertex 19.1844539642334 -8.541468620300293 -0.17499923706054688
    endloop
  endfacet
  facet normal 0 0 -1
    outer loop
      vertex 23.382686614990234 -13.5 -0.17499923706054688
      vertex 18.186532974243164 -10.5 -0.17499923706054688
      vertex 18.711135864257812 -9.53380012512207 -0.17499923706054688
    endloop
  endfacet
  facet normal 0 0 -1
    outer loop
      vertex 14.849242210388184 -14.849242210388184 -0.17499923706054688
      vertex 19.091882705688477 -19.091882705688477 -0.17499923706054688
      vertex 18.066524505615234 -20.064910888671875 -0.17499923706054688
    endloop
  endfacet
  facet normal 0 0 -1
    outer loop
      vertex 22.64410400390625 -14.705253601074219 -0.17499923706054688
      vertex 17.61208152770996 -11.437418937683105 -0.17499923706054688
      vertex 18.186532974243164 -10.5 -0.17499923706054688
    endloop
  endfacet
  facet normal 0 0 -1
    outer loop
      vertex 14.051742553710938 -15.606040954589844 -0.17499923706054688
      vertex 18.066524505615234 -20.064910888671875 -0.17499923706054688
      vertex 16.991649627685547 -20.982940673828125 -0.17499923706054688
    endloop
  endfacet
  facet normal 0 0 -1
    outer loop
      vertex 21.84345817565918 -15.870201110839844 -0.17499923706054688
      vertex 16.989356994628906 -12.343489646911621 -0.17499923706054688
      vertex 17.61208152770996 -11.437418937683105 -0.17499923706054688
    endloop
  endfacet
  facet normal 0 0 -1
    outer loop
      vertex 20.982940673828125 -16.991649627685547 -0.17499923706054688
      vertex 16.320064544677734 -13.215727806091309 -0.17499923706054688
      vertex 16.989356994628906 -12.343489646911621 -0.17499923706054688
    endloop
  endfacet
  facet normal 0 0 -1
    outer loop
      vertex 13.215727806091309 -16.320064544677734 -0.17499923706054688
      vertex 16.991649627685547 -20.982940673828125 -0.17499923706054688
      vertex 15.870201110839844 -21.84345817565918 -0.17499923706054688
    endloop
  endfacet
  facet normal 0 0 -1
    outer loop
      vertex 20.064910888671875 -18.066524505615234 -0.17499923706054688
      vertex 15.606040954589844 -14.051742553710938 -0.17499923706054688
      vertex 16.320064544677734 -13.215727806091309 -0.17499923706054688
    endloop
  endfacet
  facet normal 0 0 -1
    outer loop
      vertex 19.091882705688477 -19.091882705688477 -0.17499923706054688
      vertex 14.849242210388184 -14.849242210388184 -0.17499923706054688
      vertex 15.606040954589844 -14.051742553710938 -0.17499923706054688
    endloop
  endfacet
  facet normal 0 0 -1
    outer loop
      vertex 12.343489646911621 -16.989356994628906 -0.17499923706054688
      vertex 15.870201110839844 -21.84345817565918 -0.17499923706054688
      vertex 14.705253601074219 -22.64410400390625 -0.17499923706054688
    endloop
  endfacet
  facet normal 0 0 -1
    outer loop
      vertex 18.066524505615234 -20.064910888671875 -0.17499923706054688
      vertex 14.051742553710938 -15.606040954589844 -0.17499923706054688
      vertex 14.849242210388184 -14.849242210388184 -0.17499923706054688
    endloop
  endfacet
  facet normal 0 0 -1
    outer loop
      vertex 11.437418937683105 -17.61208152770996 -0.17499923706054688
      vertex 14.705253601074219 -22.64410400390625 -0.17499923706054688
      vertex 13.5 -23.382686614990234 -0.17499923706054688
    endloop
  endfacet
  facet normal 0 0 -1
    outer loop
      vertex 16.991649627685547 -20.982940673828125 -0.17499923706054688
      vertex 13.215727806091309 -16.320064544677734 -0.17499923706054688
      vertex 14.051742553710938 -15.606040954589844 -0.17499923706054688
    endloop
  endfacet
  facet normal 0 0 -1
    outer loop
      vertex 15.870201110839844 -21.84345817565918 -0.17499923706054688
      vertex 12.343489646911621 -16.989356994628906 -0.17499923706054688
      vertex 13.215727806091309 -16.320064544677734 -0.17499923706054688
    endloop
  endfacet
  facet normal 0 0 -1
    outer loop
      vertex 10.5 -18.186532974243164 -0.17499923706054688
      vertex 13.5 -23.382686614990234 -0.17499923706054688
      vertex 12.257742881774902 -24.057174682617188 -0.17499923706054688
    endloop
  endfacet
  facet normal 0 0 -1
    outer loop
      vertex 14.705253601074219 -22.64410400390625 -0.17499923706054688
      vertex 11.437418937683105 -17.61208152770996 -0.17499923706054688
      vertex 12.343489646911621 -16.989356994628906 -0.17499923706054688
    endloop
  endfacet
  facet normal 0 0 -1
    outer loop
      vertex 9.53380012512207 -18.711135864257812 -0.17499923706054688
      vertex 12.257742881774902 -24.057174682617188 -0.17499923706054688
      vertex 10.981888771057129 -24.665725708007812 -0.17499923706054688
    endloop
  endfacet
  facet normal 0 0 -1
    outer loop
      vertex 13.5 -23.382686614990234 -0.17499923706054688
      vertex 10.5 -18.186532974243164 -0.17499923706054688
      vertex 11.437418937683105 -17.61208152770996 -0.17499923706054688
    endloop
  endfacet
  facet normal 0 0 -1
    outer loop
      vertex 8.541468620300293 -19.1844539642334 -0.17499923706054688
      vertex 10.981888771057129 -24.665725708007812 -0.17499923706054688
      vertex 9.675933837890625 -25.2066707611084 -0.17499923706054688
    endloop
  endfacet
  facet normal 0 0 -1
    outer loop
      vertex 12.257742881774902 -24.057174682617188 -0.17499923706054688
      vertex 9.53380012512207 -18.711135864257812 -0.17499923706054688
      vertex 10.5 -18.186532974243164 -0.17499923706054688
    endloop
  endfacet
  facet normal 0 0 -1
    outer loop
      vertex 10.981888771057129 -24.665725708007812 -0.17499923706054688
      vertex 8.541468620300293 -19.1844539642334 -0.17499923706054688
      vertex 9.53380012512207 -18.711135864257812 -0.17499923706054688
    endloop
  endfacet
  facet normal 0 0 -1
    outer loop
      vertex 7.525726318359375 -19.605188369750977 -0.17499923706054688
      vertex 9.675933837890625 -25.2066707611084 -0.17499923706054688
      vertex 8.34345817565918 -25.678525924682617 -0.17499923706054688
    endloop
  endfacet
  facet normal 0 0 -1
    outer loop
      vertex 9.675933837890625 -25.2066707611084 -0.17499923706054688
      vertex 7.525726318359375 -19.605188369750977 -0.17499923706054688
      vertex 8.541468620300293 -19.1844539642334 -0.17499923706054688
    endloop
  endfacet
  facet normal 0 0 -1
    outer loop
      vertex 6.48935604095459 -19.972187042236328 -0.17499923706054688
      vertex 8.34345817565918 -25.678525924682617 -0.17499923706054688
      vertex 6.9881134033203125 -26.079998016357422 -0.17499923706054688
    endloop
  endfacet
  facet normal 0 0 -1
    outer loop
      vertex 8.34345817565918 -25.678525924682617 -0.17499923706054688
      vertex 6.48935604095459 -19.972187042236328 -0.17499923706054688
      vertex 7.525726318359375 -19.605188369750977 -0.17499923706054688
    endloop
  endfacet
  facet normal 0 0 -1
    outer loop
      vertex 5.435199737548828 -20.284442901611328 -0.17499923706054688
      vertex 6.9881134033203125 -26.079998016357422 -0.17499923706054688
      vertex 5.613615036010742 -26.409984588623047 -0.17499923706054688
    endloop
  endfacet
  facet normal 0 0 -1
    outer loop
      vertex 6.9881134033203125 -26.079998016357422 -0.17499923706054688
      vertex 5.435199737548828 -20.284442901611328 -0.17499923706054688
      vertex 6.48935604095459 -19.972187042236328 -0.17499923706054688
    endloop
  endfacet
  facet normal 0 0 -1
    outer loop
      vertex 5.613615036010742 -26.409984588623047 -0.17499923706054688
      vertex 4.366145133972168 -20.541099548339844 -0.17499923706054688
      vertex 5.435199737548828 -20.284442901611328 -0.17499923706054688
    endloop
  endfacet
  facet normal 0 0 -1
    outer loop
      vertex 4.223730087280273 -26.667583465576172 -0.17499923706054688
      vertex 4.366145133972168 -20.541099548339844 -0.17499923706054688
      vertex 5.613615036010742 -26.409984588623047 -0.17499923706054688
    endloop
  endfacet
  facet normal 0 0 -1
    outer loop
      vertex 4.223730087280273 -26.667583465576172 -0.17499923706054688
      vertex 3.285122871398926 -20.741455078125 -0.17499923706054688
      vertex 4.366145133972168 -20.541099548339844 -0.17499923706054688
    endloop
  endfacet
  facet normal 0 0 -1
    outer loop
      vertex 2.822268486022949 -26.85209083557129 -0.17499923706054688
      vertex 3.285122871398926 -20.741455078125 -0.17499923706054688
      vertex 4.223730087280273 -26.667583465576172 -0.17499923706054688
    endloop
  endfacet
  facet normal 0 0 -1
    outer loop
      vertex 2.822268486022949 -26.85209083557129 -0.17499923706054688
      vertex 2.195096969604492 -20.884960174560547 -0.17499923706054688
      vertex 3.285122871398926 -20.741455078125 -0.17499923706054688
    endloop
  endfacet
  facet normal 0 0 -1
    outer loop
      vertex 1.4130706787109375 -26.962997436523438 -0.17499923706054688
      vertex 2.195096969604492 -20.884960174560547 -0.17499923706054688
      vertex 2.822268486022949 -26.85209083557129 -0.17499923706054688
    endloop
  endfacet
  facet normal 0 0 -1
    outer loop
      vertex 1.4130706787109375 -26.962997436523438 -0.17499923706054688
      vertex 1.0990543365478516 -20.971220016479492 -0.17499923706054688
      vertex 2.195096969604492 -20.884960174560547 -0.17499923706054688
    endloop
  endfacet
  facet normal 0 0 -1
    outer loop
      vertex 0 -27 -0.17499923706054688
      vertex 1.0990543365478516 -20.971220016479492 -0.17499923706054688
      vertex 1.4130706787109375 -26.962997436523438 -0.17499923706054688
    endloop
  endfacet
  facet normal 0 0 -1
    outer loop
      vertex 0 -27 -0.17499923706054688
      vertex 0 -21 -0.17499923706054688
      vertex 1.0990543365478516 -20.971220016479492 -0.17499923706054688
    endloop
  endfacet
  facet normal 0 0 -1
    outer loop
      vertex 0 -27 -0.17499923706054688
      vertex -1.0990543365478516 -20.971220016479492 -0.17499923706054688
      vertex 0 -21 -0.17499923706054688
    endloop
  endfacet
  facet normal 0 0 -1
    outer loop
      vertex -1.4130706787109375 -26.962997436523438 -0.17499923706054688
      vertex -1.0990543365478516 -20.971220016479492 -0.17499923706054688
      vertex 0 -27 -0.17499923706054688
    endloop
  endfacet
  facet normal 0 0 -1
    outer loop
      vertex -1.4130706787109375 -26.962997436523438 -0.17499923706054688
      vertex -2.195096969604492 -20.884960174560547 -0.17499923706054688
      vertex -1.0990543365478516 -20.971220016479492 -0.17499923706054688
    endloop
  endfacet
  facet normal 0 0 -1
    outer loop
      vertex -2.822268486022949 -26.85209083557129 -0.17499923706054688
      vertex -2.195096969604492 -20.884960174560547 -0.17499923706054688
      vertex -1.4130706787109375 -26.962997436523438 -0.17499923706054688
    endloop
  endfacet
  facet normal 0 0 -1
    outer loop
      vertex -2.822268486022949 -26.85209083557129 -0.17499923706054688
      vertex -3.285122871398926 -20.741455078125 -0.17499923706054688
      vertex -2.195096969604492 -20.884960174560547 -0.17499923706054688
    endloop
  endfacet
  facet normal 0 0 -1
    outer loop
      vertex -4.223730087280273 -26.667583465576172 -0.17499923706054688
      vertex -3.285122871398926 -20.741455078125 -0.17499923706054688
      vertex -2.822268486022949 -26.85209083557129 -0.17499923706054688
    endloop
  endfacet
  facet normal 0 0 -1
    outer loop
      vertex -4.223730087280273 -26.667583465576172 -0.17499923706054688
      vertex -4.366145133972168 -20.541099548339844 -0.17499923706054688
      vertex -3.285122871398926 -20.741455078125 -0.17499923706054688
    endloop
  endfacet
  facet normal 0 0 -1
    outer loop
      vertex -5.613615036010742 -26.409984588623047 -0.17499923706054688
      vertex -4.366145133972168 -20.541099548339844 -0.17499923706054688
      vertex -4.223730087280273 -26.667583465576172 -0.17499923706054688
    endloop
  endfacet
  facet normal 0 0 -1
    outer loop
      vertex -4.366145133972168 -20.541099548339844 -0.17499923706054688
      vertex -5.613615036010742 -26.409984588623047 -0.17499923706054688
      vertex -5.435199737548828 -20.284442901611328 -0.17499923706054688
    endloop
  endfacet
  facet normal 0 0 -1
    outer loop
      vertex -6.9881134033203125 -26.079998016357422 -0.17499923706054688
      vertex -5.435199737548828 -20.284442901611328 -0.17499923706054688
      vertex -5.613615036010742 -26.409984588623047 -0.17499923706054688
    endloop
  endfacet
  facet normal 0 0 -1
    outer loop
      vertex -5.435199737548828 -20.284442901611328 -0.17499923706054688
      vertex -6.9881134033203125 -26.079998016357422 -0.17499923706054688
      vertex -6.48935604095459 -19.972187042236328 -0.17499923706054688
    endloop
  endfacet
  facet normal 0 0 -1
    outer loop
      vertex -8.34345817565918 -25.678525924682617 -0.17499923706054688
      vertex -6.48935604095459 -19.972187042236328 -0.17499923706054688
      vertex -6.9881134033203125 -26.079998016357422 -0.17499923706054688
    endloop
  endfacet
  facet normal 0 0 -1
    outer loop
      vertex -6.48935604095459 -19.972187042236328 -0.17499923706054688
      vertex -8.34345817565918 -25.678525924682617 -0.17499923706054688
      vertex -7.525726318359375 -19.605188369750977 -0.17499923706054688
    endloop
  endfacet
  facet normal 0 0 -1
    outer loop
      vertex -9.675933837890625 -25.2066707611084 -0.17499923706054688
      vertex -7.525726318359375 -19.605188369750977 -0.17499923706054688
      vertex -8.34345817565918 -25.678525924682617 -0.17499923706054688
    endloop
  endfacet
  facet normal 0 0 -1
    outer loop
      vertex -7.525726318359375 -19.605188369750977 -0.17499923706054688
      vertex -9.675933837890625 -25.2066707611084 -0.17499923706054688
      vertex -8.541468620300293 -19.1844539642334 -0.17499923706054688
    endloop
  endfacet
  facet normal 0 0 -1
    outer loop
      vertex -10.981888771057129 -24.665725708007812 -0.17499923706054688
      vertex -8.541468620300293 -19.1844539642334 -0.17499923706054688
      vertex -9.675933837890625 -25.2066707611084 -0.17499923706054688
    endloop
  endfacet
  facet normal 0 0 -1
    outer loop
      vertex -8.541468620300293 -19.1844539642334 -0.17499923706054688
      vertex -10.981888771057129 -24.665725708007812 -0.17499923706054688
      vertex -9.53380012512207 -18.711135864257812 -0.17499923706054688
    endloop
  endfacet
  facet normal 0 0 -1
    outer loop
      vertex -12.257742881774902 -24.057174682617188 -0.17499923706054688
      vertex -9.53380012512207 -18.711135864257812 -0.17499923706054688
      vertex -10.981888771057129 -24.665725708007812 -0.17499923706054688
    endloop
  endfacet
  facet normal 0 0 -1
    outer loop
      vertex -9.53380012512207 -18.711135864257812 -0.17499923706054688
      vertex -12.257742881774902 -24.057174682617188 -0.17499923706054688
      vertex -10.5 -18.186532974243164 -0.17499923706054688
    endloop
  endfacet
  facet normal 0 0 -1
    outer loop
      vertex -13.5 -23.382686614990234 -0.17499923706054688
      vertex -10.5 -18.186532974243164 -0.17499923706054688
      vertex -12.257742881774902 -24.057174682617188 -0.17499923706054688
    endloop
  endfacet
  facet normal 0 0 -1
    outer loop
      vertex -10.5 -18.186532974243164 -0.17499923706054688
      vertex -13.5 -23.382686614990234 -0.17499923706054688
      vertex -11.437418937683105 -17.61208152770996 -0.17499923706054688
    endloop
  endfacet
  facet normal 0 0 -1
    outer loop
      vertex -14.705253601074219 -22.64410400390625 -0.17499923706054688
      vertex -11.437418937683105 -17.61208152770996 -0.17499923706054688
      vertex -13.5 -23.382686614990234 -0.17499923706054688
    endloop
  endfacet
  facet normal 0 0 -1
    outer loop
      vertex -11.437418937683105 -17.61208152770996 -0.17499923706054688
      vertex -14.705253601074219 -22.64410400390625 -0.17499923706054688
      vertex -12.343489646911621 -16.989356994628906 -0.17499923706054688
    endloop
  endfacet
  facet normal 0 0 -1
    outer loop
      vertex -15.870201110839844 -21.84345817565918 -0.17499923706054688
      vertex -12.343489646911621 -16.989356994628906 -0.17499923706054688
      vertex -14.705253601074219 -22.64410400390625 -0.17499923706054688
    endloop
  endfacet
  facet normal 0 0 -1
    outer loop
      vertex -12.343489646911621 -16.989356994628906 -0.17499923706054688
      vertex -15.870201110839844 -21.84345817565918 -0.17499923706054688
      vertex -13.215727806091309 -16.320064544677734 -0.17499923706054688
    endloop
  endfacet
  facet normal 0 0 -1
    outer loop
      vertex -16.991649627685547 -20.982940673828125 -0.17499923706054688
      vertex -13.215727806091309 -16.320064544677734 -0.17499923706054688
      vertex -15.870201110839844 -21.84345817565918 -0.17499923706054688
    endloop
  endfacet
  facet normal 0 0 -1
    outer loop
      vertex -13.215727806091309 -16.320064544677734 -0.17499923706054688
      vertex -16.991649627685547 -20.982940673828125 -0.17499923706054688
      vertex -14.051742553710938 -15.606040954589844 -0.17499923706054688
    endloop
  endfacet
  facet normal 0 0 -1
    outer loop
      vertex -18.066524505615234 -20.064910888671875 -0.17499923706054688
      vertex -14.051742553710938 -15.606040954589844 -0.17499923706054688
      vertex -16.991649627685547 -20.982940673828125 -0.17499923706054688
    endloop
  endfacet
  facet normal 0 0 -1
    outer loop
      vertex -14.051742553710938 -15.606040954589844 -0.17499923706054688
      vertex -18.066524505615234 -20.064910888671875 -0.17499923706054688
      vertex -14.849242210388184 -14.849242210388184 -0.17499923706054688
    endloop
  endfacet
  facet normal 0 0 -1
    outer loop
      vertex -19.091882705688477 -19.091882705688477 -0.17499923706054688
      vertex -14.849242210388184 -14.849242210388184 -0.17499923706054688
      vertex -18.066524505615234 -20.064910888671875 -0.17499923706054688
    endloop
  endfacet
  facet normal 0 0 -1
    outer loop
      vertex -14.849242210388184 -14.849242210388184 -0.17499923706054688
      vertex -19.091882705688477 -19.091882705688477 -0.17499923706054688
      vertex -15.606040954589844 -14.051742553710938 -0.17499923706054688
    endloop
  endfacet
  facet normal 0 0 -1
    outer loop
      vertex -20.064910888671875 -18.066524505615234 -0.17499923706054688
      vertex -15.606040954589844 -14.051742553710938 -0.17499923706054688
      vertex -19.091882705688477 -19.091882705688477 -0.17499923706054688
    endloop
  endfacet
  facet normal 0 0 -1
    outer loop
      vertex -15.606040954589844 -14.051742553710938 -0.17499923706054688
      vertex -20.064910888671875 -18.066524505615234 -0.17499923706054688
      vertex -16.320064544677734 -13.215727806091309 -0.17499923706054688
    endloop
  endfacet
  facet normal 0 0 -1
    outer loop
      vertex -20.982940673828125 -16.991649627685547 -0.17499923706054688
      vertex -16.320064544677734 -13.215727806091309 -0.17499923706054688
      vertex -20.064910888671875 -18.066524505615234 -0.17499923706054688
    endloop
  endfacet
  facet normal 0 0 -1
    outer loop
      vertex -16.320064544677734 -13.215727806091309 -0.17499923706054688
      vertex -20.982940673828125 -16.991649627685547 -0.17499923706054688
      vertex -16.989356994628906 -12.343489646911621 -0.17499923706054688
    endloop
  endfacet
  facet normal 0 0 -1
    outer loop
      vertex -21.84345817565918 -15.870201110839844 -0.17499923706054688
      vertex -16.989356994628906 -12.343489646911621 -0.17499923706054688
      vertex -20.982940673828125 -16.991649627685547 -0.17499923706054688
    endloop
  endfacet
  facet normal 0 0 -1
    outer loop
      vertex -16.989356994628906 -12.343489646911621 -0.17499923706054688
      vertex -21.84345817565918 -15.870201110839844 -0.17499923706054688
      vertex -17.61208152770996 -11.437418937683105 -0.17499923706054688
    endloop
  endfacet
  facet normal 0 0 -1
    outer loop
      vertex -22.64410400390625 -14.705253601074219 -0.17499923706054688
      vertex -17.61208152770996 -11.437418937683105 -0.17499923706054688
      vertex -21.84345817565918 -15.870201110839844 -0.17499923706054688
    endloop
  endfacet
  facet normal 0 0 -1
    outer loop
      vertex -17.61208152770996 -11.437418937683105 -0.17499923706054688
      vertex -22.64410400390625 -14.705253601074219 -0.17499923706054688
      vertex -18.186532974243164 -10.5 -0.17499923706054688
    endloop
  endfacet
  facet normal 0 0 -1
    outer loop
      vertex -23.382686614990234 -13.5 -0.17499923706054688
      vertex -18.186532974243164 -10.5 -0.17499923706054688
      vertex -22.64410400390625 -14.705253601074219 -0.17499923706054688
    endloop
  endfacet
  facet normal 0 0 -1
    outer loop
      vertex -18.186532974243164 -10.5 -0.17499923706054688
      vertex -23.382686614990234 -13.5 -0.17499923706054688
      vertex -18.711135864257812 -9.53380012512207 -0.17499923706054688
    endloop
  endfacet
  facet normal 0 0 -1
    outer loop
      vertex -24.057174682617188 -12.257742881774902 -0.17499923706054688
      vertex -18.711135864257812 -9.53380012512207 -0.17499923706054688
      vertex -23.382686614990234 -13.5 -0.17499923706054688
    endloop
  endfacet
  facet normal 0 0 -1
    outer loop
      vertex -18.711135864257812 -9.53380012512207 -0.17499923706054688
      vertex -24.057174682617188 -12.257742881774902 -0.17499923706054688
      vertex -19.1844539642334 -8.541468620300293 -0.17499923706054688
    endloop
  endfacet
  facet normal 0 0 -1
    outer loop
      vertex -24.665725708007812 -10.981888771057129 -0.17499923706054688
      vertex -19.1844539642334 -8.541468620300293 -0.17499923706054688
      vertex -24.057174682617188 -12.257742881774902 -0.17499923706054688
    endloop
  endfacet
  facet normal 0 0 -1
    outer loop
      vertex -19.1844539642334 -8.541468620300293 -0.17499923706054688
      vertex -24.665725708007812 -10.981888771057129 -0.17499923706054688
      vertex -19.605188369750977 -7.525726318359375 -0.17499923706054688
    endloop
  endfacet
  facet normal 0 0 -1
    outer loop
      vertex -25.2066707611084 -9.675933837890625 -0.17499923706054688
      vertex -19.605188369750977 -7.525726318359375 -0.17499923706054688
      vertex -24.665725708007812 -10.981888771057129 -0.17499923706054688
    endloop
  endfacet
  facet normal 0 0 -1
    outer loop
      vertex -19.605188369750977 -7.525726318359375 -0.17499923706054688
      vertex -25.2066707611084 -9.675933837890625 -0.17499923706054688
      vertex -19.972187042236328 -6.48935604095459 -0.17499923706054688
    endloop
  endfacet
  facet normal 0 0 -1
    outer loop
      vertex -25.678525924682617 -8.34345817565918 -0.17499923706054688
      vertex -19.972187042236328 -6.48935604095459 -0.17499923706054688
      vertex -25.2066707611084 -9.675933837890625 -0.17499923706054688
    endloop
  endfacet
  facet normal 0 0 -1
    outer loop
      vertex 25.678525924682617 8.34345817565918 -0.17499923706054688
      vertex 19.972187042236328 6.48935604095459 -0.17499923706054688
      vertex 25.2066707611084 9.675933837890625 -0.17499923706054688
    endloop
  endfacet
  facet normal 0 0 -1
    outer loop
      vertex 19.605188369750977 7.525726318359375 -0.17499923706054688
      vertex 25.2066707611084 9.675933837890625 -0.17499923706054688
      vertex 19.972187042236328 6.48935604095459 -0.17499923706054688
    endloop
  endfacet
  facet normal 0 0 -1
    outer loop
      vertex 25.2066707611084 9.675933837890625 -0.17499923706054688
      vertex 19.605188369750977 7.525726318359375 -0.17499923706054688
      vertex 24.665725708007812 10.981888771057129 -0.17499923706054688
    endloop
  endfacet
  facet normal 0 0 -1
    outer loop
      vertex 19.1844539642334 8.541468620300293 -0.17499923706054688
      vertex 24.665725708007812 10.981888771057129 -0.17499923706054688
      vertex 19.605188369750977 7.525726318359375 -0.17499923706054688
    endloop
  endfacet
  facet normal 0 0 -1
    outer loop
      vertex 24.665725708007812 10.981888771057129 -0.17499923706054688
      vertex 19.1844539642334 8.541468620300293 -0.17499923706054688
      vertex 24.057174682617188 12.257742881774902 -0.17499923706054688
    endloop
  endfacet
  facet normal 0 0 -1
    outer loop
      vertex 18.711135864257812 9.53380012512207 -0.17499923706054688
      vertex 24.057174682617188 12.257742881774902 -0.17499923706054688
      vertex 19.1844539642334 8.541468620300293 -0.17499923706054688
    endloop
  endfacet
  facet normal 0 0 -1
    outer loop
      vertex 24.057174682617188 12.257742881774902 -0.17499923706054688
      vertex 18.711135864257812 9.53380012512207 -0.17499923706054688
      vertex 23.382686614990234 13.5 -0.17499923706054688
    endloop
  endfacet
  facet normal 0 0 -1
    outer loop
      vertex 18.186532974243164 10.5 -0.17499923706054688
      vertex 23.382686614990234 13.5 -0.17499923706054688
      vertex 18.711135864257812 9.53380012512207 -0.17499923706054688
    endloop
  endfacet
  facet normal 0 0 -1
    outer loop
      vertex 23.382686614990234 13.5 -0.17499923706054688
      vertex 18.186532974243164 10.5 -0.17499923706054688
      vertex 22.64410400390625 14.705253601074219 -0.17499923706054688
    endloop
  endfacet
  facet normal 0 0 -1
    outer loop
      vertex 17.61208152770996 11.437418937683105 -0.17499923706054688
      vertex 22.64410400390625 14.705253601074219 -0.17499923706054688
      vertex 18.186532974243164 10.5 -0.17499923706054688
    endloop
  endfacet
  facet normal 0 0 -1
    outer loop
      vertex 22.64410400390625 14.705253601074219 -0.17499923706054688
      vertex 17.61208152770996 11.437418937683105 -0.17499923706054688
      vertex 21.84345817565918 15.870201110839844 -0.17499923706054688
    endloop
  endfacet
  facet normal 0 0 -1
    outer loop
      vertex 16.989356994628906 12.343489646911621 -0.17499923706054688
      vertex 21.84345817565918 15.870201110839844 -0.17499923706054688
      vertex 17.61208152770996 11.437418937683105 -0.17499923706054688
    endloop
  endfacet
  facet normal 0 0 -1
    outer loop
      vertex 21.84345817565918 15.870201110839844 -0.17499923706054688
      vertex 16.989356994628906 12.343489646911621 -0.17499923706054688
      vertex 20.982940673828125 16.991649627685547 -0.17499923706054688
    endloop
  endfacet
  facet normal 0 0 -1
    outer loop
      vertex 16.320064544677734 13.215727806091309 -0.17499923706054688
      vertex 20.982940673828125 16.991649627685547 -0.17499923706054688
      vertex 16.989356994628906 12.343489646911621 -0.17499923706054688
    endloop
  endfacet
  facet normal 0 0 -1
    outer loop
      vertex 20.982940673828125 16.991649627685547 -0.17499923706054688
      vertex 16.320064544677734 13.215727806091309 -0.17499923706054688
      vertex 20.064910888671875 18.066524505615234 -0.17499923706054688
    endloop
  endfacet
  facet normal 0 0 -1
    outer loop
      vertex 15.606040954589844 14.051742553710938 -0.17499923706054688
      vertex 20.064910888671875 18.066524505615234 -0.17499923706054688
      vertex 16.320064544677734 13.215727806091309 -0.17499923706054688
    endloop
  endfacet
  facet normal 0 0 -1
    outer loop
      vertex 20.064910888671875 18.066524505615234 -0.17499923706054688
      vertex 15.606040954589844 14.051742553710938 -0.17499923706054688
      vertex 19.091882705688477 19.091882705688477 -0.17499923706054688
    endloop
  endfacet
  facet normal 0 0 -1
    outer loop
      vertex 14.849242210388184 14.849242210388184 -0.17499923706054688
      vertex 19.091882705688477 19.091882705688477 -0.17499923706054688
      vertex 15.606040954589844 14.051742553710938 -0.17499923706054688
    endloop
  endfacet
  facet normal 0 0 -1
    outer loop
      vertex 19.091882705688477 19.091882705688477 -0.17499923706054688
      vertex 14.849242210388184 14.849242210388184 -0.17499923706054688
      vertex 18.066524505615234 20.064910888671875 -0.17499923706054688
    endloop
  endfacet
  facet normal 0 0 -1
    outer loop
      vertex 14.051742553710938 15.606040954589844 -0.17499923706054688
      vertex 18.066524505615234 20.064910888671875 -0.17499923706054688
      vertex 14.849242210388184 14.849242210388184 -0.17499923706054688
    endloop
  endfacet
  facet normal 0 0 -1
    outer loop
      vertex 18.066524505615234 20.064910888671875 -0.17499923706054688
      vertex 14.051742553710938 15.606040954589844 -0.17499923706054688
      vertex 16.991649627685547 20.982940673828125 -0.17499923706054688
    endloop
  endfacet
  facet normal 0 0 -1
    outer loop
      vertex 13.215727806091309 16.320064544677734 -0.17499923706054688
      vertex 16.991649627685547 20.982940673828125 -0.17499923706054688
      vertex 14.051742553710938 15.606040954589844 -0.17499923706054688
    endloop
  endfacet
  facet normal 0 0 -1
    outer loop
      vertex 16.991649627685547 20.982940673828125 -0.17499923706054688
      vertex 13.215727806091309 16.320064544677734 -0.17499923706054688
      vertex 15.870201110839844 21.84345817565918 -0.17499923706054688
    endloop
  endfacet
  facet normal 0 0 -1
    outer loop
      vertex 12.343489646911621 16.989356994628906 -0.17499923706054688
      vertex 15.870201110839844 21.84345817565918 -0.17499923706054688
      vertex 13.215727806091309 16.320064544677734 -0.17499923706054688
    endloop
  endfacet
  facet normal 0 0 -1
    outer loop
      vertex 15.870201110839844 21.84345817565918 -0.17499923706054688
      vertex 12.343489646911621 16.989356994628906 -0.17499923706054688
      vertex 14.705253601074219 22.64410400390625 -0.17499923706054688
    endloop
  endfacet
  facet normal 0 0 -1
    outer loop
      vertex 11.437418937683105 17.61208152770996 -0.17499923706054688
      vertex 14.705253601074219 22.64410400390625 -0.17499923706054688
      vertex 12.343489646911621 16.989356994628906 -0.17499923706054688
    endloop
  endfacet
  facet normal 0 0 -1
    outer loop
      vertex 14.705253601074219 22.64410400390625 -0.17499923706054688
      vertex 11.437418937683105 17.61208152770996 -0.17499923706054688
      vertex 13.5 23.382686614990234 -0.17499923706054688
    endloop
  endfacet
  facet normal 0 0 -1
    outer loop
      vertex 10.5 18.186532974243164 -0.17499923706054688
      vertex 13.5 23.382686614990234 -0.17499923706054688
      vertex 11.437418937683105 17.61208152770996 -0.17499923706054688
    endloop
  endfacet
  facet normal 0 0 -1
    outer loop
      vertex 13.5 23.382686614990234 -0.17499923706054688
      vertex 10.5 18.186532974243164 -0.17499923706054688
      vertex 12.257742881774902 24.057174682617188 -0.17499923706054688
    endloop
  endfacet
  facet normal 0 0 -1
    outer loop
      vertex 9.53380012512207 18.711135864257812 -0.17499923706054688
      vertex 12.257742881774902 24.057174682617188 -0.17499923706054688
      vertex 10.5 18.186532974243164 -0.17499923706054688
    endloop
  endfacet
  facet normal 0 0 -1
    outer loop
      vertex 12.257742881774902 24.057174682617188 -0.17499923706054688
      vertex 9.53380012512207 18.711135864257812 -0.17499923706054688
      vertex 10.981888771057129 24.665725708007812 -0.17499923706054688
    endloop
  endfacet
  facet normal 0 0 -1
    outer loop
      vertex 8.541468620300293 19.1844539642334 -0.17499923706054688
      vertex 10.981888771057129 24.665725708007812 -0.17499923706054688
      vertex 9.53380012512207 18.711135864257812 -0.17499923706054688
    endloop
  endfacet
  facet normal 0 0 -1
    outer loop
      vertex 10.981888771057129 24.665725708007812 -0.17499923706054688
      vertex 8.541468620300293 19.1844539642334 -0.17499923706054688
      vertex 9.675933837890625 25.2066707611084 -0.17499923706054688
    endloop
  endfacet
  facet normal 0 0 -1
    outer loop
      vertex 7.525726318359375 19.605188369750977 -0.17499923706054688
      vertex 9.675933837890625 25.2066707611084 -0.17499923706054688
      vertex 8.541468620300293 19.1844539642334 -0.17499923706054688
    endloop
  endfacet
  facet normal 0 0 -1
    outer loop
      vertex 9.675933837890625 25.2066707611084 -0.17499923706054688
      vertex 7.525726318359375 19.605188369750977 -0.17499923706054688
      vertex 8.34345817565918 25.678525924682617 -0.17499923706054688
    endloop
  endfacet
  facet normal 0 0 -1
    outer loop
      vertex 6.48935604095459 19.972187042236328 -0.17499923706054688
      vertex 8.34345817565918 25.678525924682617 -0.17499923706054688
      vertex 7.525726318359375 19.605188369750977 -0.17499923706054688
    endloop
  endfacet
  facet normal 0 0 -1
    outer loop
      vertex 8.34345817565918 25.678525924682617 -0.17499923706054688
      vertex 6.48935604095459 19.972187042236328 -0.17499923706054688
      vertex 6.9881134033203125 26.079998016357422 -0.17499923706054688
    endloop
  endfacet
  facet normal 0 0 -1
    outer loop
      vertex 5.435199737548828 20.284442901611328 -0.17499923706054688
      vertex 6.9881134033203125 26.079998016357422 -0.17499923706054688
      vertex 6.48935604095459 19.972187042236328 -0.17499923706054688
    endloop
  endfacet
  facet normal 0 0 -1
    outer loop
      vertex 6.9881134033203125 26.079998016357422 -0.17499923706054688
      vertex 5.435199737548828 20.284442901611328 -0.17499923706054688
      vertex 5.613615036010742 26.409984588623047 -0.17499923706054688
    endloop
  endfacet
  facet normal 0 0 -1
    outer loop
      vertex 4.366145133972168 20.541099548339844 -0.17499923706054688
      vertex 5.613615036010742 26.409984588623047 -0.17499923706054688
      vertex 5.435199737548828 20.284442901611328 -0.17499923706054688
    endloop
  endfacet
  facet normal 0 0 -1
    outer loop
      vertex 4.366145133972168 20.541099548339844 -0.17499923706054688
      vertex 4.223730087280273 26.667583465576172 -0.17499923706054688
      vertex 5.613615036010742 26.409984588623047 -0.17499923706054688
    endloop
  endfacet
  facet normal 0 0 -1
    outer loop
      vertex 3.285122871398926 20.741455078125 -0.17499923706054688
      vertex 4.223730087280273 26.667583465576172 -0.17499923706054688
      vertex 4.366145133972168 20.541099548339844 -0.17499923706054688
    endloop
  endfacet
  facet normal 0 0 -1
    outer loop
      vertex 3.285122871398926 20.741455078125 -0.17499923706054688
      vertex 2.822268486022949 26.85209083557129 -0.17499923706054688
      vertex 4.223730087280273 26.667583465576172 -0.17499923706054688
    endloop
  endfacet
  facet normal 0 0 -1
    outer loop
      vertex 2.195096969604492 20.884960174560547 -0.17499923706054688
      vertex 2.822268486022949 26.85209083557129 -0.17499923706054688
      vertex 3.285122871398926 20.741455078125 -0.17499923706054688
    endloop
  endfacet
  facet normal 0 0 -1
    outer loop
      vertex 2.195096969604492 20.884960174560547 -0.17499923706054688
      vertex 1.4130706787109375 26.962997436523438 -0.17499923706054688
      vertex 2.822268486022949 26.85209083557129 -0.17499923706054688
    endloop
  endfacet
  facet normal 0 0 -1
    outer loop
      vertex 1.0990543365478516 20.971220016479492 -0.17499923706054688
      vertex 1.4130706787109375 26.962997436523438 -0.17499923706054688
      vertex 2.195096969604492 20.884960174560547 -0.17499923706054688
    endloop
  endfacet
  facet normal 0 0 -1
    outer loop
      vertex 0 21 -0.17499923706054688
      vertex 1.4130706787109375 26.962997436523438 -0.17499923706054688
      vertex 1.0990543365478516 20.971220016479492 -0.17499923706054688
    endloop
  endfacet
  facet normal 0 0 -1
    outer loop
      vertex 0 21 -0.17499923706054688
      vertex 0 27 -0.17499923706054688
      vertex 1.4130706787109375 26.962997436523438 -0.17499923706054688
    endloop
  endfacet
  facet normal 0 0 -1
    outer loop
      vertex -1.0990543365478516 20.971220016479492 -0.17499923706054688
      vertex 0 27 -0.17499923706054688
      vertex 0 21 -0.17499923706054688
    endloop
  endfacet
  facet normal 0 0 -1
    outer loop
      vertex -1.0990543365478516 20.971220016479492 -0.17499923706054688
      vertex -1.4130706787109375 26.962997436523438 -0.17499923706054688
      vertex 0 27 -0.17499923706054688
    endloop
  endfacet
  facet normal 0 0 -1
    outer loop
      vertex -2.195096969604492 20.884960174560547 -0.17499923706054688
      vertex -1.4130706787109375 26.962997436523438 -0.17499923706054688
      vertex -1.0990543365478516 20.971220016479492 -0.17499923706054688
    endloop
  endfacet
  facet normal 0 0 -1
    outer loop
      vertex -2.195096969604492 20.884960174560547 -0.17499923706054688
      vertex -2.822268486022949 26.85209083557129 -0.17499923706054688
      vertex -1.4130706787109375 26.962997436523438 -0.17499923706054688
    endloop
  endfacet
  facet normal 0 0 -1
    outer loop
      vertex -3.285122871398926 20.741455078125 -0.17499923706054688
      vertex -2.822268486022949 26.85209083557129 -0.17499923706054688
      vertex -2.195096969604492 20.884960174560547 -0.17499923706054688
    endloop
  endfacet
  facet normal 0 0 -1
    outer loop
      vertex -3.285122871398926 20.741455078125 -0.17499923706054688
      vertex -4.223730087280273 26.667583465576172 -0.17499923706054688
      vertex -2.822268486022949 26.85209083557129 -0.17499923706054688
    endloop
  endfacet
  facet normal 0 0 -1
    outer loop
      vertex -4.366145133972168 20.541099548339844 -0.17499923706054688
      vertex -4.223730087280273 26.667583465576172 -0.17499923706054688
      vertex -3.285122871398926 20.741455078125 -0.17499923706054688
    endloop
  endfacet
  facet normal 0 0 -1
    outer loop
      vertex -5.613615036010742 26.409984588623047 -0.17499923706054688
      vertex -4.366145133972168 20.541099548339844 -0.17499923706054688
      vertex -5.435199737548828 20.284442901611328 -0.17499923706054688
    endloop
  endfacet
  facet normal 0 0 -1
    outer loop
      vertex -4.366145133972168 20.541099548339844 -0.17499923706054688
      vertex -5.613615036010742 26.409984588623047 -0.17499923706054688
      vertex -4.223730087280273 26.667583465576172 -0.17499923706054688
    endloop
  endfacet
  facet normal 0 0 -1
    outer loop
      vertex -6.9881134033203125 26.079998016357422 -0.17499923706054688
      vertex -5.435199737548828 20.284442901611328 -0.17499923706054688
      vertex -6.48935604095459 19.972187042236328 -0.17499923706054688
    endloop
  endfacet
  facet normal 0 0 -1
    outer loop
      vertex -5.435199737548828 20.284442901611328 -0.17499923706054688
      vertex -6.9881134033203125 26.079998016357422 -0.17499923706054688
      vertex -5.613615036010742 26.409984588623047 -0.17499923706054688
    endloop
  endfacet
  facet normal 0 0 -1
    outer loop
      vertex -8.34345817565918 25.678525924682617 -0.17499923706054688
      vertex -6.48935604095459 19.972187042236328 -0.17499923706054688
      vertex -7.525726318359375 19.605188369750977 -0.17499923706054688
    endloop
  endfacet
  facet normal 0 0 -1
    outer loop
      vertex -6.48935604095459 19.972187042236328 -0.17499923706054688
      vertex -8.34345817565918 25.678525924682617 -0.17499923706054688
      vertex -6.9881134033203125 26.079998016357422 -0.17499923706054688
    endloop
  endfacet
  facet normal 0 0 -1
    outer loop
      vertex -9.675933837890625 25.2066707611084 -0.17499923706054688
      vertex -7.525726318359375 19.605188369750977 -0.17499923706054688
      vertex -8.541468620300293 19.1844539642334 -0.17499923706054688
    endloop
  endfacet
  facet normal 0 0 -1
    outer loop
      vertex -10.981888771057129 24.665725708007812 -0.17499923706054688
      vertex -8.541468620300293 19.1844539642334 -0.17499923706054688
      vertex -9.53380012512207 18.711135864257812 -0.17499923706054688
    endloop
  endfacet
  facet normal 0 0 -1
    outer loop
      vertex -7.525726318359375 19.605188369750977 -0.17499923706054688
      vertex -9.675933837890625 25.2066707611084 -0.17499923706054688
      vertex -8.34345817565918 25.678525924682617 -0.17499923706054688
    endloop
  endfacet
  facet normal 0 0 -1
    outer loop
      vertex -12.257742881774902 24.057174682617188 -0.17499923706054688
      vertex -9.53380012512207 18.711135864257812 -0.17499923706054688
      vertex -10.5 18.186532974243164 -0.17499923706054688
    endloop
  endfacet
  facet normal 0 0 -1
    outer loop
      vertex -8.541468620300293 19.1844539642334 -0.17499923706054688
      vertex -10.981888771057129 24.665725708007812 -0.17499923706054688
      vertex -9.675933837890625 25.2066707611084 -0.17499923706054688
    endloop
  endfacet
  facet normal 0 0 -1
    outer loop
      vertex -13.5 23.382686614990234 -0.17499923706054688
      vertex -10.5 18.186532974243164 -0.17499923706054688
      vertex -11.437418937683105 17.61208152770996 -0.17499923706054688
    endloop
  endfacet
  facet normal 0 0 -1
    outer loop
      vertex -9.53380012512207 18.711135864257812 -0.17499923706054688
      vertex -12.257742881774902 24.057174682617188 -0.17499923706054688
      vertex -10.981888771057129 24.665725708007812 -0.17499923706054688
    endloop
  endfacet
  facet normal 0 0 -1
    outer loop
      vertex -14.705253601074219 22.64410400390625 -0.17499923706054688
      vertex -11.437418937683105 17.61208152770996 -0.17499923706054688
      vertex -12.343489646911621 16.989356994628906 -0.17499923706054688
    endloop
  endfacet
  facet normal 0 0 -1
    outer loop
      vertex -15.870201110839844 21.84345817565918 -0.17499923706054688
      vertex -12.343489646911621 16.989356994628906 -0.17499923706054688
      vertex -13.215727806091309 16.320064544677734 -0.17499923706054688
    endloop
  endfacet
  facet normal 0 0 -1
    outer loop
      vertex -10.5 18.186532974243164 -0.17499923706054688
      vertex -13.5 23.382686614990234 -0.17499923706054688
      vertex -12.257742881774902 24.057174682617188 -0.17499923706054688
    endloop
  endfacet
  facet normal 0 0 -1
    outer loop
      vertex -16.991649627685547 20.982940673828125 -0.17499923706054688
      vertex -13.215727806091309 16.320064544677734 -0.17499923706054688
      vertex -14.051742553710938 15.606040954589844 -0.17499923706054688
    endloop
  endfacet
  facet normal 0 0 -1
    outer loop
      vertex -11.437418937683105 17.61208152770996 -0.17499923706054688
      vertex -14.705253601074219 22.64410400390625 -0.17499923706054688
      vertex -13.5 23.382686614990234 -0.17499923706054688
    endloop
  endfacet
  facet normal 0 0 -1
    outer loop
      vertex -18.066524505615234 20.064910888671875 -0.17499923706054688
      vertex -14.051742553710938 15.606040954589844 -0.17499923706054688
      vertex -14.849242210388184 14.849242210388184 -0.17499923706054688
    endloop
  endfacet
  facet normal 0 0 -1
    outer loop
      vertex -19.091882705688477 19.091882705688477 -0.17499923706054688
      vertex -14.849242210388184 14.849242210388184 -0.17499923706054688
      vertex -15.606040954589844 14.051742553710938 -0.17499923706054688
    endloop
  endfacet
  facet normal 0 0 -1
    outer loop
      vertex -12.343489646911621 16.989356994628906 -0.17499923706054688
      vertex -15.870201110839844 21.84345817565918 -0.17499923706054688
      vertex -14.705253601074219 22.64410400390625 -0.17499923706054688
    endloop
  endfacet
  facet normal 0 0 -1
    outer loop
      vertex -20.064910888671875 18.066524505615234 -0.17499923706054688
      vertex -15.606040954589844 14.051742553710938 -0.17499923706054688
      vertex -16.320064544677734 13.215727806091309 -0.17499923706054688
    endloop
  endfacet
  facet normal 0 0 -1
    outer loop
      vertex -20.982940673828125 16.991649627685547 -0.17499923706054688
      vertex -16.320064544677734 13.215727806091309 -0.17499923706054688
      vertex -16.989356994628906 12.343489646911621 -0.17499923706054688
    endloop
  endfacet
  facet normal 0 0 -1
    outer loop
      vertex -13.215727806091309 16.320064544677734 -0.17499923706054688
      vertex -16.991649627685547 20.982940673828125 -0.17499923706054688
      vertex -15.870201110839844 21.84345817565918 -0.17499923706054688
    endloop
  endfacet
  facet normal 0 0 -1
    outer loop
      vertex -21.84345817565918 15.870201110839844 -0.17499923706054688
      vertex -16.989356994628906 12.343489646911621 -0.17499923706054688
      vertex -17.61208152770996 11.437418937683105 -0.17499923706054688
    endloop
  endfacet
  facet normal 0 0 -1
    outer loop
      vertex -14.051742553710938 15.606040954589844 -0.17499923706054688
      vertex -18.066524505615234 20.064910888671875 -0.17499923706054688
      vertex -16.991649627685547 20.982940673828125 -0.17499923706054688
    endloop
  endfacet
  facet normal 0 0 -1
    outer loop
      vertex -22.64410400390625 14.705253601074219 -0.17499923706054688
      vertex -17.61208152770996 11.437418937683105 -0.17499923706054688
      vertex -18.186532974243164 10.5 -0.17499923706054688
    endloop
  endfacet
  facet normal 0 0 -1
    outer loop
      vertex -23.382686614990234 13.5 -0.17499923706054688
      vertex -18.186532974243164 10.5 -0.17499923706054688
      vertex -18.711135864257812 9.53380012512207 -0.17499923706054688
    endloop
  endfacet
  facet normal 0 0 -1
    outer loop
      vertex -14.849242210388184 14.849242210388184 -0.17499923706054688
      vertex -19.091882705688477 19.091882705688477 -0.17499923706054688
      vertex -18.066524505615234 20.064910888671875 -0.17499923706054688
    endloop
  endfacet
  facet normal 0 0 -1
    outer loop
      vertex -24.057174682617188 12.257742881774902 -0.17499923706054688
      vertex -18.711135864257812 9.53380012512207 -0.17499923706054688
      vertex -19.1844539642334 8.541468620300293 -0.17499923706054688
    endloop
  endfacet
  facet normal 0 0 -1
    outer loop
      vertex -24.665725708007812 10.981888771057129 -0.17499923706054688
      vertex -19.1844539642334 8.541468620300293 -0.17499923706054688
      vertex -19.605188369750977 7.525726318359375 -0.17499923706054688
    endloop
  endfacet
  facet normal 0 0 -1
    outer loop
      vertex -25.2066707611084 9.675933837890625 -0.17499923706054688
      vertex -19.605188369750977 7.525726318359375 -0.17499923706054688
      vertex -19.972187042236328 6.48935604095459 -0.17499923706054688
    endloop
  endfacet
  facet normal 0 0 -1
    outer loop
      vertex -15.606040954589844 14.051742553710938 -0.17499923706054688
      vertex -20.064910888671875 18.066524505615234 -0.17499923706054688
      vertex -19.091882705688477 19.091882705688477 -0.17499923706054688
    endloop
  endfacet
  facet normal 0 0 -1
    outer loop
      vertex -25.678525924682617 8.34345817565918 -0.17499923706054688
      vertex -19.972187042236328 6.48935604095459 -0.17499923706054688
      vertex -20.284442901611328 5.435199737548828 -0.17499923706054688
    endloop
  endfacet
  facet normal 0 0 -1
    outer loop
      vertex -26.079998016357422 6.9881134033203125 -0.17499923706054688
      vertex -20.284442901611328 5.435199737548828 -0.17499923706054688
      vertex -20.541099548339844 4.366145133972168 -0.17499923706054688
    endloop
  endfacet
  facet normal 0 0 -1
    outer loop
      vertex -26.409984588623047 5.613615036010742 -0.17499923706054688
      vertex -20.541099548339844 4.366145133972168 -0.17499923706054688
      vertex -20.741455078125 3.285122871398926 -0.17499923706054688
    endloop
  endfacet
  facet normal 0 0 -1
    outer loop
      vertex -26.667583465576172 4.223730087280273 -0.17499923706054688
      vertex -20.741455078125 3.285122871398926 -0.17499923706054688
      vertex -20.884960174560547 2.195096969604492 -0.17499923706054688
    endloop
  endfacet
  facet normal 0 0 -1
    outer loop
      vertex -26.85209083557129 2.822268486022949 -0.17499923706054688
      vertex -20.884960174560547 2.195096969604492 -0.17499923706054688
      vertex -20.971220016479492 1.0990543365478516 -0.17499923706054688
    endloop
  endfacet
  facet normal 0 0 -1
    outer loop
      vertex -16.320064544677734 13.215727806091309 -0.17499923706054688
      vertex -20.982940673828125 16.991649627685547 -0.17499923706054688
      vertex -20.064910888671875 18.066524505615234 -0.17499923706054688
    endloop
  endfacet
  facet normal 0 0 -1
    outer loop
      vertex -26.962997436523438 1.4130706787109375 -0.17499923706054688
      vertex -20.971220016479492 1.0990543365478516 -0.17499923706054688
      vertex -21 0 -0.17499923706054688
    endloop
  endfacet
  facet normal 0 0 -1
    outer loop
      vertex -19.972187042236328 -6.48935604095459 -0.17499923706054688
      vertex -25.678525924682617 -8.34345817565918 -0.17499923706054688
      vertex -20.284442901611328 -5.435199737548828 -0.17499923706054688
    endloop
  endfacet
  facet normal 0 0 -1
    outer loop
      vertex -16.989356994628906 12.343489646911621 -0.17499923706054688
      vertex -21.84345817565918 15.870201110839844 -0.17499923706054688
      vertex -20.982940673828125 16.991649627685547 -0.17499923706054688
    endloop
  endfacet
  facet normal 0 0 -1
    outer loop
      vertex -26.079998016357422 -6.9881134033203125 -0.17499923706054688
      vertex -20.284442901611328 -5.435199737548828 -0.17499923706054688
      vertex -25.678525924682617 -8.34345817565918 -0.17499923706054688
    endloop
  endfacet
  facet normal 0 0 -1
    outer loop
      vertex -17.61208152770996 11.437418937683105 -0.17499923706054688
      vertex -22.64410400390625 14.705253601074219 -0.17499923706054688
      vertex -21.84345817565918 15.870201110839844 -0.17499923706054688
    endloop
  endfacet
  facet normal 0 0 -1
    outer loop
      vertex -20.284442901611328 -5.435199737548828 -0.17499923706054688
      vertex -26.079998016357422 -6.9881134033203125 -0.17499923706054688
      vertex -20.541099548339844 -4.366145133972168 -0.17499923706054688
    endloop
  endfacet
  facet normal 0 0 -1
    outer loop
      vertex -18.186532974243164 10.5 -0.17499923706054688
      vertex -23.382686614990234 13.5 -0.17499923706054688
      vertex -22.64410400390625 14.705253601074219 -0.17499923706054688
    endloop
  endfacet
  facet normal 0 0 -1
    outer loop
      vertex -26.409984588623047 -5.613615036010742 -0.17499923706054688
      vertex -20.541099548339844 -4.366145133972168 -0.17499923706054688
      vertex -26.079998016357422 -6.9881134033203125 -0.17499923706054688
    endloop
  endfacet
  facet normal 0 0 -1
    outer loop
      vertex -18.711135864257812 9.53380012512207 -0.17499923706054688
      vertex -24.057174682617188 12.257742881774902 -0.17499923706054688
      vertex -23.382686614990234 13.5 -0.17499923706054688
    endloop
  endfacet
  facet normal 0 0 -1
    outer loop
      vertex -20.541099548339844 -4.366145133972168 -0.17499923706054688
      vertex -26.409984588623047 -5.613615036010742 -0.17499923706054688
      vertex -20.741455078125 -3.285122871398926 -0.17499923706054688
    endloop
  endfacet
  facet normal 0 0 -1
    outer loop
      vertex -19.1844539642334 8.541468620300293 -0.17499923706054688
      vertex -24.665725708007812 10.981888771057129 -0.17499923706054688
      vertex -24.057174682617188 12.257742881774902 -0.17499923706054688
    endloop
  endfacet
  facet normal 0 0 -1
    outer loop
      vertex -26.667583465576172 -4.223730087280273 -0.17499923706054688
      vertex -20.741455078125 -3.285122871398926 -0.17499923706054688
      vertex -26.409984588623047 -5.613615036010742 -0.17499923706054688
    endloop
  endfacet
  facet normal 0 0 -1
    outer loop
      vertex -19.605188369750977 7.525726318359375 -0.17499923706054688
      vertex -25.2066707611084 9.675933837890625 -0.17499923706054688
      vertex -24.665725708007812 10.981888771057129 -0.17499923706054688
    endloop
  endfacet
  facet normal 0 0 -1
    outer loop
      vertex -20.741455078125 -3.285122871398926 -0.17499923706054688
      vertex -26.667583465576172 -4.223730087280273 -0.17499923706054688
      vertex -20.884960174560547 -2.195096969604492 -0.17499923706054688
    endloop
  endfacet
  facet normal 0 0 -1
    outer loop
      vertex -19.972187042236328 6.48935604095459 -0.17499923706054688
      vertex -25.678525924682617 8.34345817565918 -0.17499923706054688
      vertex -25.2066707611084 9.675933837890625 -0.17499923706054688
    endloop
  endfacet
  facet normal 0 0 -1
    outer loop
      vertex -26.85209083557129 -2.822268486022949 -0.17499923706054688
      vertex -20.884960174560547 -2.195096969604492 -0.17499923706054688
      vertex -26.667583465576172 -4.223730087280273 -0.17499923706054688
    endloop
  endfacet
  facet normal 0 0 -1
    outer loop
      vertex -20.284442901611328 5.435199737548828 -0.17499923706054688
      vertex -26.079998016357422 6.9881134033203125 -0.17499923706054688
      vertex -25.678525924682617 8.34345817565918 -0.17499923706054688
    endloop
  endfacet
  facet normal 0 0 -1
    outer loop
      vertex -20.884960174560547 -2.195096969604492 -0.17499923706054688
      vertex -26.85209083557129 -2.822268486022949 -0.17499923706054688
      vertex -20.971220016479492 -1.0990543365478516 -0.17499923706054688
    endloop
  endfacet
  facet normal 0 0 -1
    outer loop
      vertex -20.541099548339844 4.366145133972168 -0.17499923706054688
      vertex -26.409984588623047 5.613615036010742 -0.17499923706054688
      vertex -26.079998016357422 6.9881134033203125 -0.17499923706054688
    endloop
  endfacet
  facet normal 0 0 -1
    outer loop
      vertex -26.962997436523438 -1.4130706787109375 -0.17499923706054688
      vertex -20.971220016479492 -1.0990543365478516 -0.17499923706054688
      vertex -26.85209083557129 -2.822268486022949 -0.17499923706054688
    endloop
  endfacet
  facet normal 0 0 -1
    outer loop
      vertex -20.741455078125 3.285122871398926 -0.17499923706054688
      vertex -26.667583465576172 4.223730087280273 -0.17499923706054688
      vertex -26.409984588623047 5.613615036010742 -0.17499923706054688
    endloop
  endfacet
  facet normal 0 0 -1
    outer loop
      vertex -20.971220016479492 -1.0990543365478516 -0.17499923706054688
      vertex -26.962997436523438 -1.4130706787109375 -0.17499923706054688
      vertex -21 0 -0.17499923706054688
    endloop
  endfacet
  facet normal 0 0 -1
    outer loop
      vertex -20.884960174560547 2.195096969604492 -0.17499923706054688
      vertex -26.85209083557129 2.822268486022949 -0.17499923706054688
      vertex -26.667583465576172 4.223730087280273 -0.17499923706054688
    endloop
  endfacet
  facet normal 0 0 -1
    outer loop
      vertex -27 0 -0.17499923706054688
      vertex -21 0 -0.17499923706054688
      vertex -26.962997436523438 -1.4130706787109375 -0.17499923706054688
    endloop
  endfacet
  facet normal 0 0 -1
    outer loop
      vertex -20.971220016479492 1.0990543365478516 -0.17499923706054688
      vertex -26.962997436523438 1.4130706787109375 -0.17499923706054688
      vertex -26.85209083557129 2.822268486022949 -0.17499923706054688
    endloop
  endfacet
  facet normal 0 0 -1
    outer loop
      vertex -21 0 -0.17499923706054688
      vertex -27 0 -0.17499923706054688
      vertex -26.962997436523438 1.4130706787109375 -0.17499923706054688
    endloop
  endfacet
  facet normal 0.9426413165425199 0.333807352146391 0
    outer loop
      vertex 25.678525924682617 8.34345817565918 0.17499923706054688
      vertex 25.2066707611084 9.675933837890625 -0.17499923706054688
      vertex 25.2066707611084 9.675933837890625 0.17499923706054688
    endloop
  endfacet
  facet normal 0.9426413165425199 0.333807352146391 0
    outer loop
      vertex 25.2066707611084 9.675933837890625 -0.17499923706054688
      vertex 25.678525924682617 8.34345817565918 0.17499923706054688
      vertex 25.678525924682617 8.34345817565918 -0.17499923706054688
    endloop
  endfacet
  facet normal -0.6883544204453923 -0.7253745183374504 0
    outer loop
      vertex -19.091882705688477 -19.091882705688477 -0.17499923706054688
      vertex -18.066524505615234 -20.064910888671875 0.17499923706054688
      vertex -19.091882705688477 -19.091882705688477 0.17499923706054688
    endloop
  endfacet
  facet normal -0.6883544204453923 -0.7253745183374504 0
    outer loop
      vertex -18.066524505615234 -20.064910888671875 0.17499923706054688
      vertex -19.091882705688477 -19.091882705688477 -0.17499923706054688
      vertex -18.066524505615234 -20.064910888671875 -0.17499923706054688
    endloop
  endfacet
  facet normal 0.8788178587817583 -0.47715738607533403 0
    outer loop
      vertex 23.382686614990234 -13.5 0.17499923706054688
      vertex 24.057174682617188 -12.257742881774902 -0.17499923706054688
      vertex 24.057174682617188 -12.257742881774902 0.17499923706054688
    endloop
  endfacet
  facet normal 0.8788178587817583 -0.47715738607533403 0
    outer loop
      vertex 24.057174682617188 -12.257742881774902 -0.17499923706054688
      vertex 23.382686614990234 -13.5 0.17499923706054688
      vertex 23.382686614990234 -13.5 -0.17499923706054688
    endloop
  endfacet
  facet normal 0.47715738607533403 -0.8788178587817583 0
    outer loop
      vertex 12.257742881774902 -24.057174682617188 -0.17499923706054688
      vertex 13.5 -23.382686614990234 0.17499923706054688
      vertex 12.257742881774902 -24.057174682617188 0.17499923706054688
    endloop
  endfacet
  facet normal 0.47715738607533403 -0.8788178587817583 0
    outer loop
      vertex 13.5 -23.382686614990234 0.17499923706054688
      vertex 12.257742881774902 -24.057174682617188 -0.17499923706054688
      vertex 13.5 -23.382686614990234 -0.17499923706054688
    endloop
  endfacet
  facet normal 0.8526394538337742 -0.5224997241779591 0
    outer loop
      vertex 22.64410400390625 -14.705253601074219 0.17499923706054688
      vertex 23.382686614990234 -13.5 -0.17499923706054688
      vertex 23.382686614990234 -13.5 0.17499923706054688
    endloop
  endfacet
  facet normal 0.8526394538337742 -0.5224997241779591 0
    outer loop
      vertex 23.382686614990234 -13.5 -0.17499923706054688
      vertex 22.64410400390625 -14.705253601074219 0.17499923706054688
      vertex 22.64410400390625 -14.705253601074219 -0.17499923706054688
    endloop
  endfacet
  facet normal -0.9588196039090843 0.28401578681409057 0
    outer loop
      vertex -26.079998016357422 6.9881134033203125 -0.17499923706054688
      vertex -25.678525924682617 8.34345817565918 0.17499923706054688
      vertex -25.678525924682617 8.34345817565918 -0.17499923706054688
    endloop
  endfacet
  facet normal -0.9588196039090843 0.28401578681409057 0
    outer loop
      vertex -25.678525924682617 8.34345817565918 0.17499923706054688
      vertex -26.079998016357422 6.9881134033203125 -0.17499923706054688
      vertex -26.079998016357422 6.9881134033203125 0.17499923706054688
    endloop
  endfacet
  facet normal 0.13052720046830457 0.9914447286348882 0
    outer loop
      vertex 4.223730087280273 26.667583465576172 -0.17499923706054688
      vertex 2.822268486022949 26.85209083557129 0.17499923706054688
      vertex 4.223730087280273 26.667583465576172 0.17499923706054688
    endloop
  endfacet
  facet normal 0.13052720046830457 0.9914447286348882 0
    outer loop
      vertex 2.822268486022949 26.85209083557129 0.17499923706054688
      vertex 4.223730087280273 26.667583465576172 -0.17499923706054688
      vertex 2.822268486022949 26.85209083557129 -0.17499923706054688
    endloop
  endfacet
  facet normal -0.5664060384938903 -0.8241263249997889 0
    outer loop
      vertex -15.870201110839844 -21.84345817565918 -0.17499923706054688
      vertex -14.705253601074219 -22.64410400390625 0.17499923706054688
      vertex -15.870201110839844 -21.84345817565918 0.17499923706054688
    endloop
  endfacet
  facet normal -0.5664060384938903 -0.8241263249997889 0
    outer loop
      vertex -14.705253601074219 -22.64410400390625 0.17499923706054688
      vertex -15.870201110839844 -21.84345817565918 -0.17499923706054688
      vertex -14.705253601074219 -22.64410400390625 -0.17499923706054688
    endloop
  endfacet
  facet normal -0.5664060384938903 0.8241263249997889 0
    outer loop
      vertex -14.705253601074219 22.64410400390625 -0.17499923706054688
      vertex -15.870201110839844 21.84345817565918 0.17499923706054688
      vertex -14.705253601074219 22.64410400390625 0.17499923706054688
    endloop
  endfacet
  facet normal -0.5664060384938903 0.8241263249997889 0
    outer loop
      vertex -15.870201110839844 21.84345817565918 0.17499923706054688
      vertex -14.705253601074219 22.64410400390625 -0.17499923706054688
      vertex -15.870201110839844 21.84345817565918 -0.17499923706054688
    endloop
  endfacet
  facet normal 0.7253745183374504 0.6883544204453923 0
    outer loop
      vertex 20.064910888671875 18.066524505615234 0.17499923706054688
      vertex 19.091882705688477 19.091882705688477 -0.17499923706054688
      vertex 19.091882705688477 19.091882705688477 0.17499923706054688
    endloop
  endfacet
  facet normal 0.7253745183374504 0.6883544204453923 0
    outer loop
      vertex 19.091882705688477 19.091882705688477 -0.17499923706054688
      vertex 20.064910888671875 18.066524505615234 0.17499923706054688
      vertex 20.064910888671875 18.066524505615234 -0.17499923706054688
    endloop
  endfacet
  facet normal -0.18223479229940553 -0.9832550434529144 0
    outer loop
      vertex -5.613615036010742 -26.409984588623047 -0.17499923706054688
      vertex -4.223730087280273 -26.667583465576172 0.17499923706054688
      vertex -5.613615036010742 -26.409984588623047 0.17499923706054688
    endloop
  endfacet
  facet normal -0.18223479229940553 -0.9832550434529144 0
    outer loop
      vertex -4.223730087280273 -26.667583465576172 0.17499923706054688
      vertex -5.613615036010742 -26.409984588623047 -0.17499923706054688
      vertex -4.223730087280273 -26.667583465576172 -0.17499923706054688
    endloop
  endfacet
  facet normal -0.8241263249997889 -0.5664060384938903 0
    outer loop
      vertex -21.84345817565918 -15.870201110839844 -0.17499923706054688
      vertex -22.64410400390625 -14.705253601074219 0.17499923706054688
      vertex -22.64410400390625 -14.705253601074219 -0.17499923706054688
    endloop
  endfacet
  facet normal -0.8241263249997889 -0.5664060384938903 0
    outer loop
      vertex -22.64410400390625 -14.705253601074219 0.17499923706054688
      vertex -21.84345817565918 -15.870201110839844 -0.17499923706054688
      vertex -21.84345817565918 -15.870201110839844 0.17499923706054688
    endloop
  endfacet
  facet normal 0.9025853307277777 0.4305109995749562 0
    outer loop
      vertex 24.665725708007812 10.981888771057129 0.17499923706054688
      vertex 24.057174682617188 12.257742881774902 -0.17499923706054688
      vertex 24.057174682617188 12.257742881774902 0.17499923706054688
    endloop
  endfacet
  facet normal 0.9025853307277777 0.4305109995749562 0
    outer loop
      vertex 24.057174682617188 12.257742881774902 -0.17499923706054688
      vertex 24.665725708007812 10.981888771057129 0.17499923706054688
      vertex 24.665725708007812 10.981888771057129 -0.17499923706054688
    endloop
  endfacet
  facet normal -0.793353412305309 -0.6087613351581409 0
    outer loop
      vertex -20.982940673828125 -16.991649627685547 -0.17499923706054688
      vertex -21.84345817565918 -15.870201110839844 0.17499923706054688
      vertex -21.84345817565918 -15.870201110839844 -0.17499923706054688
    endloop
  endfacet
  facet normal -0.793353412305309 -0.6087613351581409 0
    outer loop
      vertex -21.84345817565918 -15.870201110839844 0.17499923706054688
      vertex -20.982940673828125 -16.991649627685547 -0.17499923706054688
      vertex -20.982940673828125 -16.991649627685547 0.17499923706054688
    endloop
  endfacet
  facet normal -0.9426413165425199 0.333807352146391 0
    outer loop
      vertex -25.678525924682617 8.34345817565918 -0.17499923706054688
      vertex -25.2066707611084 9.675933837890625 0.17499923706054688
      vertex -25.2066707611084 9.675933837890625 -0.17499923706054688
    endloop
  endfacet
  facet normal -0.9426413165425199 0.333807352146391 0
    outer loop
      vertex -25.2066707611084 9.675933837890625 0.17499923706054688
      vertex -25.678525924682617 8.34345817565918 -0.17499923706054688
      vertex -25.678525924682617 8.34345817565918 0.17499923706054688
    endloop
  endfacet
  facet normal 0.13052720046830457 -0.9914447286348882 0
    outer loop
      vertex 2.822268486022949 -26.85209083557129 -0.17499923706054688
      vertex 4.223730087280273 -26.667583465576172 0.17499923706054688
      vertex 2.822268486022949 -26.85209083557129 0.17499923706054688
    endloop
  endfacet
  facet normal 0.13052720046830457 -0.9914447286348882 0
    outer loop
      vertex 4.223730087280273 -26.667583465576172 0.17499923706054688
      vertex 2.822268486022949 -26.85209083557129 -0.17499923706054688
      vertex 4.223730087280273 -26.667583465576172 -0.17499923706054688
    endloop
  endfacet
  facet normal -0.9238793304334191 -0.3826839202238545 0
    outer loop
      vertex -24.665725708007812 -10.981888771057129 -0.17499923706054688
      vertex -25.2066707611084 -9.675933837890625 0.17499923706054688
      vertex -25.2066707611084 -9.675933837890625 -0.17499923706054688
    endloop
  endfacet
  facet normal -0.9238793304334191 -0.3826839202238545 0
    outer loop
      vertex -25.2066707611084 -9.675933837890625 0.17499923706054688
      vertex -24.665725708007812 -10.981888771057129 -0.17499923706054688
      vertex -24.665725708007812 -10.981888771057129 0.17499923706054688
    endloop
  endfacet
  facet normal -0.9426413165425199 -0.333807352146391 0
    outer loop
      vertex -25.2066707611084 -9.675933837890625 -0.17499923706054688
      vertex -25.678525924682617 -8.34345817565918 0.17499923706054688
      vertex -25.678525924682617 -8.34345817565918 -0.17499923706054688
    endloop
  endfacet
  facet normal -0.9426413165425199 -0.333807352146391 0
    outer loop
      vertex -25.678525924682617 -8.34345817565918 0.17499923706054688
      vertex -25.2066707611084 -9.675933837890625 -0.17499923706054688
      vertex -25.2066707611084 -9.675933837890625 0.17499923706054688
    endloop
  endfacet
  facet normal -0.333807352146391 0.9426413165425199 0
    outer loop
      vertex -8.34345817565918 25.678525924682617 -0.17499923706054688
      vertex -9.675933837890625 25.2066707611084 0.17499923706054688
      vertex -8.34345817565918 25.678525924682617 0.17499923706054688
    endloop
  endfacet
  facet normal -0.333807352146391 0.9426413165425199 0
    outer loop
      vertex -9.675933837890625 25.2066707611084 0.17499923706054688
      vertex -8.34345817565918 25.678525924682617 -0.17499923706054688
      vertex -9.675933837890625 25.2066707611084 -0.17499923706054688
    endloop
  endfacet
  facet normal 0.18223479229940553 -0.9832550434529144 0
    outer loop
      vertex 4.223730087280273 -26.667583465576172 -0.17499923706054688
      vertex 5.613615036010742 -26.409984588623047 0.17499923706054688
      vertex 4.223730087280273 -26.667583465576172 0.17499923706054688
    endloop
  endfacet
  facet normal 0.18223479229940553 -0.9832550434529144 0
    outer loop
      vertex 5.613615036010742 -26.409984588623047 0.17499923706054688
      vertex 4.223730087280273 -26.667583465576172 -0.17499923706054688
      vertex 5.613615036010742 -26.409984588623047 -0.17499923706054688
    endloop
  endfacet
  facet normal 0.28401578681409057 -0.9588196039090843 0
    outer loop
      vertex 6.9881134033203125 -26.079998016357422 -0.17499923706054688
      vertex 8.34345817565918 -25.678525924682617 0.17499923706054688
      vertex 6.9881134033203125 -26.079998016357422 0.17499923706054688
    endloop
  endfacet
  facet normal 0.28401578681409057 -0.9588196039090843 0
    outer loop
      vertex 8.34345817565918 -25.678525924682617 0.17499923706054688
      vertex 6.9881134033203125 -26.079998016357422 -0.17499923706054688
      vertex 8.34345817565918 -25.678525924682617 -0.17499923706054688
    endloop
  endfacet
  facet normal -0.8526394538337742 -0.5224997241779591 0
    outer loop
      vertex -22.64410400390625 -14.705253601074219 -0.17499923706054688
      vertex -23.382686614990234 -13.5 0.17499923706054688
      vertex -23.382686614990234 -13.5 -0.17499923706054688
    endloop
  endfacet
  facet normal -0.8526394538337742 -0.5224997241779591 0
    outer loop
      vertex -23.382686614990234 -13.5 0.17499923706054688
      vertex -22.64410400390625 -14.705253601074219 -0.17499923706054688
      vertex -22.64410400390625 -14.705253601074219 0.17499923706054688
    endloop
  endfacet
  facet normal 0.5664060384938903 0.8241263249997889 0
    outer loop
      vertex 15.870201110839844 21.84345817565918 -0.17499923706054688
      vertex 14.705253601074219 22.64410400390625 0.17499923706054688
      vertex 15.870201110839844 21.84345817565918 0.17499923706054688
    endloop
  endfacet
  facet normal 0.5664060384938903 0.8241263249997889 0
    outer loop
      vertex 14.705253601074219 22.64410400390625 0.17499923706054688
      vertex 15.870201110839844 21.84345817565918 -0.17499923706054688
      vertex 14.705253601074219 22.64410400390625 -0.17499923706054688
    endloop
  endfacet
  facet normal 0.6087613351581409 0.793353412305309 0
    outer loop
      vertex 16.991649627685547 20.982940673828125 -0.17499923706054688
      vertex 15.870201110839844 21.84345817565918 0.17499923706054688
      vertex 16.991649627685547 20.982940673828125 0.17499923706054688
    endloop
  endfacet
  facet normal 0.6087613351581409 0.793353412305309 0
    outer loop
      vertex 15.870201110839844 21.84345817565918 0.17499923706054688
      vertex 16.991649627685547 20.982940673828125 -0.17499923706054688
      vertex 15.870201110839844 21.84345817565918 -0.17499923706054688
    endloop
  endfacet
  facet normal -0.9025853307277777 -0.4305109995749562 0
    outer loop
      vertex -24.057174682617188 -12.257742881774902 -0.17499923706054688
      vertex -24.665725708007812 -10.981888771057129 0.17499923706054688
      vertex -24.665725708007812 -10.981888771057129 -0.17499923706054688
    endloop
  endfacet
  facet normal -0.9025853307277777 -0.4305109995749562 0
    outer loop
      vertex -24.665725708007812 -10.981888771057129 0.17499923706054688
      vertex -24.057174682617188 -12.257742881774902 -0.17499923706054688
      vertex -24.057174682617188 -12.257742881774902 0.17499923706054688
    endloop
  endfacet
  facet normal -0.47715738607533403 0.8788178587817583 0
    outer loop
      vertex -12.257742881774902 24.057174682617188 -0.17499923706054688
      vertex -13.5 23.382686614990234 0.17499923706054688
      vertex -12.257742881774902 24.057174682617188 0.17499923706054688
    endloop
  endfacet
  facet normal -0.47715738607533403 0.8788178587817583 0
    outer loop
      vertex -13.5 23.382686614990234 0.17499923706054688
      vertex -12.257742881774902 24.057174682617188 -0.17499923706054688
      vertex -13.5 23.382686614990234 -0.17499923706054688
    endloop
  endfacet
  facet normal 0.07845932652351033 -0.9969173155690884 0
    outer loop
      vertex 1.4130706787109375 -26.962997436523438 -0.17499923706054688
      vertex 2.822268486022949 -26.85209083557129 0.17499923706054688
      vertex 1.4130706787109375 -26.962997436523438 0.17499923706054688
    endloop
  endfacet
  facet normal 0.07845932652351033 -0.9969173155690884 0
    outer loop
      vertex 2.822268486022949 -26.85209083557129 0.17499923706054688
      vertex 1.4130706787109375 -26.962997436523438 -0.17499923706054688
      vertex 2.822268486022949 -26.85209083557129 -0.17499923706054688
    endloop
  endfacet
  facet normal -0.7604059961251076 -0.6494480125899091 0
    outer loop
      vertex -20.064910888671875 -18.066524505615234 -0.17499923706054688
      vertex -20.982940673828125 -16.991649627685547 0.17499923706054688
      vertex -20.982940673828125 -16.991649627685547 -0.17499923706054688
    endloop
  endfacet
  facet normal -0.7604059961251076 -0.6494480125899091 0
    outer loop
      vertex -20.982940673828125 -16.991649627685547 0.17499923706054688
      vertex -20.064910888671875 -18.066524505615234 -0.17499923706054688
      vertex -20.064910888671875 -18.066524505615234 0.17499923706054688
    endloop
  endfacet
  facet normal -0.6883544204453923 0.7253745183374504 0
    outer loop
      vertex -18.066524505615234 20.064910888671875 -0.17499923706054688
      vertex -19.091882705688477 19.091882705688477 0.17499923706054688
      vertex -18.066524505615234 20.064910888671875 0.17499923706054688
    endloop
  endfacet
  facet normal -0.6883544204453923 0.7253745183374504 0
    outer loop
      vertex -19.091882705688477 19.091882705688477 0.17499923706054688
      vertex -18.066524505615234 20.064910888671875 -0.17499923706054688
      vertex -19.091882705688477 19.091882705688477 -0.17499923706054688
    endloop
  endfacet
  facet normal 0.793353412305309 -0.6087613351581409 0
    outer loop
      vertex 20.982940673828125 -16.991649627685547 0.17499923706054688
      vertex 21.84345817565918 -15.870201110839844 -0.17499923706054688
      vertex 21.84345817565918 -15.870201110839844 0.17499923706054688
    endloop
  endfacet
  facet normal 0.793353412305309 -0.6087613351581409 0
    outer loop
      vertex 21.84345817565918 -15.870201110839844 -0.17499923706054688
      vertex 20.982940673828125 -16.991649627685547 0.17499923706054688
      vertex 20.982940673828125 -16.991649627685547 -0.17499923706054688
    endloop
  endfacet
  facet normal -0.7253745183374504 -0.6883544204453923 0
    outer loop
      vertex -19.091882705688477 -19.091882705688477 -0.17499923706054688
      vertex -20.064910888671875 -18.066524505615234 0.17499923706054688
      vertex -20.064910888671875 -18.066524505615234 -0.17499923706054688
    endloop
  endfacet
  facet normal -0.7253745183374504 -0.6883544204453923 0
    outer loop
      vertex -20.064910888671875 -18.066524505615234 0.17499923706054688
      vertex -19.091882705688477 -19.091882705688477 -0.17499923706054688
      vertex -19.091882705688477 -19.091882705688477 0.17499923706054688
    endloop
  endfacet
  facet normal -0.6087613351581409 -0.793353412305309 0
    outer loop
      vertex -16.991649627685547 -20.982940673828125 -0.17499923706054688
      vertex -15.870201110839844 -21.84345817565918 0.17499923706054688
      vertex -16.991649627685547 -20.982940673828125 0.17499923706054688
    endloop
  endfacet
  facet normal -0.6087613351581409 -0.793353412305309 0
    outer loop
      vertex -15.870201110839844 -21.84345817565918 0.17499923706054688
      vertex -16.991649627685547 -20.982940673828125 -0.17499923706054688
      vertex -15.870201110839844 -21.84345817565918 -0.17499923706054688
    endloop
  endfacet
  facet normal -0.333807352146391 -0.9426413165425199 0
    outer loop
      vertex -9.675933837890625 -25.2066707611084 -0.17499923706054688
      vertex -8.34345817565918 -25.678525924682617 0.17499923706054688
      vertex -9.675933837890625 -25.2066707611084 0.17499923706054688
    endloop
  endfacet
  facet normal -0.333807352146391 -0.9426413165425199 0
    outer loop
      vertex -8.34345817565918 -25.678525924682617 0.17499923706054688
      vertex -9.675933837890625 -25.2066707611084 -0.17499923706054688
      vertex -8.34345817565918 -25.678525924682617 -0.17499923706054688
    endloop
  endfacet
  facet normal -0.9996573194330647 -0.026177159966272512 0
    outer loop
      vertex 21 0 -0.17499923706054688
      vertex 20.971220016479492 1.0990543365478516 0.17499923706054688
      vertex 20.971220016479492 1.0990543365478516 -0.17499923706054688
    endloop
  endfacet
  facet normal -0.9996573194330647 -0.026177159966272512 0
    outer loop
      vertex 20.971220016479492 1.0990543365478516 0.17499923706054688
      vertex 21 0 -0.17499923706054688
      vertex 21 0 0.17499923706054688
    endloop
  endfacet
  facet normal 0.9723700558158626 -0.23344479979784583 0
    outer loop
      vertex -20.541099548339844 4.366145133972168 0.17499923706054688
      vertex -20.284442901611328 5.435199737548828 -0.17499923706054688
      vertex -20.284442901611328 5.435199737548828 0.17499923706054688
    endloop
  endfacet
  facet normal 0.9723700558158626 -0.23344479979784583 0
    outer loop
      vertex -20.284442901611328 5.435199737548828 -0.17499923706054688
      vertex -20.541099548339844 4.366145133972168 0.17499923706054688
      vertex -20.541099548339844 4.366145133972168 -0.17499923706054688
    endloop
  endfacet
  facet normal -0.9025851953383516 0.43051128342475486 0
    outer loop
      vertex 18.711135864257812 -9.53380012512207 -0.17499923706054688
      vertex 19.1844539642334 -8.541468620300293 0.17499923706054688
      vertex 19.1844539642334 -8.541468620300293 -0.17499923706054688
    endloop
  endfacet
  facet normal -0.9025851953383516 0.43051128342475486 0
    outer loop
      vertex 19.1844539642334 -8.541468620300293 0.17499923706054688
      vertex 18.711135864257812 -9.53380012512207 -0.17499923706054688
      vertex 18.711135864257812 -9.53380012512207 0.17499923706054688
    endloop
  endfacet
  facet normal 0.8241264486813649 0.5664058585359458 0
    outer loop
      vertex -16.989356994628906 -12.343489646911621 0.17499923706054688
      vertex -17.61208152770996 -11.437418937683105 -0.17499923706054688
      vertex -17.61208152770996 -11.437418937683105 0.17499923706054688
    endloop
  endfacet
  facet normal 0.8241264486813649 0.5664058585359458 0
    outer loop
      vertex -17.61208152770996 -11.437418937683105 -0.17499923706054688
      vertex -16.989356994628906 -12.343489646911621 0.17499923706054688
      vertex -16.989356994628906 -12.343489646911621 -0.17499923706054688
    endloop
  endfacet
  facet normal 0.1305266070922199 -0.991444806754765 0
    outer loop
      vertex -3.285122871398926 20.741455078125 -0.17499923706054688
      vertex -2.195096969604492 20.884960174560547 0.17499923706054688
      vertex -3.285122871398926 20.741455078125 0.17499923706054688
    endloop
  endfacet
  facet normal 0.1305266070922199 -0.991444806754765 0
    outer loop
      vertex -2.195096969604492 20.884960174560547 0.17499923706054688
      vertex -3.285122871398926 20.741455078125 -0.17499923706054688
      vertex -2.195096969604492 20.884960174560547 -0.17499923706054688
    endloop
  endfacet
  facet normal 0.6494478071327955 -0.7604061716019954 0
    outer loop
      vertex -14.051742553710938 15.606040954589844 -0.17499923706054688
      vertex -13.215727806091309 16.320064544677734 0.17499923706054688
      vertex -14.051742553710938 15.606040954589844 0.17499923706054688
    endloop
  endfacet
  facet normal 0.6494478071327955 -0.7604061716019954 0
    outer loop
      vertex -13.215727806091309 16.320064544677734 0.17499923706054688
      vertex -14.051742553710938 15.606040954589844 -0.17499923706054688
      vertex -13.215727806091309 16.320064544677734 -0.17499923706054688
    endloop
  endfacet
  facet normal -0.9588196019800308 -0.2840157933264544 0
    outer loop
      vertex 20.284442901611328 5.435199737548828 -0.17499923706054688
      vertex 19.972187042236328 6.48935604095459 0.17499923706054688
      vertex 19.972187042236328 6.48935604095459 -0.17499923706054688
    endloop
  endfacet
  facet normal -0.9588196019800308 -0.2840157933264544 0
    outer loop
      vertex 19.972187042236328 6.48935604095459 0.17499923706054688
      vertex 20.284442901611328 5.435199737548828 -0.17499923706054688
      vertex 20.284442901611328 5.435199737548828 0.17499923706054688
    endloop
  endfacet
  facet normal -0.6087617555932365 0.7933530896940155 0
    outer loop
      vertex 13.215727806091309 -16.320064544677734 -0.17499923706054688
      vertex 12.343489646911621 -16.989356994628906 0.17499923706054688
      vertex 13.215727806091309 -16.320064544677734 0.17499923706054688
    endloop
  endfacet
  facet normal -0.6087617555932365 0.7933530896940155 0
    outer loop
      vertex 12.343489646911621 -16.989356994628906 0.17499923706054688
      vertex 13.215727806091309 -16.320064544677734 -0.17499923706054688
      vertex 12.343489646911621 -16.989356994628906 -0.17499923706054688
    endloop
  endfacet
  facet normal 0.9238794784290099 0.3826835629312299 0
    outer loop
      vertex -19.1844539642334 -8.541468620300293 0.17499923706054688
      vertex -19.605188369750977 -7.525726318359375 -0.17499923706054688
      vertex -19.605188369750977 -7.525726318359375 0.17499923706054688
    endloop
  endfacet
  facet normal 0.9238794784290099 0.3826835629312299 0
    outer loop
      vertex -19.605188369750977 -7.525726318359375 -0.17499923706054688
      vertex -19.1844539642334 -8.541468620300293 0.17499923706054688
      vertex -19.1844539642334 -8.541468620300293 -0.17499923706054688
    endloop
  endfacet
  facet normal -0.9723700558158626 -0.23344479979784583 0
    outer loop
      vertex 20.541099548339844 4.366145133972168 -0.17499923706054688
      vertex 20.284442901611328 5.435199737548828 0.17499923706054688
      vertex 20.284442901611328 5.435199737548828 -0.17499923706054688
    endloop
  endfacet
  facet normal -0.9723700558158626 -0.23344479979784583 0
    outer loop
      vertex 20.284442901611328 5.435199737548828 0.17499923706054688
      vertex 20.541099548339844 4.366145133972168 -0.17499923706054688
      vertex 20.541099548339844 4.366145133972168 0.17499923706054688
    endloop
  endfacet
  facet normal 0.8526400092777183 0.522498817777507 0
    outer loop
      vertex -17.61208152770996 -11.437418937683105 0.17499923706054688
      vertex -18.186532974243164 -10.5 -0.17499923706054688
      vertex -18.186532974243164 -10.5 0.17499923706054688
    endloop
  endfacet
  facet normal 0.8526400092777183 0.522498817777507 0
    outer loop
      vertex -18.186532974243164 -10.5 -0.17499923706054688
      vertex -17.61208152770996 -11.437418937683105 0.17499923706054688
      vertex -17.61208152770996 -11.437418937683105 -0.17499923706054688
    endloop
  endfacet
  facet normal 0.991444806754765 0.1305266070922199 0
    outer loop
      vertex -20.741455078125 -3.285122871398926 0.17499923706054688
      vertex -20.884960174560547 -2.195096969604492 -0.17499923706054688
      vertex -20.884960174560547 -2.195096969604492 0.17499923706054688
    endloop
  endfacet
  facet normal 0.991444806754765 0.1305266070922199 0
    outer loop
      vertex -20.884960174560547 -2.195096969604492 -0.17499923706054688
      vertex -20.741455078125 -3.285122871398926 0.17499923706054688
      vertex -20.741455078125 -3.285122871398926 -0.17499923706054688
    endloop
  endfacet
  facet normal -0.9832549244990425 -0.18223543411856621 0
    outer loop
      vertex 20.741455078125 3.285122871398926 -0.17499923706054688
      vertex 20.541099548339844 4.366145133972168 0.17499923706054688
      vertex 20.541099548339844 4.366145133972168 -0.17499923706054688
    endloop
  endfacet
  facet normal -0.9832549244990425 -0.18223543411856621 0
    outer loop
      vertex 20.541099548339844 4.366145133972168 0.17499923706054688
      vertex 20.741455078125 3.285122871398926 -0.17499923706054688
      vertex 20.741455078125 3.285122871398926 0.17499923706054688
    endloop
  endfacet
  facet normal -0.522498817777507 -0.8526400092777183 0
    outer loop
      vertex 10.5 18.186532974243164 -0.17499923706054688
      vertex 11.437418937683105 17.61208152770996 0.17499923706054688
      vertex 10.5 18.186532974243164 0.17499923706054688
    endloop
  endfacet
  facet normal -0.522498817777507 -0.8526400092777183 0
    outer loop
      vertex 11.437418937683105 17.61208152770996 0.17499923706054688
      vertex 10.5 18.186532974243164 -0.17499923706054688
      vertex 11.437418937683105 17.61208152770996 -0.17499923706054688
    endloop
  endfacet
  facet normal -0.5664058585359458 0.8241264486813649 0
    outer loop
      vertex 12.343489646911621 -16.989356994628906 -0.17499923706054688
      vertex 11.437418937683105 -17.61208152770996 0.17499923706054688
      vertex 12.343489646911621 -16.989356994628906 0.17499923706054688
    endloop
  endfacet
  facet normal -0.5664058585359458 0.8241264486813649 0
    outer loop
      vertex 11.437418937683105 -17.61208152770996 0.17499923706054688
      vertex 12.343489646911621 -16.989356994628906 -0.17499923706054688
      vertex 11.437418937683105 -17.61208152770996 -0.17499923706054688
    endloop
  endfacet
  facet normal -0.6494478071327955 0.7604061716019954 0
    outer loop
      vertex 14.051742553710938 -15.606040954589844 -0.17499923706054688
      vertex 13.215727806091309 -16.320064544677734 0.17499923706054688
      vertex 14.051742553710938 -15.606040954589844 0.17499923706054688
    endloop
  endfacet
  facet normal -0.6494478071327955 0.7604061716019954 0
    outer loop
      vertex 13.215727806091309 -16.320064544677734 0.17499923706054688
      vertex 14.051742553710938 -15.606040954589844 -0.17499923706054688
      vertex 13.215727806091309 -16.320064544677734 -0.17499923706054688
    endloop
  endfacet
  facet normal -0.725374449105663 -0.6883544934004979 0
    outer loop
      vertex 15.606040954589844 14.051742553710938 -0.17499923706054688
      vertex 14.849242210388184 14.849242210388184 0.17499923706054688
      vertex 14.849242210388184 14.849242210388184 -0.17499923706054688
    endloop
  endfacet
  facet normal -0.725374449105663 -0.6883544934004979 0
    outer loop
      vertex 14.849242210388184 14.849242210388184 0.17499923706054688
      vertex 15.606040954589844 14.051742553710938 -0.17499923706054688
      vertex 15.606040954589844 14.051742553710938 0.17499923706054688
    endloop
  endfacet
  facet normal 0.8788174326808662 -0.47715817085764267 0
    outer loop
      vertex -18.711135864257812 9.53380012512207 0.17499923706054688
      vertex -18.186532974243164 10.5 -0.17499923706054688
      vertex -18.186532974243164 10.5 0.17499923706054688
    endloop
  endfacet
  facet normal 0.8788174326808662 -0.47715817085764267 0
    outer loop
      vertex -18.186532974243164 10.5 -0.17499923706054688
      vertex -18.711135864257812 9.53380012512207 0.17499923706054688
      vertex -18.711135864257812 9.53380012512207 -0.17499923706054688
    endloop
  endfacet
  facet normal 0.2840157933264544 0.9588196019800308 0
    outer loop
      vertex -5.435199737548828 -20.284442901611328 -0.17499923706054688
      vertex -6.48935604095459 -19.972187042236328 0.17499923706054688
      vertex -5.435199737548828 -20.284442901611328 0.17499923706054688
    endloop
  endfacet
  facet normal 0.2840157933264544 0.9588196019800308 0
    outer loop
      vertex -6.48935604095459 -19.972187042236328 0.17499923706054688
      vertex -5.435199737548828 -20.284442901611328 -0.17499923706054688
      vertex -6.48935604095459 -19.972187042236328 -0.17499923706054688
    endloop
  endfacet
  facet normal -0.23344479979784583 0.9723700558158626 0
    outer loop
      vertex 5.435199737548828 -20.284442901611328 -0.17499923706054688
      vertex 4.366145133972168 -20.541099548339844 0.17499923706054688
      vertex 5.435199737548828 -20.284442901611328 0.17499923706054688
    endloop
  endfacet
  facet normal -0.23344479979784583 0.9723700558158626 0
    outer loop
      vertex 4.366145133972168 -20.541099548339844 0.17499923706054688
      vertex 5.435199737548828 -20.284442901611328 -0.17499923706054688
      vertex 4.366145133972168 -20.541099548339844 -0.17499923706054688
    endloop
  endfacet
  facet normal -0.2840157933264544 -0.9588196019800308 0
    outer loop
      vertex 5.435199737548828 20.284442901611328 -0.17499923706054688
      vertex 6.48935604095459 19.972187042236328 0.17499923706054688
      vertex 5.435199737548828 20.284442901611328 0.17499923706054688
    endloop
  endfacet
  facet normal -0.2840157933264544 -0.9588196019800308 0
    outer loop
      vertex 6.48935604095459 19.972187042236328 0.17499923706054688
      vertex 5.435199737548828 20.284442901611328 -0.17499923706054688
      vertex 6.48935604095459 19.972187042236328 -0.17499923706054688
    endloop
  endfacet
  facet normal 0.5664058585359458 -0.8241264486813649 0
    outer loop
      vertex -12.343489646911621 16.989356994628906 -0.17499923706054688
      vertex -11.437418937683105 17.61208152770996 0.17499923706054688
      vertex -12.343489646911621 16.989356994628906 0.17499923706054688
    endloop
  endfacet
  facet normal 0.5664058585359458 -0.8241264486813649 0
    outer loop
      vertex -11.437418937683105 17.61208152770996 0.17499923706054688
      vertex -12.343489646911621 16.989356994628906 -0.17499923706054688
      vertex -11.437418937683105 17.61208152770996 -0.17499923706054688
    endloop
  endfacet
  facet normal -0.6087617555932365 -0.7933530896940155 0
    outer loop
      vertex 12.343489646911621 16.989356994628906 -0.17499923706054688
      vertex 13.215727806091309 16.320064544677734 0.17499923706054688
      vertex 12.343489646911621 16.989356994628906 0.17499923706054688
    endloop
  endfacet
  facet normal -0.6087617555932365 -0.7933530896940155 0
    outer loop
      vertex 13.215727806091309 16.320064544677734 0.17499923706054688
      vertex 12.343489646911621 16.989356994628906 -0.17499923706054688
      vertex 13.215727806091309 16.320064544677734 -0.17499923706054688
    endloop
  endfacet
  facet normal 0.522498817777507 0.8526400092777183 0
    outer loop
      vertex -10.5 -18.186532974243164 -0.17499923706054688
      vertex -11.437418937683105 -17.61208152770996 0.17499923706054688
      vertex -10.5 -18.186532974243164 0.17499923706054688
    endloop
  endfacet
  facet normal 0.522498817777507 0.8526400092777183 0
    outer loop
      vertex -11.437418937683105 -17.61208152770996 0.17499923706054688
      vertex -10.5 -18.186532974243164 -0.17499923706054688
      vertex -11.437418937683105 -17.61208152770996 -0.17499923706054688
    endloop
  endfacet
  facet normal -0.7933530896940155 -0.6087617555932365 0
    outer loop
      vertex 16.989356994628906 12.343489646911621 -0.17499923706054688
      vertex 16.320064544677734 13.215727806091309 0.17499923706054688
      vertex 16.320064544677734 13.215727806091309 -0.17499923706054688
    endloop
  endfacet
  facet normal -0.7933530896940155 -0.6087617555932365 0
    outer loop
      vertex 16.320064544677734 13.215727806091309 0.17499923706054688
      vertex 16.989356994628906 12.343489646911621 -0.17499923706054688
      vertex 16.989356994628906 12.343489646911621 0.17499923706054688
    endloop
  endfacet
  facet normal 0.5664058585359458 0.8241264486813649 0
    outer loop
      vertex -11.437418937683105 -17.61208152770996 -0.17499923706054688
      vertex -12.343489646911621 -16.989356994628906 0.17499923706054688
      vertex -11.437418937683105 -17.61208152770996 0.17499923706054688
    endloop
  endfacet
  facet normal 0.5664058585359458 0.8241264486813649 0
    outer loop
      vertex -12.343489646911621 -16.989356994628906 0.17499923706054688
      vertex -11.437418937683105 -17.61208152770996 -0.17499923706054688
      vertex -12.343489646911621 -16.989356994628906 -0.17499923706054688
    endloop
  endfacet
  facet normal -0.23344479979784583 -0.9723700558158626 0
    outer loop
      vertex 4.366145133972168 20.541099548339844 -0.17499923706054688
      vertex 5.435199737548828 20.284442901611328 0.17499923706054688
      vertex 4.366145133972168 20.541099548339844 0.17499923706054688
    endloop
  endfacet
  facet normal -0.23344479979784583 -0.9723700558158626 0
    outer loop
      vertex 5.435199737548828 20.284442901611328 0.17499923706054688
      vertex 4.366145133972168 20.541099548339844 -0.17499923706054688
      vertex 5.435199737548828 20.284442901611328 -0.17499923706054688
    endloop
  endfacet
  facet normal -0.18223543411856621 -0.9832549244990425 0
    outer loop
      vertex 3.285122871398926 20.741455078125 -0.17499923706054688
      vertex 4.366145133972168 20.541099548339844 0.17499923706054688
      vertex 3.285122871398926 20.741455078125 0.17499923706054688
    endloop
  endfacet
  facet normal -0.18223543411856621 -0.9832549244990425 0
    outer loop
      vertex 4.366145133972168 20.541099548339844 0.17499923706054688
      vertex 3.285122871398926 20.741455078125 -0.17499923706054688
      vertex 4.366145133972168 20.541099548339844 -0.17499923706054688
    endloop
  endfacet
  facet normal -0.47715817085764267 -0.8788174326808662 0
    outer loop
      vertex 9.53380012512207 18.711135864257812 -0.17499923706054688
      vertex 10.5 18.186532974243164 0.17499923706054688
      vertex 9.53380012512207 18.711135864257812 0.17499923706054688
    endloop
  endfacet
  facet normal -0.47715817085764267 -0.8788174326808662 0
    outer loop
      vertex 10.5 18.186532974243164 0.17499923706054688
      vertex 9.53380012512207 18.711135864257812 -0.17499923706054688
      vertex 10.5 18.186532974243164 -0.17499923706054688
    endloop
  endfacet
  facet normal 0.8788174326808662 0.47715817085764267 0
    outer loop
      vertex -18.186532974243164 -10.5 0.17499923706054688
      vertex -18.711135864257812 -9.53380012512207 -0.17499923706054688
      vertex -18.711135864257812 -9.53380012512207 0.17499923706054688
    endloop
  endfacet
  facet normal 0.8788174326808662 0.47715817085764267 0
    outer loop
      vertex -18.711135864257812 -9.53380012512207 -0.17499923706054688
      vertex -18.186532974243164 -10.5 0.17499923706054688
      vertex -18.186532974243164 -10.5 -0.17499923706054688
    endloop
  endfacet
  facet normal -0.1305266070922199 0.991444806754765 0
    outer loop
      vertex 3.285122871398926 -20.741455078125 -0.17499923706054688
      vertex 2.195096969604492 -20.884960174560547 0.17499923706054688
      vertex 3.285122871398926 -20.741455078125 0.17499923706054688
    endloop
  endfacet
  facet normal -0.1305266070922199 0.991444806754765 0
    outer loop
      vertex 2.195096969604492 -20.884960174560547 0.17499923706054688
      vertex 3.285122871398926 -20.741455078125 -0.17499923706054688
      vertex 2.195096969604492 -20.884960174560547 -0.17499923706054688
    endloop
  endfacet
  facet normal -0.1305266070922199 -0.991444806754765 0
    outer loop
      vertex 2.195096969604492 20.884960174560547 -0.17499923706054688
      vertex 3.285122871398926 20.741455078125 0.17499923706054688
      vertex 2.195096969604492 20.884960174560547 0.17499923706054688
    endloop
  endfacet
  facet normal -0.1305266070922199 -0.991444806754765 0
    outer loop
      vertex 3.285122871398926 20.741455078125 0.17499923706054688
      vertex 2.195096969604492 20.884960174560547 -0.17499923706054688
      vertex 3.285122871398926 20.741455078125 -0.17499923706054688
    endloop
  endfacet
  facet normal -0.8526400092777183 -0.522498817777507 0
    outer loop
      vertex 18.186532974243164 10.5 -0.17499923706054688
      vertex 17.61208152770996 11.437418937683105 0.17499923706054688
      vertex 17.61208152770996 11.437418937683105 -0.17499923706054688
    endloop
  endfacet
  facet normal -0.8526400092777183 -0.522498817777507 0
    outer loop
      vertex 17.61208152770996 11.437418937683105 0.17499923706054688
      vertex 18.186532974243164 10.5 -0.17499923706054688
      vertex 18.186532974243164 10.5 0.17499923706054688
    endloop
  endfacet
  facet normal -0.9996573194330647 0.026177159966272512 0
    outer loop
      vertex 20.971220016479492 -1.0990543365478516 -0.17499923706054688
      vertex 21 0 0.17499923706054688
      vertex 21 0 -0.17499923706054688
    endloop
  endfacet
  facet normal -0.9996573194330647 0.026177159966272512 0
    outer loop
      vertex 21 0 0.17499923706054688
      vertex 20.971220016479492 -1.0990543365478516 -0.17499923706054688
      vertex 20.971220016479492 -1.0990543365478516 0.17499923706054688
    endloop
  endfacet
  facet normal -0.2840157933264544 0.9588196019800308 0
    outer loop
      vertex 6.48935604095459 -19.972187042236328 -0.17499923706054688
      vertex 5.435199737548828 -20.284442901611328 0.17499923706054688
      vertex 6.48935604095459 -19.972187042236328 0.17499923706054688
    endloop
  endfacet
  facet normal -0.2840157933264544 0.9588196019800308 0
    outer loop
      vertex 5.435199737548828 -20.284442901611328 0.17499923706054688
      vertex 6.48935604095459 -19.972187042236328 -0.17499923706054688
      vertex 5.435199737548828 -20.284442901611328 -0.17499923706054688
    endloop
  endfacet
  facet normal -0.9238794784290099 -0.3826835629312299 0
    outer loop
      vertex 19.605188369750977 7.525726318359375 -0.17499923706054688
      vertex 19.1844539642334 8.541468620300293 0.17499923706054688
      vertex 19.1844539642334 8.541468620300293 -0.17499923706054688
    endloop
  endfacet
  facet normal -0.9238794784290099 -0.3826835629312299 0
    outer loop
      vertex 19.1844539642334 8.541468620300293 0.17499923706054688
      vertex 19.605188369750977 7.525726318359375 -0.17499923706054688
      vertex 19.605188369750977 7.525726318359375 0.17499923706054688
    endloop
  endfacet
  facet normal 0.9426412881065006 0.3338074324470879 0
    outer loop
      vertex -19.605188369750977 -7.525726318359375 0.17499923706054688
      vertex -19.972187042236328 -6.48935604095459 -0.17499923706054688
      vertex -19.972187042236328 -6.48935604095459 0.17499923706054688
    endloop
  endfacet
  facet normal 0.9426412881065006 0.3338074324470879 0
    outer loop
      vertex -19.972187042236328 -6.48935604095459 -0.17499923706054688
      vertex -19.605188369750977 -7.525726318359375 0.17499923706054688
      vertex -19.605188369750977 -7.525726318359375 -0.17499923706054688
    endloop
  endfacet
  facet normal -0.9025851953383516 -0.43051128342475486 0
    outer loop
      vertex 19.1844539642334 8.541468620300293 -0.17499923706054688
      vertex 18.711135864257812 9.53380012512207 0.17499923706054688
      vertex 18.711135864257812 9.53380012512207 -0.17499923706054688
    endloop
  endfacet
  facet normal -0.9025851953383516 -0.43051128342475486 0
    outer loop
      vertex 18.711135864257812 9.53380012512207 0.17499923706054688
      vertex 19.1844539642334 8.541468620300293 -0.17499923706054688
      vertex 19.1844539642334 8.541468620300293 0.17499923706054688
    endloop
  endfacet
  facet normal -0.9723700558158626 0.23344479979784583 0
    outer loop
      vertex 20.284442901611328 -5.435199737548828 -0.17499923706054688
      vertex 20.541099548339844 -4.366145133972168 0.17499923706054688
      vertex 20.541099548339844 -4.366145133972168 -0.17499923706054688
    endloop
  endfacet
  facet normal -0.9723700558158626 0.23344479979784583 0
    outer loop
      vertex 20.541099548339844 -4.366145133972168 0.17499923706054688
      vertex 20.284442901611328 -5.435199737548828 -0.17499923706054688
      vertex 20.284442901611328 -5.435199737548828 0.17499923706054688
    endloop
  endfacet
  facet normal -0.07845856776435886 -0.9969173752846148 0
    outer loop
      vertex 1.0990543365478516 20.971220016479492 -0.17499923706054688
      vertex 2.195096969604492 20.884960174560547 0.17499923706054688
      vertex 1.0990543365478516 20.971220016479492 0.17499923706054688
    endloop
  endfacet
  facet normal -0.07845856776435886 -0.9969173752846148 0
    outer loop
      vertex 2.195096969604492 20.884960174560547 0.17499923706054688
      vertex 1.0990543365478516 20.971220016479492 -0.17499923706054688
      vertex 2.195096969604492 20.884960174560547 -0.17499923706054688
    endloop
  endfacet
  facet normal 0.9996573194330647 0.026177159966272512 0
    outer loop
      vertex -20.971220016479492 -1.0990543365478516 0.17499923706054688
      vertex -21 0 -0.17499923706054688
      vertex -21 0 0.17499923706054688
    endloop
  endfacet
  facet normal 0.9996573194330647 0.026177159966272512 0
    outer loop
      vertex -21 0 -0.17499923706054688
      vertex -20.971220016479492 -1.0990543365478516 0.17499923706054688
      vertex -20.971220016479492 -1.0990543365478516 -0.17499923706054688
    endloop
  endfacet
  facet normal 0.43051128342475486 0.9025851953383516 0
    outer loop
      vertex -8.541468620300293 -19.1844539642334 -0.17499923706054688
      vertex -9.53380012512207 -18.711135864257812 0.17499923706054688
      vertex -8.541468620300293 -19.1844539642334 0.17499923706054688
    endloop
  endfacet
  facet normal 0.43051128342475486 0.9025851953383516 0
    outer loop
      vertex -9.53380012512207 -18.711135864257812 0.17499923706054688
      vertex -8.541468620300293 -19.1844539642334 -0.17499923706054688
      vertex -9.53380012512207 -18.711135864257812 -0.17499923706054688
    endloop
  endfacet
  facet normal 0.3338074324470879 -0.9426412881065006 0
    outer loop
      vertex -7.525726318359375 19.605188369750977 -0.17499923706054688
      vertex -6.48935604095459 19.972187042236328 0.17499923706054688
      vertex -7.525726318359375 19.605188369750977 0.17499923706054688
    endloop
  endfacet
  facet normal 0.3338074324470879 -0.9426412881065006 0
    outer loop
      vertex -6.48935604095459 19.972187042236328 0.17499923706054688
      vertex -7.525726318359375 19.605188369750977 -0.17499923706054688
      vertex -6.48935604095459 19.972187042236328 -0.17499923706054688
    endloop
  endfacet
  facet normal -0.026177159966272512 -0.9996573194330647 0
    outer loop
      vertex 0 21 -0.17499923706054688
      vertex 1.0990543365478516 20.971220016479492 0.17499923706054688
      vertex 0 21 0.17499923706054688
    endloop
  endfacet
  facet normal -0.026177159966272512 -0.9996573194330647 0
    outer loop
      vertex 1.0990543365478516 20.971220016479492 0.17499923706054688
      vertex 0 21 -0.17499923706054688
      vertex 1.0990543365478516 20.971220016479492 -0.17499923706054688
    endloop
  endfacet
  facet normal 0.026177159966272512 -0.9996573194330647 0
    outer loop
      vertex -1.0990543365478516 20.971220016479492 -0.17499923706054688
      vertex 0 21 0.17499923706054688
      vertex -1.0990543365478516 20.971220016479492 0.17499923706054688
    endloop
  endfacet
  facet normal 0.026177159966272512 -0.9996573194330647 0
    outer loop
      vertex 0 21 0.17499923706054688
      vertex -1.0990543365478516 20.971220016479492 -0.17499923706054688
      vertex 0 21 -0.17499923706054688
    endloop
  endfacet
  facet normal -0.7604061716019954 0.6494478071327955 0
    outer loop
      vertex 15.606040954589844 -14.051742553710938 -0.17499923706054688
      vertex 16.320064544677734 -13.215727806091309 0.17499923706054688
      vertex 16.320064544677734 -13.215727806091309 -0.17499923706054688
    endloop
  endfacet
  facet normal -0.7604061716019954 0.6494478071327955 0
    outer loop
      vertex 16.320064544677734 -13.215727806091309 0.17499923706054688
      vertex 15.606040954589844 -14.051742553710938 -0.17499923706054688
      vertex 15.606040954589844 -14.051742553710938 0.17499923706054688
    endloop
  endfacet
  facet normal -0.9832549244990425 0.18223543411856621 0
    outer loop
      vertex 20.541099548339844 -4.366145133972168 -0.17499923706054688
      vertex 20.741455078125 -3.285122871398926 0.17499923706054688
      vertex 20.741455078125 -3.285122871398926 -0.17499923706054688
    endloop
  endfacet
  facet normal -0.9832549244990425 0.18223543411856621 0
    outer loop
      vertex 20.741455078125 -3.285122871398926 0.17499923706054688
      vertex 20.541099548339844 -4.366145133972168 -0.17499923706054688
      vertex 20.541099548339844 -4.366145133972168 0.17499923706054688
    endloop
  endfacet
  facet normal 0.18223543411856621 -0.9832549244990425 0
    outer loop
      vertex -4.366145133972168 20.541099548339844 -0.17499923706054688
      vertex -3.285122871398926 20.741455078125 0.17499923706054688
      vertex -4.366145133972168 20.541099548339844 0.17499923706054688
    endloop
  endfacet
  facet normal 0.18223543411856621 -0.9832549244990425 0
    outer loop
      vertex -3.285122871398926 20.741455078125 0.17499923706054688
      vertex -4.366145133972168 20.541099548339844 -0.17499923706054688
      vertex -3.285122871398926 20.741455078125 -0.17499923706054688
    endloop
  endfacet
  facet normal -0.8788174326808662 -0.47715817085764267 0
    outer loop
      vertex 18.711135864257812 9.53380012512207 -0.17499923706054688
      vertex 18.186532974243164 10.5 0.17499923706054688
      vertex 18.186532974243164 10.5 -0.17499923706054688
    endloop
  endfacet
  facet normal -0.8788174326808662 -0.47715817085764267 0
    outer loop
      vertex 18.186532974243164 10.5 0.17499923706054688
      vertex 18.711135864257812 9.53380012512207 -0.17499923706054688
      vertex 18.711135864257812 9.53380012512207 0.17499923706054688
    endloop
  endfacet
  facet normal -0.6883544934004979 0.725374449105663 0
    outer loop
      vertex 14.849242210388184 -14.849242210388184 -0.17499923706054688
      vertex 14.051742553710938 -15.606040954589844 0.17499923706054688
      vertex 14.849242210388184 -14.849242210388184 0.17499923706054688
    endloop
  endfacet
  facet normal -0.6883544934004979 0.725374449105663 0
    outer loop
      vertex 14.051742553710938 -15.606040954589844 0.17499923706054688
      vertex 14.849242210388184 -14.849242210388184 -0.17499923706054688
      vertex 14.051742553710938 -15.606040954589844 -0.17499923706054688
    endloop
  endfacet
  facet normal -0.5664058585359458 -0.8241264486813649 0
    outer loop
      vertex 11.437418937683105 17.61208152770996 -0.17499923706054688
      vertex 12.343489646911621 16.989356994628906 0.17499923706054688
      vertex 11.437418937683105 17.61208152770996 0.17499923706054688
    endloop
  endfacet
  facet normal -0.5664058585359458 -0.8241264486813649 0
    outer loop
      vertex 12.343489646911621 16.989356994628906 0.17499923706054688
      vertex 11.437418937683105 17.61208152770996 -0.17499923706054688
      vertex 12.343489646911621 16.989356994628906 -0.17499923706054688
    endloop
  endfacet
  facet normal -0.8241264486813649 0.5664058585359458 0
    outer loop
      vertex 16.989356994628906 -12.343489646911621 -0.17499923706054688
      vertex 17.61208152770996 -11.437418937683105 0.17499923706054688
      vertex 17.61208152770996 -11.437418937683105 -0.17499923706054688
    endloop
  endfacet
  facet normal -0.8241264486813649 0.5664058585359458 0
    outer loop
      vertex 17.61208152770996 -11.437418937683105 0.17499923706054688
      vertex 16.989356994628906 -12.343489646911621 -0.17499923706054688
      vertex 16.989356994628906 -12.343489646911621 0.17499923706054688
    endloop
  endfacet
  facet normal -0.725374449105663 0.6883544934004979 0
    outer loop
      vertex 14.849242210388184 -14.849242210388184 -0.17499923706054688
      vertex 15.606040954589844 -14.051742553710938 0.17499923706054688
      vertex 15.606040954589844 -14.051742553710938 -0.17499923706054688
    endloop
  endfacet
  facet normal -0.725374449105663 0.6883544934004979 0
    outer loop
      vertex 15.606040954589844 -14.051742553710938 0.17499923706054688
      vertex 14.849242210388184 -14.849242210388184 -0.17499923706054688
      vertex 14.849242210388184 -14.849242210388184 0.17499923706054688
    endloop
  endfacet
  facet normal 0.9426412881065006 -0.3338074324470879 0
    outer loop
      vertex -19.972187042236328 6.48935604095459 0.17499923706054688
      vertex -19.605188369750977 7.525726318359375 -0.17499923706054688
      vertex -19.605188369750977 7.525726318359375 0.17499923706054688
    endloop
  endfacet
  facet normal 0.9426412881065006 -0.3338074324470879 0
    outer loop
      vertex -19.605188369750977 7.525726318359375 -0.17499923706054688
      vertex -19.972187042236328 6.48935604095459 0.17499923706054688
      vertex -19.972187042236328 6.48935604095459 -0.17499923706054688
    endloop
  endfacet
  facet normal -0.43051128342475486 0.9025851953383516 0
    outer loop
      vertex 9.53380012512207 -18.711135864257812 -0.17499923706054688
      vertex 8.541468620300293 -19.1844539642334 0.17499923706054688
      vertex 9.53380012512207 -18.711135864257812 0.17499923706054688
    endloop
  endfacet
  facet normal -0.43051128342475486 0.9025851953383516 0
    outer loop
      vertex 8.541468620300293 -19.1844539642334 0.17499923706054688
      vertex 9.53380012512207 -18.711135864257812 -0.17499923706054688
      vertex 8.541468620300293 -19.1844539642334 -0.17499923706054688
    endloop
  endfacet
  facet normal -0.9969173752846148 0.07845856776435886 0
    outer loop
      vertex 20.884960174560547 -2.195096969604492 -0.17499923706054688
      vertex 20.971220016479492 -1.0990543365478516 0.17499923706054688
      vertex 20.971220016479492 -1.0990543365478516 -0.17499923706054688
    endloop
  endfacet
  facet normal -0.9969173752846148 0.07845856776435886 0
    outer loop
      vertex 20.971220016479492 -1.0990543365478516 0.17499923706054688
      vertex 20.884960174560547 -2.195096969604492 -0.17499923706054688
      vertex 20.884960174560547 -2.195096969604492 0.17499923706054688
    endloop
  endfacet
  facet normal 0.6087617555932365 0.7933530896940155 0
    outer loop
      vertex -12.343489646911621 -16.989356994628906 -0.17499923706054688
      vertex -13.215727806091309 -16.320064544677734 0.17499923706054688
      vertex -12.343489646911621 -16.989356994628906 0.17499923706054688
    endloop
  endfacet
  facet normal 0.6087617555932365 0.7933530896940155 0
    outer loop
      vertex -13.215727806091309 -16.320064544677734 0.17499923706054688
      vertex -12.343489646911621 -16.989356994628906 -0.17499923706054688
      vertex -13.215727806091309 -16.320064544677734 -0.17499923706054688
    endloop
  endfacet
  facet normal -0.7604061716019954 -0.6494478071327955 0
    outer loop
      vertex 16.320064544677734 13.215727806091309 -0.17499923706054688
      vertex 15.606040954589844 14.051742553710938 0.17499923706054688
      vertex 15.606040954589844 14.051742553710938 -0.17499923706054688
    endloop
  endfacet
  facet normal -0.7604061716019954 -0.6494478071327955 0
    outer loop
      vertex 15.606040954589844 14.051742553710938 0.17499923706054688
      vertex 16.320064544677734 13.215727806091309 -0.17499923706054688
      vertex 16.320064544677734 13.215727806091309 0.17499923706054688
    endloop
  endfacet
  facet normal -0.9588196019800308 0.2840157933264544 0
    outer loop
      vertex 19.972187042236328 -6.48935604095459 -0.17499923706054688
      vertex 20.284442901611328 -5.435199737548828 0.17499923706054688
      vertex 20.284442901611328 -5.435199737548828 -0.17499923706054688
    endloop
  endfacet
  facet normal -0.9588196019800308 0.2840157933264544 0
    outer loop
      vertex 20.284442901611328 -5.435199737548828 0.17499923706054688
      vertex 19.972187042236328 -6.48935604095459 -0.17499923706054688
      vertex 19.972187042236328 -6.48935604095459 0.17499923706054688
    endloop
  endfacet
  facet normal -0.9426412881065006 -0.3338074324470879 0
    outer loop
      vertex 19.972187042236328 6.48935604095459 -0.17499923706054688
      vertex 19.605188369750977 7.525726318359375 0.17499923706054688
      vertex 19.605188369750977 7.525726318359375 -0.17499923706054688
    endloop
  endfacet
  facet normal -0.9426412881065006 -0.3338074324470879 0
    outer loop
      vertex 19.605188369750977 7.525726318359375 0.17499923706054688
      vertex 19.972187042236328 6.48935604095459 -0.17499923706054688
      vertex 19.972187042236328 6.48935604095459 0.17499923706054688
    endloop
  endfacet
  facet normal -0.026177159966272512 0.9996573194330647 0
    outer loop
      vertex 1.0990543365478516 -20.971220016479492 -0.17499923706054688
      vertex 0 -21 0.17499923706054688
      vertex 1.0990543365478516 -20.971220016479492 0.17499923706054688
    endloop
  endfacet
  facet normal -0.026177159966272512 0.9996573194330647 0
    outer loop
      vertex 0 -21 0.17499923706054688
      vertex 1.0990543365478516 -20.971220016479492 -0.17499923706054688
      vertex 0 -21 -0.17499923706054688
    endloop
  endfacet
  facet normal -0.8241264486813649 -0.5664058585359458 0
    outer loop
      vertex 17.61208152770996 11.437418937683105 -0.17499923706054688
      vertex 16.989356994628906 12.343489646911621 0.17499923706054688
      vertex 16.989356994628906 12.343489646911621 -0.17499923706054688
    endloop
  endfacet
  facet normal -0.8241264486813649 -0.5664058585359458 0
    outer loop
      vertex 16.989356994628906 12.343489646911621 0.17499923706054688
      vertex 17.61208152770996 11.437418937683105 -0.17499923706054688
      vertex 17.61208152770996 11.437418937683105 0.17499923706054688
    endloop
  endfacet
  facet normal -0.991444806754765 -0.1305266070922199 0
    outer loop
      vertex 20.884960174560547 2.195096969604492 -0.17499923706054688
      vertex 20.741455078125 3.285122871398926 0.17499923706054688
      vertex 20.741455078125 3.285122871398926 -0.17499923706054688
    endloop
  endfacet
  facet normal -0.991444806754765 -0.1305266070922199 0
    outer loop
      vertex 20.741455078125 3.285122871398926 0.17499923706054688
      vertex 20.884960174560547 2.195096969604492 -0.17499923706054688
      vertex 20.884960174560547 2.195096969604492 0.17499923706054688
    endloop
  endfacet
  facet normal -0.9969173752846148 -0.07845856776435886 0
    outer loop
      vertex 20.971220016479492 1.0990543365478516 -0.17499923706054688
      vertex 20.884960174560547 2.195096969604492 0.17499923706054688
      vertex 20.884960174560547 2.195096969604492 -0.17499923706054688
    endloop
  endfacet
  facet normal -0.9969173752846148 -0.07845856776435886 0
    outer loop
      vertex 20.884960174560547 2.195096969604492 0.17499923706054688
      vertex 20.971220016479492 1.0990543365478516 -0.17499923706054688
      vertex 20.971220016479492 1.0990543365478516 0.17499923706054688
    endloop
  endfacet
  facet normal -0.991444806754765 0.1305266070922199 0
    outer loop
      vertex 20.741455078125 -3.285122871398926 -0.17499923706054688
      vertex 20.884960174560547 -2.195096969604492 0.17499923706054688
      vertex 20.884960174560547 -2.195096969604492 -0.17499923706054688
    endloop
  endfacet
  facet normal -0.991444806754765 0.1305266070922199 0
    outer loop
      vertex 20.884960174560547 -2.195096969604492 0.17499923706054688
      vertex 20.741455078125 -3.285122871398926 -0.17499923706054688
      vertex 20.741455078125 -3.285122871398926 0.17499923706054688
    endloop
  endfacet
  facet normal -0.3338074324470879 -0.9426412881065006 0
    outer loop
      vertex 6.48935604095459 19.972187042236328 -0.17499923706054688
      vertex 7.525726318359375 19.605188369750977 0.17499923706054688
      vertex 6.48935604095459 19.972187042236328 0.17499923706054688
    endloop
  endfacet
  facet normal -0.3338074324470879 -0.9426412881065006 0
    outer loop
      vertex 7.525726318359375 19.605188369750977 0.17499923706054688
      vertex 6.48935604095459 19.972187042236328 -0.17499923706054688
      vertex 7.525726318359375 19.605188369750977 -0.17499923706054688
    endloop
  endfacet
  facet normal 0.9969173752846148 -0.07845856776435886 0
    outer loop
      vertex -20.971220016479492 1.0990543365478516 0.17499923706054688
      vertex -20.884960174560547 2.195096969604492 -0.17499923706054688
      vertex -20.884960174560547 2.195096969604492 0.17499923706054688
    endloop
  endfacet
  facet normal 0.9969173752846148 -0.07845856776435886 0
    outer loop
      vertex -20.884960174560547 2.195096969604492 -0.17499923706054688
      vertex -20.971220016479492 1.0990543365478516 0.17499923706054688
      vertex -20.971220016479492 1.0990543365478516 -0.17499923706054688
    endloop
  endfacet
  facet normal -0.6883544934004979 -0.725374449105663 0
    outer loop
      vertex 14.051742553710938 15.606040954589844 -0.17499923706054688
      vertex 14.849242210388184 14.849242210388184 0.17499923706054688
      vertex 14.051742553710938 15.606040954589844 0.17499923706054688
    endloop
  endfacet
  facet normal -0.6883544934004979 -0.725374449105663 0
    outer loop
      vertex 14.849242210388184 14.849242210388184 0.17499923706054688
      vertex 14.051742553710938 15.606040954589844 -0.17499923706054688
      vertex 14.849242210388184 14.849242210388184 -0.17499923706054688
    endloop
  endfacet
  facet normal -0.3826835629312299 0.9238794784290099 0
    outer loop
      vertex 8.541468620300293 -19.1844539642334 -0.17499923706054688
      vertex 7.525726318359375 -19.605188369750977 0.17499923706054688
      vertex 8.541468620300293 -19.1844539642334 0.17499923706054688
    endloop
  endfacet
  facet normal -0.3826835629312299 0.9238794784290099 0
    outer loop
      vertex 7.525726318359375 -19.605188369750977 0.17499923706054688
      vertex 8.541468620300293 -19.1844539642334 -0.17499923706054688
      vertex 7.525726318359375 -19.605188369750977 -0.17499923706054688
    endloop
  endfacet
  facet normal -0.8526400092777183 0.522498817777507 0
    outer loop
      vertex 17.61208152770996 -11.437418937683105 -0.17499923706054688
      vertex 18.186532974243164 -10.5 0.17499923706054688
      vertex 18.186532974243164 -10.5 -0.17499923706054688
    endloop
  endfacet
  facet normal -0.8526400092777183 0.522498817777507 0
    outer loop
      vertex 18.186532974243164 -10.5 0.17499923706054688
      vertex 17.61208152770996 -11.437418937683105 -0.17499923706054688
      vertex 17.61208152770996 -11.437418937683105 0.17499923706054688
    endloop
  endfacet
  facet normal 0.23344479979784583 0.9723700558158626 0
    outer loop
      vertex -4.366145133972168 -20.541099548339844 -0.17499923706054688
      vertex -5.435199737548828 -20.284442901611328 0.17499923706054688
      vertex -4.366145133972168 -20.541099548339844 0.17499923706054688
    endloop
  endfacet
  facet normal 0.23344479979784583 0.9723700558158626 0
    outer loop
      vertex -5.435199737548828 -20.284442901611328 0.17499923706054688
      vertex -4.366145133972168 -20.541099548339844 -0.17499923706054688
      vertex -5.435199737548828 -20.284442901611328 -0.17499923706054688
    endloop
  endfacet
  facet normal -0.6494478071327955 -0.7604061716019954 0
    outer loop
      vertex 13.215727806091309 16.320064544677734 -0.17499923706054688
      vertex 14.051742553710938 15.606040954589844 0.17499923706054688
      vertex 13.215727806091309 16.320064544677734 0.17499923706054688
    endloop
  endfacet
  facet normal -0.6494478071327955 -0.7604061716019954 0
    outer loop
      vertex 14.051742553710938 15.606040954589844 0.17499923706054688
      vertex 13.215727806091309 16.320064544677734 -0.17499923706054688
      vertex 14.051742553710938 15.606040954589844 -0.17499923706054688
    endloop
  endfacet
  facet normal 0.9588196019800308 0.2840157933264544 0
    outer loop
      vertex -19.972187042236328 -6.48935604095459 0.17499923706054688
      vertex -20.284442901611328 -5.435199737548828 -0.17499923706054688
      vertex -20.284442901611328 -5.435199737548828 0.17499923706054688
    endloop
  endfacet
  facet normal 0.9588196019800308 0.2840157933264544 0
    outer loop
      vertex -20.284442901611328 -5.435199737548828 -0.17499923706054688
      vertex -19.972187042236328 -6.48935604095459 0.17499923706054688
      vertex -19.972187042236328 -6.48935604095459 -0.17499923706054688
    endloop
  endfacet
  facet normal 0.6883544934004979 -0.725374449105663 0
    outer loop
      vertex -14.849242210388184 14.849242210388184 -0.17499923706054688
      vertex -14.051742553710938 15.606040954589844 0.17499923706054688
      vertex -14.849242210388184 14.849242210388184 0.17499923706054688
    endloop
  endfacet
  facet normal 0.6883544934004979 -0.725374449105663 0
    outer loop
      vertex -14.051742553710938 15.606040954589844 0.17499923706054688
      vertex -14.849242210388184 14.849242210388184 -0.17499923706054688
      vertex -14.051742553710938 15.606040954589844 -0.17499923706054688
    endloop
  endfacet
  facet normal 0.7604061716019954 0.6494478071327955 0
    outer loop
      vertex -15.606040954589844 -14.051742553710938 0.17499923706054688
      vertex -16.320064544677734 -13.215727806091309 -0.17499923706054688
      vertex -16.320064544677734 -13.215727806091309 0.17499923706054688
    endloop
  endfacet
  facet normal 0.7604061716019954 0.6494478071327955 0
    outer loop
      vertex -16.320064544677734 -13.215727806091309 -0.17499923706054688
      vertex -15.606040954589844 -14.051742553710938 0.17499923706054688
      vertex -15.606040954589844 -14.051742553710938 -0.17499923706054688
    endloop
  endfacet
  facet normal 0.7933530896940155 0.6087617555932365 0
    outer loop
      vertex -16.320064544677734 -13.215727806091309 0.17499923706054688
      vertex -16.989356994628906 -12.343489646911621 -0.17499923706054688
      vertex -16.989356994628906 -12.343489646911621 0.17499923706054688
    endloop
  endfacet
  facet normal 0.7933530896940155 0.6087617555932365 0
    outer loop
      vertex -16.989356994628906 -12.343489646911621 -0.17499923706054688
      vertex -16.320064544677734 -13.215727806091309 0.17499923706054688
      vertex -16.320064544677734 -13.215727806091309 -0.17499923706054688
    endloop
  endfacet
  facet normal 0.9025851953383516 -0.43051128342475486 0
    outer loop
      vertex -19.1844539642334 8.541468620300293 0.17499923706054688
      vertex -18.711135864257812 9.53380012512207 -0.17499923706054688
      vertex -18.711135864257812 9.53380012512207 0.17499923706054688
    endloop
  endfacet
  facet normal 0.9025851953383516 -0.43051128342475486 0
    outer loop
      vertex -18.711135864257812 9.53380012512207 -0.17499923706054688
      vertex -19.1844539642334 8.541468620300293 0.17499923706054688
      vertex -19.1844539642334 8.541468620300293 -0.17499923706054688
    endloop
  endfacet
  facet normal -0.7933530896940155 0.6087617555932365 0
    outer loop
      vertex 16.320064544677734 -13.215727806091309 -0.17499923706054688
      vertex 16.989356994628906 -12.343489646911621 0.17499923706054688
      vertex 16.989356994628906 -12.343489646911621 -0.17499923706054688
    endloop
  endfacet
  facet normal -0.7933530896940155 0.6087617555932365 0
    outer loop
      vertex 16.989356994628906 -12.343489646911621 0.17499923706054688
      vertex 16.320064544677734 -13.215727806091309 -0.17499923706054688
      vertex 16.320064544677734 -13.215727806091309 0.17499923706054688
    endloop
  endfacet
  facet normal -0.9426412881065006 0.3338074324470879 0
    outer loop
      vertex 19.605188369750977 -7.525726318359375 -0.17499923706054688
      vertex 19.972187042236328 -6.48935604095459 0.17499923706054688
      vertex 19.972187042236328 -6.48935604095459 -0.17499923706054688
    endloop
  endfacet
  facet normal -0.9426412881065006 0.3338074324470879 0
    outer loop
      vertex 19.972187042236328 -6.48935604095459 0.17499923706054688
      vertex 19.605188369750977 -7.525726318359375 -0.17499923706054688
      vertex 19.605188369750977 -7.525726318359375 0.17499923706054688
    endloop
  endfacet
  facet normal 0.6087617555932365 -0.7933530896940155 0
    outer loop
      vertex -13.215727806091309 16.320064544677734 -0.17499923706054688
      vertex -12.343489646911621 16.989356994628906 0.17499923706054688
      vertex -13.215727806091309 16.320064544677734 0.17499923706054688
    endloop
  endfacet
  facet normal 0.6087617555932365 -0.7933530896940155 0
    outer loop
      vertex -12.343489646911621 16.989356994628906 0.17499923706054688
      vertex -13.215727806091309 16.320064544677734 -0.17499923706054688
      vertex -12.343489646911621 16.989356994628906 -0.17499923706054688
    endloop
  endfacet
  facet normal 0.9723700558158626 0.23344479979784583 0
    outer loop
      vertex -20.284442901611328 -5.435199737548828 0.17499923706054688
      vertex -20.541099548339844 -4.366145133972168 -0.17499923706054688
      vertex -20.541099548339844 -4.366145133972168 0.17499923706054688
    endloop
  endfacet
  facet normal 0.9723700558158626 0.23344479979784583 0
    outer loop
      vertex -20.541099548339844 -4.366145133972168 -0.17499923706054688
      vertex -20.284442901611328 -5.435199737548828 0.17499923706054688
      vertex -20.284442901611328 -5.435199737548828 -0.17499923706054688
    endloop
  endfacet
  facet normal 0.7604061716019954 -0.6494478071327955 0
    outer loop
      vertex -16.320064544677734 13.215727806091309 0.17499923706054688
      vertex -15.606040954589844 14.051742553710938 -0.17499923706054688
      vertex -15.606040954589844 14.051742553710938 0.17499923706054688
    endloop
  endfacet
  facet normal 0.7604061716019954 -0.6494478071327955 0
    outer loop
      vertex -15.606040954589844 14.051742553710938 -0.17499923706054688
      vertex -16.320064544677734 13.215727806091309 0.17499923706054688
      vertex -16.320064544677734 13.215727806091309 -0.17499923706054688
    endloop
  endfacet
  facet normal 0.7933530896940155 -0.6087617555932365 0
    outer loop
      vertex -16.989356994628906 12.343489646911621 0.17499923706054688
      vertex -16.320064544677734 13.215727806091309 -0.17499923706054688
      vertex -16.320064544677734 13.215727806091309 0.17499923706054688
    endloop
  endfacet
  facet normal 0.7933530896940155 -0.6087617555932365 0
    outer loop
      vertex -16.320064544677734 13.215727806091309 -0.17499923706054688
      vertex -16.989356994628906 12.343489646911621 0.17499923706054688
      vertex -16.989356994628906 12.343489646911621 -0.17499923706054688
    endloop
  endfacet
  facet normal 0.3338074324470879 0.9426412881065006 0
    outer loop
      vertex -6.48935604095459 -19.972187042236328 -0.17499923706054688
      vertex -7.525726318359375 -19.605188369750977 0.17499923706054688
      vertex -6.48935604095459 -19.972187042236328 0.17499923706054688
    endloop
  endfacet
  facet normal 0.3338074324470879 0.9426412881065006 0
    outer loop
      vertex -7.525726318359375 -19.605188369750977 0.17499923706054688
      vertex -6.48935604095459 -19.972187042236328 -0.17499923706054688
      vertex -7.525726318359375 -19.605188369750977 -0.17499923706054688
    endloop
  endfacet
  facet normal -0.9238794784290099 0.3826835629312299 0
    outer loop
      vertex 19.1844539642334 -8.541468620300293 -0.17499923706054688
      vertex 19.605188369750977 -7.525726318359375 0.17499923706054688
      vertex 19.605188369750977 -7.525726318359375 -0.17499923706054688
    endloop
  endfacet
  facet normal -0.9238794784290099 0.3826835629312299 0
    outer loop
      vertex 19.605188369750977 -7.525726318359375 0.17499923706054688
      vertex 19.1844539642334 -8.541468620300293 -0.17499923706054688
      vertex 19.1844539642334 -8.541468620300293 0.17499923706054688
    endloop
  endfacet
  facet normal 0.9996573194330647 -0.026177159966272512 0
    outer loop
      vertex -21 0 0.17499923706054688
      vertex -20.971220016479492 1.0990543365478516 -0.17499923706054688
      vertex -20.971220016479492 1.0990543365478516 0.17499923706054688
    endloop
  endfacet
  facet normal 0.9996573194330647 -0.026177159966272512 0
    outer loop
      vertex -20.971220016479492 1.0990543365478516 -0.17499923706054688
      vertex -21 0 0.17499923706054688
      vertex -21 0 -0.17499923706054688
    endloop
  endfacet
  facet normal 0.6883544934004979 0.725374449105663 0
    outer loop
      vertex -14.051742553710938 -15.606040954589844 -0.17499923706054688
      vertex -14.849242210388184 -14.849242210388184 0.17499923706054688
      vertex -14.051742553710938 -15.606040954589844 0.17499923706054688
    endloop
  endfacet
  facet normal 0.6883544934004979 0.725374449105663 0
    outer loop
      vertex -14.849242210388184 -14.849242210388184 0.17499923706054688
      vertex -14.051742553710938 -15.606040954589844 -0.17499923706054688
      vertex -14.849242210388184 -14.849242210388184 -0.17499923706054688
    endloop
  endfacet
  facet normal 0.9832549244990425 0.18223543411856621 0
    outer loop
      vertex -20.541099548339844 -4.366145133972168 0.17499923706054688
      vertex -20.741455078125 -3.285122871398926 -0.17499923706054688
      vertex -20.741455078125 -3.285122871398926 0.17499923706054688
    endloop
  endfacet
  facet normal 0.9832549244990425 0.18223543411856621 0
    outer loop
      vertex -20.741455078125 -3.285122871398926 -0.17499923706054688
      vertex -20.541099548339844 -4.366145133972168 0.17499923706054688
      vertex -20.541099548339844 -4.366145133972168 -0.17499923706054688
    endloop
  endfacet
  facet normal -0.8788174326808662 0.47715817085764267 0
    outer loop
      vertex 18.186532974243164 -10.5 -0.17499923706054688
      vertex 18.711135864257812 -9.53380012512207 0.17499923706054688
      vertex 18.711135864257812 -9.53380012512207 -0.17499923706054688
    endloop
  endfacet
  facet normal -0.8788174326808662 0.47715817085764267 0
    outer loop
      vertex 18.711135864257812 -9.53380012512207 0.17499923706054688
      vertex 18.186532974243164 -10.5 -0.17499923706054688
      vertex 18.186532974243164 -10.5 0.17499923706054688
    endloop
  endfacet
  facet normal -0.18223543411856621 0.9832549244990425 0
    outer loop
      vertex 4.366145133972168 -20.541099548339844 -0.17499923706054688
      vertex 3.285122871398926 -20.741455078125 0.17499923706054688
      vertex 4.366145133972168 -20.541099548339844 0.17499923706054688
    endloop
  endfacet
  facet normal -0.18223543411856621 0.9832549244990425 0
    outer loop
      vertex 3.285122871398926 -20.741455078125 0.17499923706054688
      vertex 4.366145133972168 -20.541099548339844 -0.17499923706054688
      vertex 3.285122871398926 -20.741455078125 -0.17499923706054688
    endloop
  endfacet
  facet normal 0.6494478071327955 0.7604061716019954 0
    outer loop
      vertex -13.215727806091309 -16.320064544677734 -0.17499923706054688
      vertex -14.051742553710938 -15.606040954589844 0.17499923706054688
      vertex -13.215727806091309 -16.320064544677734 0.17499923706054688
    endloop
  endfacet
  facet normal 0.6494478071327955 0.7604061716019954 0
    outer loop
      vertex -14.051742553710938 -15.606040954589844 0.17499923706054688
      vertex -13.215727806091309 -16.320064544677734 -0.17499923706054688
      vertex -14.051742553710938 -15.606040954589844 -0.17499923706054688
    endloop
  endfacet
  facet normal 0.9969173752846148 0.07845856776435886 0
    outer loop
      vertex -20.884960174560547 -2.195096969604492 0.17499923706054688
      vertex -20.971220016479492 -1.0990543365478516 -0.17499923706054688
      vertex -20.971220016479492 -1.0990543365478516 0.17499923706054688
    endloop
  endfacet
  facet normal 0.9969173752846148 0.07845856776435886 0
    outer loop
      vertex -20.971220016479492 -1.0990543365478516 -0.17499923706054688
      vertex -20.884960174560547 -2.195096969604492 0.17499923706054688
      vertex -20.884960174560547 -2.195096969604492 -0.17499923706054688
    endloop
  endfacet
  facet normal 0.9238794784290099 -0.3826835629312299 0
    outer loop
      vertex -19.605188369750977 7.525726318359375 0.17499923706054688
      vertex -19.1844539642334 8.541468620300293 -0.17499923706054688
      vertex -19.1844539642334 8.541468620300293 0.17499923706054688
    endloop
  endfacet
  facet normal 0.9238794784290099 -0.3826835629312299 0
    outer loop
      vertex -19.1844539642334 8.541468620300293 -0.17499923706054688
      vertex -19.605188369750977 7.525726318359375 0.17499923706054688
      vertex -19.605188369750977 7.525726318359375 -0.17499923706054688
    endloop
  endfacet
  facet normal -0.3338074324470879 0.9426412881065006 0
    outer loop
      vertex 7.525726318359375 -19.605188369750977 -0.17499923706054688
      vertex 6.48935604095459 -19.972187042236328 0.17499923706054688
      vertex 7.525726318359375 -19.605188369750977 0.17499923706054688
    endloop
  endfacet
  facet normal -0.3338074324470879 0.9426412881065006 0
    outer loop
      vertex 6.48935604095459 -19.972187042236328 0.17499923706054688
      vertex 7.525726318359375 -19.605188369750977 -0.17499923706054688
      vertex 6.48935604095459 -19.972187042236328 -0.17499923706054688
    endloop
  endfacet
  facet normal 0.1305266070922199 0.991444806754765 0
    outer loop
      vertex -2.195096969604492 -20.884960174560547 -0.17499923706054688
      vertex -3.285122871398926 -20.741455078125 0.17499923706054688
      vertex -2.195096969604492 -20.884960174560547 0.17499923706054688
    endloop
  endfacet
  facet normal 0.1305266070922199 0.991444806754765 0
    outer loop
      vertex -3.285122871398926 -20.741455078125 0.17499923706054688
      vertex -2.195096969604492 -20.884960174560547 -0.17499923706054688
      vertex -3.285122871398926 -20.741455078125 -0.17499923706054688
    endloop
  endfacet
  facet normal 0.47715817085764267 -0.8788174326808662 0
    outer loop
      vertex -10.5 18.186532974243164 -0.17499923706054688
      vertex -9.53380012512207 18.711135864257812 0.17499923706054688
      vertex -10.5 18.186532974243164 0.17499923706054688
    endloop
  endfacet
  facet normal 0.47715817085764267 -0.8788174326808662 0
    outer loop
      vertex -9.53380012512207 18.711135864257812 0.17499923706054688
      vertex -10.5 18.186532974243164 -0.17499923706054688
      vertex -9.53380012512207 18.711135864257812 -0.17499923706054688
    endloop
  endfacet
  facet normal 0.23344479979784583 -0.9723700558158626 0
    outer loop
      vertex -5.435199737548828 20.284442901611328 -0.17499923706054688
      vertex -4.366145133972168 20.541099548339844 0.17499923706054688
      vertex -5.435199737548828 20.284442901611328 0.17499923706054688
    endloop
  endfacet
  facet normal 0.23344479979784583 -0.9723700558158626 0
    outer loop
      vertex -4.366145133972168 20.541099548339844 0.17499923706054688
      vertex -5.435199737548828 20.284442901611328 -0.17499923706054688
      vertex -4.366145133972168 20.541099548339844 -0.17499923706054688
    endloop
  endfacet
  facet normal 0.725374449105663 -0.6883544934004979 0
    outer loop
      vertex -15.606040954589844 14.051742553710938 0.17499923706054688
      vertex -14.849242210388184 14.849242210388184 -0.17499923706054688
      vertex -14.849242210388184 14.849242210388184 0.17499923706054688
    endloop
  endfacet
  facet normal 0.725374449105663 -0.6883544934004979 0
    outer loop
      vertex -14.849242210388184 14.849242210388184 -0.17499923706054688
      vertex -15.606040954589844 14.051742553710938 0.17499923706054688
      vertex -15.606040954589844 14.051742553710938 -0.17499923706054688
    endloop
  endfacet
  facet normal 0.8241264486813649 -0.5664058585359458 0
    outer loop
      vertex -17.61208152770996 11.437418937683105 0.17499923706054688
      vertex -16.989356994628906 12.343489646911621 -0.17499923706054688
      vertex -16.989356994628906 12.343489646911621 0.17499923706054688
    endloop
  endfacet
  facet normal 0.8241264486813649 -0.5664058585359458 0
    outer loop
      vertex -16.989356994628906 12.343489646911621 -0.17499923706054688
      vertex -17.61208152770996 11.437418937683105 0.17499923706054688
      vertex -17.61208152770996 11.437418937683105 -0.17499923706054688
    endloop
  endfacet
  facet normal 0.3826835629312299 -0.9238794784290099 0
    outer loop
      vertex -8.541468620300293 19.1844539642334 -0.17499923706054688
      vertex -7.525726318359375 19.605188369750977 0.17499923706054688
      vertex -8.541468620300293 19.1844539642334 0.17499923706054688
    endloop
  endfacet
  facet normal 0.3826835629312299 -0.9238794784290099 0
    outer loop
      vertex -7.525726318359375 19.605188369750977 0.17499923706054688
      vertex -8.541468620300293 19.1844539642334 -0.17499923706054688
      vertex -7.525726318359375 19.605188369750977 -0.17499923706054688
    endloop
  endfacet
  facet normal 0.9588196019800308 -0.2840157933264544 0
    outer loop
      vertex -20.284442901611328 5.435199737548828 0.17499923706054688
      vertex -19.972187042236328 6.48935604095459 -0.17499923706054688
      vertex -19.972187042236328 6.48935604095459 0.17499923706054688
    endloop
  endfacet
  facet normal 0.9588196019800308 -0.2840157933264544 0
    outer loop
      vertex -19.972187042236328 6.48935604095459 -0.17499923706054688
      vertex -20.284442901611328 5.435199737548828 0.17499923706054688
      vertex -20.284442901611328 5.435199737548828 -0.17499923706054688
    endloop
  endfacet
  facet normal 0.8526400092777183 -0.522498817777507 0
    outer loop
      vertex -18.186532974243164 10.5 0.17499923706054688
      vertex -17.61208152770996 11.437418937683105 -0.17499923706054688
      vertex -17.61208152770996 11.437418937683105 0.17499923706054688
    endloop
  endfacet
  facet normal 0.8526400092777183 -0.522498817777507 0
    outer loop
      vertex -17.61208152770996 11.437418937683105 -0.17499923706054688
      vertex -18.186532974243164 10.5 0.17499923706054688
      vertex -18.186532974243164 10.5 -0.17499923706054688
    endloop
  endfacet
  facet normal -0.3826835629312299 -0.9238794784290099 0
    outer loop
      vertex 7.525726318359375 19.605188369750977 -0.17499923706054688
      vertex 8.541468620300293 19.1844539642334 0.17499923706054688
      vertex 7.525726318359375 19.605188369750977 0.17499923706054688
    endloop
  endfacet
  facet normal -0.3826835629312299 -0.9238794784290099 0
    outer loop
      vertex 8.541468620300293 19.1844539642334 0.17499923706054688
      vertex 7.525726318359375 19.605188369750977 -0.17499923706054688
      vertex 8.541468620300293 19.1844539642334 -0.17499923706054688
    endloop
  endfacet
  facet normal 0.9832549244990425 -0.18223543411856621 0
    outer loop
      vertex -20.741455078125 3.285122871398926 0.17499923706054688
      vertex -20.541099548339844 4.366145133972168 -0.17499923706054688
      vertex -20.541099548339844 4.366145133972168 0.17499923706054688
    endloop
  endfacet
  facet normal 0.9832549244990425 -0.18223543411856621 0
    outer loop
      vertex -20.541099548339844 4.366145133972168 -0.17499923706054688
      vertex -20.741455078125 3.285122871398926 0.17499923706054688
      vertex -20.741455078125 3.285122871398926 -0.17499923706054688
    endloop
  endfacet
  facet normal 0.9025851953383516 0.43051128342475486 0
    outer loop
      vertex -18.711135864257812 -9.53380012512207 0.17499923706054688
      vertex -19.1844539642334 -8.541468620300293 -0.17499923706054688
      vertex -19.1844539642334 -8.541468620300293 0.17499923706054688
    endloop
  endfacet
  facet normal 0.9025851953383516 0.43051128342475486 0
    outer loop
      vertex -19.1844539642334 -8.541468620300293 -0.17499923706054688
      vertex -18.711135864257812 -9.53380012512207 0.17499923706054688
      vertex -18.711135864257812 -9.53380012512207 -0.17499923706054688
    endloop
  endfacet
  facet normal 0.18223543411856621 0.9832549244990425 0
    outer loop
      vertex -3.285122871398926 -20.741455078125 -0.17499923706054688
      vertex -4.366145133972168 -20.541099548339844 0.17499923706054688
      vertex -3.285122871398926 -20.741455078125 0.17499923706054688
    endloop
  endfacet
  facet normal 0.18223543411856621 0.9832549244990425 0
    outer loop
      vertex -4.366145133972168 -20.541099548339844 0.17499923706054688
      vertex -3.285122871398926 -20.741455078125 -0.17499923706054688
      vertex -4.366145133972168 -20.541099548339844 -0.17499923706054688
    endloop
  endfacet
  facet normal 0.43051128342475486 -0.9025851953383516 0
    outer loop
      vertex -9.53380012512207 18.711135864257812 -0.17499923706054688
      vertex -8.541468620300293 19.1844539642334 0.17499923706054688
      vertex -9.53380012512207 18.711135864257812 0.17499923706054688
    endloop
  endfacet
  facet normal 0.43051128342475486 -0.9025851953383516 0
    outer loop
      vertex -8.541468620300293 19.1844539642334 0.17499923706054688
      vertex -9.53380012512207 18.711135864257812 -0.17499923706054688
      vertex -8.541468620300293 19.1844539642334 -0.17499923706054688
    endloop
  endfacet
  facet normal -0.47715817085764267 0.8788174326808662 0
    outer loop
      vertex 10.5 -18.186532974243164 -0.17499923706054688
      vertex 9.53380012512207 -18.711135864257812 0.17499923706054688
      vertex 10.5 -18.186532974243164 0.17499923706054688
    endloop
  endfacet
  facet normal -0.47715817085764267 0.8788174326808662 0
    outer loop
      vertex 9.53380012512207 -18.711135864257812 0.17499923706054688
      vertex 10.5 -18.186532974243164 -0.17499923706054688
      vertex 9.53380012512207 -18.711135864257812 -0.17499923706054688
    endloop
  endfacet
  facet normal 0.725374449105663 0.6883544934004979 0
    outer loop
      vertex -14.849242210388184 -14.849242210388184 0.17499923706054688
      vertex -15.606040954589844 -14.051742553710938 -0.17499923706054688
      vertex -15.606040954589844 -14.051742553710938 0.17499923706054688
    endloop
  endfacet
  facet normal 0.725374449105663 0.6883544934004979 0
    outer loop
      vertex -15.606040954589844 -14.051742553710938 -0.17499923706054688
      vertex -14.849242210388184 -14.849242210388184 0.17499923706054688
      vertex -14.849242210388184 -14.849242210388184 -0.17499923706054688
    endloop
  endfacet
  facet normal -0.43051128342475486 -0.9025851953383516 0
    outer loop
      vertex 8.541468620300293 19.1844539642334 -0.17499923706054688
      vertex 9.53380012512207 18.711135864257812 0.17499923706054688
      vertex 8.541468620300293 19.1844539642334 0.17499923706054688
    endloop
  endfacet
  facet normal -0.43051128342475486 -0.9025851953383516 0
    outer loop
      vertex 9.53380012512207 18.711135864257812 0.17499923706054688
      vertex 8.541468620300293 19.1844539642334 -0.17499923706054688
      vertex 9.53380012512207 18.711135864257812 -0.17499923706054688
    endloop
  endfacet
  facet normal 0.522498817777507 -0.8526400092777183 0
    outer loop
      vertex -11.437418937683105 17.61208152770996 -0.17499923706054688
      vertex -10.5 18.186532974243164 0.17499923706054688
      vertex -11.437418937683105 17.61208152770996 0.17499923706054688
    endloop
  endfacet
  facet normal 0.522498817777507 -0.8526400092777183 0
    outer loop
      vertex -10.5 18.186532974243164 0.17499923706054688
      vertex -11.437418937683105 17.61208152770996 -0.17499923706054688
      vertex -10.5 18.186532974243164 -0.17499923706054688
    endloop
  endfacet
  facet normal -0.522498817777507 0.8526400092777183 0
    outer loop
      vertex 11.437418937683105 -17.61208152770996 -0.17499923706054688
      vertex 10.5 -18.186532974243164 0.17499923706054688
      vertex 11.437418937683105 -17.61208152770996 0.17499923706054688
    endloop
  endfacet
  facet normal -0.522498817777507 0.8526400092777183 0
    outer loop
      vertex 10.5 -18.186532974243164 0.17499923706054688
      vertex 11.437418937683105 -17.61208152770996 -0.17499923706054688
      vertex 10.5 -18.186532974243164 -0.17499923706054688
    endloop
  endfacet
  facet normal -0.07845856776435886 0.9969173752846148 0
    outer loop
      vertex 2.195096969604492 -20.884960174560547 -0.17499923706054688
      vertex 1.0990543365478516 -20.971220016479492 0.17499923706054688
      vertex 2.195096969604492 -20.884960174560547 0.17499923706054688
    endloop
  endfacet
  facet normal -0.07845856776435886 0.9969173752846148 0
    outer loop
      vertex 1.0990543365478516 -20.971220016479492 0.17499923706054688
      vertex 2.195096969604492 -20.884960174560547 -0.17499923706054688
      vertex 1.0990543365478516 -20.971220016479492 -0.17499923706054688
    endloop
  endfacet
  facet normal 0.3826835629312299 0.9238794784290099 0
    outer loop
      vertex -7.525726318359375 -19.605188369750977 -0.17499923706054688
      vertex -8.541468620300293 -19.1844539642334 0.17499923706054688
      vertex -7.525726318359375 -19.605188369750977 0.17499923706054688
    endloop
  endfacet
  facet normal 0.3826835629312299 0.9238794784290099 0
    outer loop
      vertex -8.541468620300293 -19.1844539642334 0.17499923706054688
      vertex -7.525726318359375 -19.605188369750977 -0.17499923706054688
      vertex -8.541468620300293 -19.1844539642334 -0.17499923706054688
    endloop
  endfacet
  facet normal 0.07845856776435886 -0.9969173752846148 0
    outer loop
      vertex -2.195096969604492 20.884960174560547 -0.17499923706054688
      vertex -1.0990543365478516 20.971220016479492 0.17499923706054688
      vertex -2.195096969604492 20.884960174560547 0.17499923706054688
    endloop
  endfacet
  facet normal 0.07845856776435886 -0.9969173752846148 0
    outer loop
      vertex -1.0990543365478516 20.971220016479492 0.17499923706054688
      vertex -2.195096969604492 20.884960174560547 -0.17499923706054688
      vertex -1.0990543365478516 20.971220016479492 -0.17499923706054688
    endloop
  endfacet
  facet normal 0.991444806754765 -0.1305266070922199 0
    outer loop
      vertex -20.884960174560547 2.195096969604492 0.17499923706054688
      vertex -20.741455078125 3.285122871398926 -0.17499923706054688
      vertex -20.741455078125 3.285122871398926 0.17499923706054688
    endloop
  endfacet
  facet normal 0.991444806754765 -0.1305266070922199 0
    outer loop
      vertex -20.741455078125 3.285122871398926 -0.17499923706054688
      vertex -20.884960174560547 2.195096969604492 0.17499923706054688
      vertex -20.884960174560547 2.195096969604492 -0.17499923706054688
    endloop
  endfacet
  facet normal 0.026177159966272512 0.9996573194330647 0
    outer loop
      vertex 0 -21 -0.17499923706054688
      vertex -1.0990543365478516 -20.971220016479492 0.17499923706054688
      vertex 0 -21 0.17499923706054688
    endloop
  endfacet
  facet normal 0.026177159966272512 0.9996573194330647 0
    outer loop
      vertex -1.0990543365478516 -20.971220016479492 0.17499923706054688
      vertex 0 -21 -0.17499923706054688
      vertex -1.0990543365478516 -20.971220016479492 -0.17499923706054688
    endloop
  endfacet
  facet normal 0.07845856776435886 0.9969173752846148 0
    outer loop
      vertex -1.0990543365478516 -20.971220016479492 -0.17499923706054688
      vertex -2.195096969604492 -20.884960174560547 0.17499923706054688
      vertex -1.0990543365478516 -20.971220016479492 0.17499923706054688
    endloop
  endfacet
  facet normal 0.07845856776435886 0.9969173752846148 0
    outer loop
      vertex -2.195096969604492 -20.884960174560547 0.17499923706054688
      vertex -1.0990543365478516 -20.971220016479492 -0.17499923706054688
      vertex -2.195096969604492 -20.884960174560547 -0.17499923706054688
    endloop
  endfacet
  facet normal 0.47715817085764267 0.8788174326808662 0
    outer loop
      vertex -9.53380012512207 -18.711135864257812 -0.17499923706054688
      vertex -10.5 -18.186532974243164 0.17499923706054688
      vertex -9.53380012512207 -18.711135864257812 0.17499923706054688
    endloop
  endfacet
  facet normal 0.47715817085764267 0.8788174326808662 0
    outer loop
      vertex -10.5 -18.186532974243164 0.17499923706054688
      vertex -9.53380012512207 -18.711135864257812 -0.17499923706054688
      vertex -10.5 -18.186532974243164 -0.17499923706054688
    endloop
  endfacet
  facet normal 0.2840157933264544 -0.9588196019800308 0
    outer loop
      vertex -6.48935604095459 19.972187042236328 -0.17499923706054688
      vertex -5.435199737548828 20.284442901611328 0.17499923706054688
      vertex -6.48935604095459 19.972187042236328 0.17499923706054688
    endloop
  endfacet
  facet normal 0.2840157933264544 -0.9588196019800308 0
    outer loop
      vertex -5.435199737548828 20.284442901611328 0.17499923706054688
      vertex -6.48935604095459 19.972187042236328 -0.17499923706054688
      vertex -5.435199737548828 20.284442901611328 -0.17499923706054688
    endloop
  endfacet
  facet normal 0.7253737943191703 0.6883551834009896 0
    outer loop
      vertex 28.239501953125 25.426963806152344 0.17499923706054688
      vertex 26.87005615234375 26.87005615234375 -0.17499923706054688
      vertex 26.87005615234375 26.87005615234375 0.17499923706054688
    endloop
  endfacet
  facet normal 0.7253737943191703 0.6883551834009896 0
    outer loop
      vertex 26.87005615234375 26.87005615234375 -0.17499923706054688
      vertex 28.239501953125 25.426963806152344 0.17499923706054688
      vertex 28.239501953125 25.426963806152344 -0.17499923706054688
    endloop
  endfacet
  facet normal -0.9914449291937413 -0.13052567707549817 0
    outer loop
      vertex -37.53215789794922 -5.944509506225586 -0.17499923706054688
      vertex -37.791831970214844 -3.972081184387207 0.17499923706054688
      vertex -37.791831970214844 -3.972081184387207 -0.17499923706054688
    endloop
  endfacet
  facet normal -0.9914449291937413 -0.13052567707549817 0
    outer loop
      vertex -37.791831970214844 -3.972081184387207 0.17499923706054688
      vertex -37.53215789794922 -5.944509506225586 -0.17499923706054688
      vertex -37.53215789794922 -5.944509506225586 0.17499923706054688
    endloop
  endfacet
  facet normal -0.7933531630454771 0.6087616599998203 0
    outer loop
      vertex -30.742645263671875 22.335838317871094 -0.17499923706054688
      vertex -29.531545639038086 23.914173126220703 0.17499923706054688
      vertex -29.531545639038086 23.914173126220703 -0.17499923706054688
    endloop
  endfacet
  facet normal -0.7933531630454771 0.6087616599998203 0
    outer loop
      vertex -29.531545639038086 23.914173126220703 0.17499923706054688
      vertex -30.742645263671875 22.335838317871094 -0.17499923706054688
      vertex -30.742645263671875 22.335838317871094 0.17499923706054688
    endloop
  endfacet
  facet normal -0.3826838827462919 -0.923879345957156 0
    outer loop
      vertex -15.455991744995117 -34.714725494384766 -0.17499923706054688
      vertex -13.617981910705566 -35.47605514526367 0.17499923706054688
      vertex -15.455991744995117 -34.714725494384766 0.17499923706054688
    endloop
  endfacet
  facet normal -0.3826838827462919 -0.923879345957156 0
    outer loop
      vertex -13.617981910705566 -35.47605514526367 0.17499923706054688
      vertex -15.455991744995117 -34.714725494384766 -0.17499923706054688
      vertex -13.617981910705566 -35.47605514526367 -0.17499923706054688
    endloop
  endfacet
  facet normal 0.5664057732927394 0.8241265072673333 0
    outer loop
      vertex 22.335838317871094 30.742645263671875 -0.17499923706054688
      vertex 20.69628143310547 31.86948013305664 0.17499923706054688
      vertex 22.335838317871094 30.742645263671875 0.17499923706054688
    endloop
  endfacet
  facet normal 0.5664057732927394 0.8241265072673333 0
    outer loop
      vertex 20.69628143310547 31.86948013305664 0.17499923706054688
      vertex 22.335838317871094 30.742645263671875 -0.17499923706054688
      vertex 20.69628143310547 31.86948013305664 -0.17499923706054688
    endloop
  endfacet
  facet normal -0.8788177668834811 -0.47715755533149806 0
    outer loop
      vertex -32.908966064453125 -19 -0.17499923706054688
      vertex -33.858245849609375 -17.251638412475586 0.17499923706054688
      vertex -33.858245849609375 -17.251638412475586 -0.17499923706054688
    endloop
  endfacet
  facet normal -0.8788177668834811 -0.47715755533149806 0
    outer loop
      vertex -33.858245849609375 -17.251638412475586 0.17499923706054688
      vertex -32.908966064453125 -19 -0.17499923706054688
      vertex -32.908966064453125 -19 0.17499923706054688
    endloop
  endfacet
  facet normal -0.9025852611039736 0.4305111455443073 0
    outer loop
      vertex -34.714725494384766 15.455991744995117 -0.17499923706054688
      vertex -33.858245849609375 17.251638412475586 0.17499923706054688
      vertex -33.858245849609375 17.251638412475586 -0.17499923706054688
    endloop
  endfacet
  facet normal -0.9025852611039736 0.4305111455443073 0
    outer loop
      vertex -33.858245849609375 17.251638412475586 0.17499923706054688
      vertex -34.714725494384766 15.455991744995117 -0.17499923706054688
      vertex -34.714725494384766 15.455991744995117 0.17499923706054688
    endloop
  endfacet
  facet normal -0.33380752076346076 -0.9426412568319678 0
    outer loop
      vertex -13.617981910705566 -35.47605514526367 -0.17499923706054688
      vertex -11.742645263671875 -36.1401481628418 0.17499923706054688
      vertex -13.617981910705566 -35.47605514526367 0.17499923706054688
    endloop
  endfacet
  facet normal -0.33380752076346076 -0.9426412568319678 0
    outer loop
      vertex -11.742645263671875 -36.1401481628418 0.17499923706054688
      vertex -13.617981910705566 -35.47605514526367 -0.17499923706054688
      vertex -11.742645263671875 -36.1401481628418 -0.17499923706054688
    endloop
  endfacet
  facet normal 0.02617724165414574 0.9996573172939718 0
    outer loop
      vertex 1.9887657165527344 37.94792175292969 -0.17499923706054688
      vertex 0 38 0.17499923706054688
      vertex 1.9887657165527344 37.94792175292969 0.17499923706054688
    endloop
  endfacet
  facet normal 0.02617724165414574 0.9996573172939718 0
    outer loop
      vertex 0 38 0.17499923706054688
      vertex 1.9887657165527344 37.94792175292969 -0.17499923706054688
      vertex 0 38 -0.17499923706054688
    endloop
  endfacet
  facet normal 0.9996573172939718 0.02617724165414574 0
    outer loop
      vertex 38 0 0.17499923706054688
      vertex 37.94792175292969 1.9887657165527344 -0.17499923706054688
      vertex 37.94792175292969 1.9887657165527344 0.17499923706054688
    endloop
  endfacet
  facet normal 0.9996573172939718 0.02617724165414574 0
    outer loop
      vertex 37.94792175292969 1.9887657165527344 -0.17499923706054688
      vertex 38 0 0.17499923706054688
      vertex 38 0 -0.17499923706054688
    endloop
  endfacet
  facet normal -0.9996573172939718 -0.02617724165414574 0
    outer loop
      vertex -37.94792175292969 -1.9887657165527344 -0.17499923706054688
      vertex -38 0 0.17499923706054688
      vertex -38 0 -0.17499923706054688
    endloop
  endfacet
  facet normal -0.9996573172939718 -0.02617724165414574 0
    outer loop
      vertex -38 0 0.17499923706054688
      vertex -37.94792175292969 -1.9887657165527344 -0.17499923706054688
      vertex -37.94792175292969 -1.9887657165527344 0.17499923706054688
    endloop
  endfacet
  facet normal -0.9996573172939718 0.02617724165414574 0
    outer loop
      vertex -38 0 -0.17499923706054688
      vertex -37.94792175292969 1.9887657165527344 0.17499923706054688
      vertex -37.94792175292969 1.9887657165527344 -0.17499923706054688
    endloop
  endfacet
  facet normal -0.9996573172939718 0.02617724165414574 0
    outer loop
      vertex -37.94792175292969 1.9887657165527344 0.17499923706054688
      vertex -38 0 -0.17499923706054688
      vertex -38 0 0.17499923706054688
    endloop
  endfacet
  facet normal -0.6494475789536805 -0.7604063664851858 0
    outer loop
      vertex -25.426963806152344 -28.239501953125 -0.17499923706054688
      vertex -23.914173126220703 -29.531545639038086 0.17499923706054688
      vertex -25.426963806152344 -28.239501953125 0.17499923706054688
    endloop
  endfacet
  facet normal -0.6494475789536805 -0.7604063664851858 0
    outer loop
      vertex -23.914173126220703 -29.531545639038086 0.17499923706054688
      vertex -25.426963806152344 -28.239501953125 -0.17499923706054688
      vertex -23.914173126220703 -29.531545639038086 -0.17499923706054688
    endloop
  endfacet
  facet normal 0.0784588310744672 0.9969173545617651 0
    outer loop
      vertex 3.972081184387207 37.791831970214844 -0.17499923706054688
      vertex 1.9887657165527344 37.94792175292969 0.17499923706054688
      vertex 3.972081184387207 37.791831970214844 0.17499923706054688
    endloop
  endfacet
  facet normal 0.0784588310744672 0.9969173545617651 0
    outer loop
      vertex 1.9887657165527344 37.94792175292969 0.17499923706054688
      vertex 3.972081184387207 37.791831970214844 -0.17499923706054688
      vertex 1.9887657165527344 37.94792175292969 -0.17499923706054688
    endloop
  endfacet
  facet normal -0.923879345957156 0.3826838827462919 0
    outer loop
      vertex -35.47605514526367 13.617981910705566 -0.17499923706054688
      vertex -34.714725494384766 15.455991744995117 0.17499923706054688
      vertex -34.714725494384766 15.455991744995117 -0.17499923706054688
    endloop
  endfacet
  facet normal -0.923879345957156 0.3826838827462919 0
    outer loop
      vertex -34.714725494384766 15.455991744995117 0.17499923706054688
      vertex -35.47605514526367 13.617981910705566 -0.17499923706054688
      vertex -35.47605514526367 13.617981910705566 0.17499923706054688
    endloop
  endfacet
  facet normal -0.9426412568319678 0.33380752076346076 0
    outer loop
      vertex -36.1401481628418 11.742645263671875 -0.17499923706054688
      vertex -35.47605514526367 13.617981910705566 0.17499923706054688
      vertex -35.47605514526367 13.617981910705566 -0.17499923706054688
    endloop
  endfacet
  facet normal -0.9426412568319678 0.33380752076346076 0
    outer loop
      vertex -35.47605514526367 13.617981910705566 0.17499923706054688
      vertex -36.1401481628418 11.742645263671875 -0.17499923706054688
      vertex -36.1401481628418 11.742645263671875 0.17499923706054688
    endloop
  endfacet
  facet normal -0.7253737943191703 0.6883551834009896 0
    outer loop
      vertex -28.239501953125 25.426963806152344 -0.17499923706054688
      vertex -26.87005615234375 26.87005615234375 0.17499923706054688
      vertex -26.87005615234375 26.87005615234375 -0.17499923706054688
    endloop
  endfacet
  facet normal -0.7253737943191703 0.6883551834009896 0
    outer loop
      vertex -26.87005615234375 26.87005615234375 0.17499923706054688
      vertex -28.239501953125 25.426963806152344 -0.17499923706054688
      vertex -28.239501953125 25.426963806152344 0.17499923706054688
    endloop
  endfacet
  facet normal 0.4305111455443073 0.9025852611039736 0
    outer loop
      vertex 17.251638412475586 33.858245849609375 -0.17499923706054688
      vertex 15.455991744995117 34.714725494384766 0.17499923706054688
      vertex 17.251638412475586 33.858245849609375 0.17499923706054688
    endloop
  endfacet
  facet normal 0.4305111455443073 0.9025852611039736 0
    outer loop
      vertex 15.455991744995117 34.714725494384766 0.17499923706054688
      vertex 17.251638412475586 33.858245849609375 -0.17499923706054688
      vertex 15.455991744995117 34.714725494384766 -0.17499923706054688
    endloop
  endfacet
  facet normal 0.9914449291937413 -0.13052567707549817 0
    outer loop
      vertex 37.53215789794922 -5.944509506225586 0.17499923706054688
      vertex 37.791831970214844 -3.972081184387207 -0.17499923706054688
      vertex 37.791831970214844 -3.972081184387207 0.17499923706054688
    endloop
  endfacet
  facet normal 0.9914449291937413 -0.13052567707549817 0
    outer loop
      vertex 37.791831970214844 -3.972081184387207 -0.17499923706054688
      vertex 37.53215789794922 -5.944509506225586 0.17499923706054688
      vertex 37.53215789794922 -5.944509506225586 -0.17499923706054688
    endloop
  endfacet
  facet normal 0.6883551834009896 -0.7253737943191703 0
    outer loop
      vertex 25.426963806152344 -28.239501953125 -0.17499923706054688
      vertex 26.87005615234375 -26.87005615234375 0.17499923706054688
      vertex 25.426963806152344 -28.239501953125 0.17499923706054688
    endloop
  endfacet
  facet normal 0.6883551834009896 -0.7253737943191703 0
    outer loop
      vertex 26.87005615234375 -26.87005615234375 0.17499923706054688
      vertex 25.426963806152344 -28.239501953125 -0.17499923706054688
      vertex 26.87005615234375 -26.87005615234375 -0.17499923706054688
    endloop
  endfacet
  facet normal 0.9914449291937413 0.13052567707549817 0
    outer loop
      vertex 37.791831970214844 3.972081184387207 0.17499923706054688
      vertex 37.53215789794922 5.944509506225586 -0.17499923706054688
      vertex 37.53215789794922 5.944509506225586 0.17499923706054688
    endloop
  endfacet
  facet normal 0.9914449291937413 0.13052567707549817 0
    outer loop
      vertex 37.53215789794922 5.944509506225586 -0.17499923706054688
      vertex 37.791831970214844 3.972081184387207 0.17499923706054688
      vertex 37.791831970214844 3.972081184387207 -0.17499923706054688
    endloop
  endfacet
  facet normal 0.7604063664851858 -0.6494475789536805 0
    outer loop
      vertex 28.239501953125 -25.426963806152344 0.17499923706054688
      vertex 29.531545639038086 -23.914173126220703 -0.17499923706054688
      vertex 29.531545639038086 -23.914173126220703 0.17499923706054688
    endloop
  endfacet
  facet normal 0.7604063664851858 -0.6494475789536805 0
    outer loop
      vertex 29.531545639038086 -23.914173126220703 -0.17499923706054688
      vertex 28.239501953125 -25.426963806152344 0.17499923706054688
      vertex 28.239501953125 -25.426963806152344 -0.17499923706054688
    endloop
  endfacet
  facet normal -0.02617724165414574 0.9996573172939718 0
    outer loop
      vertex 0 38 -0.17499923706054688
      vertex -1.9887657165527344 37.94792175292969 0.17499923706054688
      vertex 0 38 0.17499923706054688
    endloop
  endfacet
  facet normal -0.02617724165414574 0.9996573172939718 0
    outer loop
      vertex -1.9887657165527344 37.94792175292969 0.17499923706054688
      vertex 0 38 -0.17499923706054688
      vertex -1.9887657165527344 37.94792175292969 -0.17499923706054688
    endloop
  endfacet
  facet normal -0.3826838827462919 0.923879345957156 0
    outer loop
      vertex -13.617981910705566 35.47605514526367 -0.17499923706054688
      vertex -15.455991744995117 34.714725494384766 0.17499923706054688
      vertex -13.617981910705566 35.47605514526367 0.17499923706054688
    endloop
  endfacet
  facet normal -0.3826838827462919 0.923879345957156 0
    outer loop
      vertex -15.455991744995117 34.714725494384766 0.17499923706054688
      vertex -13.617981910705566 35.47605514526367 -0.17499923706054688
      vertex -15.455991744995117 34.714725494384766 -0.17499923706054688
    endloop
  endfacet
  facet normal 0.3826838827462919 -0.923879345957156 0
    outer loop
      vertex 13.617981910705566 -35.47605514526367 -0.17499923706054688
      vertex 15.455991744995117 -34.714725494384766 0.17499923706054688
      vertex 13.617981910705566 -35.47605514526367 0.17499923706054688
    endloop
  endfacet
  facet normal 0.3826838827462919 -0.923879345957156 0
    outer loop
      vertex 15.455991744995117 -34.714725494384766 0.17499923706054688
      vertex 13.617981910705566 -35.47605514526367 -0.17499923706054688
      vertex 15.455991744995117 -34.714725494384766 -0.17499923706054688
    endloop
  endfacet
  facet normal 0.6494475789536805 0.7604063664851858 0
    outer loop
      vertex 25.426963806152344 28.239501953125 -0.17499923706054688
      vertex 23.914173126220703 29.531545639038086 0.17499923706054688
      vertex 25.426963806152344 28.239501953125 0.17499923706054688
    endloop
  endfacet
  facet normal 0.6494475789536805 0.7604063664851858 0
    outer loop
      vertex 23.914173126220703 29.531545639038086 0.17499923706054688
      vertex 25.426963806152344 28.239501953125 -0.17499923706054688
      vertex 23.914173126220703 29.531545639038086 -0.17499923706054688
    endloop
  endfacet
  facet normal -0.9969173545617651 0.0784588310744672 0
    outer loop
      vertex -37.94792175292969 1.9887657165527344 -0.17499923706054688
      vertex -37.791831970214844 3.972081184387207 0.17499923706054688
      vertex -37.791831970214844 3.972081184387207 -0.17499923706054688
    endloop
  endfacet
  facet normal -0.9969173545617651 0.0784588310744672 0
    outer loop
      vertex -37.791831970214844 3.972081184387207 0.17499923706054688
      vertex -37.94792175292969 1.9887657165527344 -0.17499923706054688
      vertex -37.94792175292969 1.9887657165527344 0.17499923706054688
    endloop
  endfacet
  facet normal 0 0 1
    outer loop
      vertex 28.5 0 0.17499923706054688
      vertex 38 0 0.17499923706054688
      vertex 37.94792175292969 1.9887657165527344 0.17499923706054688
    endloop
  endfacet
  facet normal 0 0 1
    outer loop
      vertex 28.460941314697266 1.4915742874145508 0.17499923706054688
      vertex 37.94792175292969 1.9887657165527344 0.17499923706054688
      vertex 37.791831970214844 3.972081184387207 0.17499923706054688
    endloop
  endfacet
  facet normal 0 0 1
    outer loop
      vertex 38 0 0.17499923706054688
      vertex 28.5 0 0.17499923706054688
      vertex 37.94792175292969 -1.9887657165527344 0.17499923706054688
    endloop
  endfacet
  facet normal 0 0 1
    outer loop
      vertex 28.343873977661133 2.9790611267089844 0.17499923706054688
      vertex 37.791831970214844 3.972081184387207 0.17499923706054688
      vertex 37.53215789794922 5.944509506225586 0.17499923706054688
    endloop
  endfacet
  facet normal 0 0 1
    outer loop
      vertex 28.460941314697266 -1.4915742874145508 0.17499923706054688
      vertex 37.94792175292969 -1.9887657165527344 0.17499923706054688
      vertex 28.5 0 0.17499923706054688
    endloop
  endfacet
  facet normal 0 0 1
    outer loop
      vertex 28.14911651611328 4.458381652832031 0.17499923706054688
      vertex 37.53215789794922 5.944509506225586 0.17499923706054688
      vertex 37.16960906982422 7.900643348693848 0.17499923706054688
    endloop
  endfacet
  facet normal 0 0 1
    outer loop
      vertex 37.94792175292969 -1.9887657165527344 0.17499923706054688
      vertex 28.460941314697266 -1.4915742874145508 0.17499923706054688
      vertex 37.791831970214844 -3.972081184387207 0.17499923706054688
    endloop
  endfacet
  facet normal 0 0 1
    outer loop
      vertex 27.87720489501953 5.925482749938965 0.17499923706054688
      vertex 37.16960906982422 7.900643348693848 0.17499923706054688
      vertex 36.70518112182617 9.835123062133789 0.17499923706054688
    endloop
  endfacet
  facet normal 0 0 1
    outer loop
      vertex 28.343873977661133 -2.9790611267089844 0.17499923706054688
      vertex 37.791831970214844 -3.972081184387207 0.17499923706054688
      vertex 28.460941314697266 -1.4915742874145508 0.17499923706054688
    endloop
  endfacet
  facet normal 0 0 1
    outer loop
      vertex 27.528884887695312 7.3763427734375 0.17499923706054688
      vertex 36.70518112182617 9.835123062133789 0.17499923706054688
      vertex 36.1401481628418 11.742645263671875 0.17499923706054688
    endloop
  endfacet
  facet normal 0 0 1
    outer loop
      vertex 37.791831970214844 -3.972081184387207 0.17499923706054688
      vertex 28.343873977661133 -2.9790611267089844 0.17499923706054688
      vertex 37.53215789794922 -5.944509506225586 0.17499923706054688
    endloop
  endfacet
  facet normal 0 0 1
    outer loop
      vertex 27.10511016845703 8.806983947753906 0.17499923706054688
      vertex 36.1401481628418 11.742645263671875 0.17499923706054688
      vertex 35.47605514526367 13.617981910705566 0.17499923706054688
    endloop
  endfacet
  facet normal 0 0 1
    outer loop
      vertex 28.14911651611328 -4.458381652832031 0.17499923706054688
      vertex 37.53215789794922 -5.944509506225586 0.17499923706054688
      vertex 28.343873977661133 -2.9790611267089844 0.17499923706054688
    endloop
  endfacet
  facet normal 0 0 1
    outer loop
      vertex 26.607040405273438 10.213485717773438 0.17499923706054688
      vertex 35.47605514526367 13.617981910705566 0.17499923706054688
      vertex 34.714725494384766 15.455991744995117 0.17499923706054688
    endloop
  endfacet
  facet normal 0 0 1
    outer loop
      vertex 37.53215789794922 -5.944509506225586 0.17499923706054688
      vertex 28.14911651611328 -4.458381652832031 0.17499923706054688
      vertex 37.16960906982422 -7.900643348693848 0.17499923706054688
    endloop
  endfacet
  facet normal 0 0 1
    outer loop
      vertex 26.03604507446289 11.591994285583496 0.17499923706054688
      vertex 34.714725494384766 15.455991744995117 0.17499923706054688
      vertex 33.858245849609375 17.251638412475586 0.17499923706054688
    endloop
  endfacet
  facet normal 0 0 1
    outer loop
      vertex 27.87720489501953 -5.925482749938965 0.17499923706054688
      vertex 37.16960906982422 -7.900643348693848 0.17499923706054688
      vertex 28.14911651611328 -4.458381652832031 0.17499923706054688
    endloop
  endfacet
  facet normal 0 0 1
    outer loop
      vertex 25.39368438720703 12.938728332519531 0.17499923706054688
      vertex 33.858245849609375 17.251638412475586 0.17499923706054688
      vertex 32.908966064453125 19 0.17499923706054688
    endloop
  endfacet
  facet normal 0 0 1
    outer loop
      vertex 37.16960906982422 -7.900643348693848 0.17499923706054688
      vertex 27.87720489501953 -5.925482749938965 0.17499923706054688
      vertex 36.70518112182617 -9.835123062133789 0.17499923706054688
    endloop
  endfacet
  facet normal 0 0 1
    outer loop
      vertex 24.681724548339844 14.25 0.17499923706054688
      vertex 32.908966064453125 19 0.17499923706054688
      vertex 31.86948013305664 20.69628143310547 0.17499923706054688
    endloop
  endfacet
  facet normal 0 0 1
    outer loop
      vertex 27.528884887695312 -7.3763427734375 0.17499923706054688
      vertex 36.70518112182617 -9.835123062133789 0.17499923706054688
      vertex 27.87720489501953 -5.925482749938965 0.17499923706054688
    endloop
  endfacet
  facet normal 0 0 1
    outer loop
      vertex 23.902111053466797 15.522212028503418 0.17499923706054688
      vertex 31.86948013305664 20.69628143310547 0.17499923706054688
      vertex 30.742645263671875 22.335838317871094 0.17499923706054688
    endloop
  endfacet
  facet normal 0 0 1
    outer loop
      vertex 36.70518112182617 -9.835123062133789 0.17499923706054688
      vertex 27.528884887695312 -7.3763427734375 0.17499923706054688
      vertex 36.1401481628418 -11.742645263671875 0.17499923706054688
    endloop
  endfacet
  facet normal 0 0 1
    outer loop
      vertex 23.056983947753906 16.75187873840332 0.17499923706054688
      vertex 30.742645263671875 22.335838317871094 0.17499923706054688
      vertex 29.531545639038086 23.914173126220703 0.17499923706054688
    endloop
  endfacet
  facet normal 0 0 1
    outer loop
      vertex 27.10511016845703 -8.806983947753906 0.17499923706054688
      vertex 36.1401481628418 -11.742645263671875 0.17499923706054688
      vertex 27.528884887695312 -7.3763427734375 0.17499923706054688
    endloop
  endfacet
  facet normal 0 0 1
    outer loop
      vertex 36.1401481628418 -11.742645263671875 0.17499923706054688
      vertex 27.10511016845703 -8.806983947753906 0.17499923706054688
      vertex 35.47605514526367 -13.617981910705566 0.17499923706054688
    endloop
  endfacet
  facet normal 0 0 1
    outer loop
      vertex 37.94792175292969 1.9887657165527344 0.17499923706054688
      vertex 28.460941314697266 1.4915742874145508 0.17499923706054688
      vertex 28.5 0 0.17499923706054688
    endloop
  endfacet
  facet normal 0 0 1
    outer loop
      vertex 37.791831970214844 3.972081184387207 0.17499923706054688
      vertex 28.343873977661133 2.9790611267089844 0.17499923706054688
      vertex 28.460941314697266 1.4915742874145508 0.17499923706054688
    endloop
  endfacet
  facet normal 0 0 1
    outer loop
      vertex 22.148658752441406 17.935630798339844 0.17499923706054688
      vertex 29.531545639038086 23.914173126220703 0.17499923706054688
      vertex 28.239501953125 25.426963806152344 0.17499923706054688
    endloop
  endfacet
  facet normal 0 0 1
    outer loop
      vertex 37.53215789794922 5.944509506225586 0.17499923706054688
      vertex 28.14911651611328 4.458381652832031 0.17499923706054688
      vertex 28.343873977661133 2.9790611267089844 0.17499923706054688
    endloop
  endfacet
  facet normal 0 0 1
    outer loop
      vertex 37.16960906982422 7.900643348693848 0.17499923706054688
      vertex 27.87720489501953 5.925482749938965 0.17499923706054688
      vertex 28.14911651611328 4.458381652832031 0.17499923706054688
    endloop
  endfacet
  facet normal 0 0 1
    outer loop
      vertex 36.70518112182617 9.835123062133789 0.17499923706054688
      vertex 27.528884887695312 7.3763427734375 0.17499923706054688
      vertex 27.87720489501953 5.925482749938965 0.17499923706054688
    endloop
  endfacet
  facet normal 0 0 1
    outer loop
      vertex 36.1401481628418 11.742645263671875 0.17499923706054688
      vertex 27.10511016845703 8.806983947753906 0.17499923706054688
      vertex 27.528884887695312 7.3763427734375 0.17499923706054688
    endloop
  endfacet
  facet normal 0 0 1
    outer loop
      vertex 21.17962646484375 19.070220947265625 0.17499923706054688
      vertex 28.239501953125 25.426963806152344 0.17499923706054688
      vertex 26.87005615234375 26.87005615234375 0.17499923706054688
    endloop
  endfacet
  facet normal 0 0 1
    outer loop
      vertex 35.47605514526367 13.617981910705566 0.17499923706054688
      vertex 26.607040405273438 10.213485717773438 0.17499923706054688
      vertex 27.10511016845703 8.806983947753906 0.17499923706054688
    endloop
  endfacet
  facet normal 0 0 1
    outer loop
      vertex 34.714725494384766 15.455991744995117 0.17499923706054688
      vertex 26.03604507446289 11.591994285583496 0.17499923706054688
      vertex 26.607040405273438 10.213485717773438 0.17499923706054688
    endloop
  endfacet
  facet normal 0 0 1
    outer loop
      vertex 20.152542114257812 20.152542114257812 0.17499923706054688
      vertex 26.87005615234375 26.87005615234375 0.17499923706054688
      vertex 25.426963806152344 28.239501953125 0.17499923706054688
    endloop
  endfacet
  facet normal 0 0 1
    outer loop
      vertex 33.858245849609375 17.251638412475586 0.17499923706054688
      vertex 25.39368438720703 12.938728332519531 0.17499923706054688
      vertex 26.03604507446289 11.591994285583496 0.17499923706054688
    endloop
  endfacet
  facet normal 0 0 1
    outer loop
      vertex 32.908966064453125 19 0.17499923706054688
      vertex 24.681724548339844 14.25 0.17499923706054688
      vertex 25.39368438720703 12.938728332519531 0.17499923706054688
    endloop
  endfacet
  facet normal 0 0 1
    outer loop
      vertex 19.070220947265625 21.17962646484375 0.17499923706054688
      vertex 25.426963806152344 28.239501953125 0.17499923706054688
      vertex 23.914173126220703 29.531545639038086 0.17499923706054688
    endloop
  endfacet
  facet normal 0 0 1
    outer loop
      vertex 31.86948013305664 20.69628143310547 0.17499923706054688
      vertex 23.902111053466797 15.522212028503418 0.17499923706054688
      vertex 24.681724548339844 14.25 0.17499923706054688
    endloop
  endfacet
  facet normal 0 0 1
    outer loop
      vertex 30.742645263671875 22.335838317871094 0.17499923706054688
      vertex 23.056983947753906 16.75187873840332 0.17499923706054688
      vertex 23.902111053466797 15.522212028503418 0.17499923706054688
    endloop
  endfacet
  facet normal 0 0 1
    outer loop
      vertex 17.935630798339844 22.148658752441406 0.17499923706054688
      vertex 23.914173126220703 29.531545639038086 0.17499923706054688
      vertex 22.335838317871094 30.742645263671875 0.17499923706054688
    endloop
  endfacet
  facet normal 0 0 1
    outer loop
      vertex 29.531545639038086 23.914173126220703 0.17499923706054688
      vertex 22.148658752441406 17.935630798339844 0.17499923706054688
      vertex 23.056983947753906 16.75187873840332 0.17499923706054688
    endloop
  endfacet
  facet normal 0 0 1
    outer loop
      vertex 28.239501953125 25.426963806152344 0.17499923706054688
      vertex 21.17962646484375 19.070220947265625 0.17499923706054688
      vertex 22.148658752441406 17.935630798339844 0.17499923706054688
    endloop
  endfacet
  facet normal 0 0 1
    outer loop
      vertex 16.75187873840332 23.056983947753906 0.17499923706054688
      vertex 22.335838317871094 30.742645263671875 0.17499923706054688
      vertex 20.69628143310547 31.86948013305664 0.17499923706054688
    endloop
  endfacet
  facet normal 0 0 1
    outer loop
      vertex 26.87005615234375 26.87005615234375 0.17499923706054688
      vertex 20.152542114257812 20.152542114257812 0.17499923706054688
      vertex 21.17962646484375 19.070220947265625 0.17499923706054688
    endloop
  endfacet
  facet normal 0 0 1
    outer loop
      vertex 25.426963806152344 28.239501953125 0.17499923706054688
      vertex 19.070220947265625 21.17962646484375 0.17499923706054688
      vertex 20.152542114257812 20.152542114257812 0.17499923706054688
    endloop
  endfacet
  facet normal 0 0 1
    outer loop
      vertex 15.522212028503418 23.902111053466797 0.17499923706054688
      vertex 20.69628143310547 31.86948013305664 0.17499923706054688
      vertex 19 32.908966064453125 0.17499923706054688
    endloop
  endfacet
  facet normal 0 0 1
    outer loop
      vertex 23.914173126220703 29.531545639038086 0.17499923706054688
      vertex 17.935630798339844 22.148658752441406 0.17499923706054688
      vertex 19.070220947265625 21.17962646484375 0.17499923706054688
    endloop
  endfacet
  facet normal 0 0 1
    outer loop
      vertex 14.25 24.681724548339844 0.17499923706054688
      vertex 19 32.908966064453125 0.17499923706054688
      vertex 17.251638412475586 33.858245849609375 0.17499923706054688
    endloop
  endfacet
  facet normal 0 0 1
    outer loop
      vertex 22.335838317871094 30.742645263671875 0.17499923706054688
      vertex 16.75187873840332 23.056983947753906 0.17499923706054688
      vertex 17.935630798339844 22.148658752441406 0.17499923706054688
    endloop
  endfacet
  facet normal 0 0 1
    outer loop
      vertex 20.69628143310547 31.86948013305664 0.17499923706054688
      vertex 15.522212028503418 23.902111053466797 0.17499923706054688
      vertex 16.75187873840332 23.056983947753906 0.17499923706054688
    endloop
  endfacet
  facet normal 0 0 1
    outer loop
      vertex 12.938728332519531 25.39368438720703 0.17499923706054688
      vertex 17.251638412475586 33.858245849609375 0.17499923706054688
      vertex 15.455991744995117 34.714725494384766 0.17499923706054688
    endloop
  endfacet
  facet normal 0 0 1
    outer loop
      vertex 19 32.908966064453125 0.17499923706054688
      vertex 14.25 24.681724548339844 0.17499923706054688
      vertex 15.522212028503418 23.902111053466797 0.17499923706054688
    endloop
  endfacet
  facet normal 0 0 1
    outer loop
      vertex 11.591994285583496 26.03604507446289 0.17499923706054688
      vertex 15.455991744995117 34.714725494384766 0.17499923706054688
      vertex 13.617981910705566 35.47605514526367 0.17499923706054688
    endloop
  endfacet
  facet normal 0 0 1
    outer loop
      vertex 17.251638412475586 33.858245849609375 0.17499923706054688
      vertex 12.938728332519531 25.39368438720703 0.17499923706054688
      vertex 14.25 24.681724548339844 0.17499923706054688
    endloop
  endfacet
  facet normal 0 0 1
    outer loop
      vertex 10.213485717773438 26.607040405273438 0.17499923706054688
      vertex 13.617981910705566 35.47605514526367 0.17499923706054688
      vertex 11.742645263671875 36.1401481628418 0.17499923706054688
    endloop
  endfacet
  facet normal 0 0 1
    outer loop
      vertex 15.455991744995117 34.714725494384766 0.17499923706054688
      vertex 11.591994285583496 26.03604507446289 0.17499923706054688
      vertex 12.938728332519531 25.39368438720703 0.17499923706054688
    endloop
  endfacet
  facet normal 0 0 1
    outer loop
      vertex 13.617981910705566 35.47605514526367 0.17499923706054688
      vertex 10.213485717773438 26.607040405273438 0.17499923706054688
      vertex 11.591994285583496 26.03604507446289 0.17499923706054688
    endloop
  endfacet
  facet normal 0 0 1
    outer loop
      vertex 8.806983947753906 27.10511016845703 0.17499923706054688
      vertex 11.742645263671875 36.1401481628418 0.17499923706054688
      vertex 9.835123062133789 36.70518112182617 0.17499923706054688
    endloop
  endfacet
  facet normal 0 0 1
    outer loop
      vertex 11.742645263671875 36.1401481628418 0.17499923706054688
      vertex 8.806983947753906 27.10511016845703 0.17499923706054688
      vertex 10.213485717773438 26.607040405273438 0.17499923706054688
    endloop
  endfacet
  facet normal 0 0 1
    outer loop
      vertex 7.3763427734375 27.528884887695312 0.17499923706054688
      vertex 9.835123062133789 36.70518112182617 0.17499923706054688
      vertex 7.900643348693848 37.16960906982422 0.17499923706054688
    endloop
  endfacet
  facet normal 0 0 1
    outer loop
      vertex 9.835123062133789 36.70518112182617 0.17499923706054688
      vertex 7.3763427734375 27.528884887695312 0.17499923706054688
      vertex 8.806983947753906 27.10511016845703 0.17499923706054688
    endloop
  endfacet
  facet normal 0 0 1
    outer loop
      vertex 5.925482749938965 27.87720489501953 0.17499923706054688
      vertex 7.900643348693848 37.16960906982422 0.17499923706054688
      vertex 5.944509506225586 37.53215789794922 0.17499923706054688
    endloop
  endfacet
  facet normal 0 0 1
    outer loop
      vertex 7.900643348693848 37.16960906982422 0.17499923706054688
      vertex 5.925482749938965 27.87720489501953 0.17499923706054688
      vertex 7.3763427734375 27.528884887695312 0.17499923706054688
    endloop
  endfacet
  facet normal 0 0 1
    outer loop
      vertex 5.944509506225586 37.53215789794922 0.17499923706054688
      vertex 4.458381652832031 28.14911651611328 0.17499923706054688
      vertex 5.925482749938965 27.87720489501953 0.17499923706054688
    endloop
  endfacet
  facet normal 0 0 1
    outer loop
      vertex 3.972081184387207 37.791831970214844 0.17499923706054688
      vertex 4.458381652832031 28.14911651611328 0.17499923706054688
      vertex 5.944509506225586 37.53215789794922 0.17499923706054688
    endloop
  endfacet
  facet normal 0 0 1
    outer loop
      vertex 3.972081184387207 37.791831970214844 0.17499923706054688
      vertex 2.9790611267089844 28.343873977661133 0.17499923706054688
      vertex 4.458381652832031 28.14911651611328 0.17499923706054688
    endloop
  endfacet
  facet normal 0 0 1
    outer loop
      vertex 1.9887657165527344 37.94792175292969 0.17499923706054688
      vertex 2.9790611267089844 28.343873977661133 0.17499923706054688
      vertex 3.972081184387207 37.791831970214844 0.17499923706054688
    endloop
  endfacet
  facet normal 0 0 1
    outer loop
      vertex 1.9887657165527344 37.94792175292969 0.17499923706054688
      vertex 1.4915742874145508 28.460941314697266 0.17499923706054688
      vertex 2.9790611267089844 28.343873977661133 0.17499923706054688
    endloop
  endfacet
  facet normal 0 0 1
    outer loop
      vertex 0 38 0.17499923706054688
      vertex 1.4915742874145508 28.460941314697266 0.17499923706054688
      vertex 1.9887657165527344 37.94792175292969 0.17499923706054688
    endloop
  endfacet
  facet normal 0 0 1
    outer loop
      vertex 0 38 0.17499923706054688
      vertex 0 28.5 0.17499923706054688
      vertex 1.4915742874145508 28.460941314697266 0.17499923706054688
    endloop
  endfacet
  facet normal 0 0 1
    outer loop
      vertex 0 38 0.17499923706054688
      vertex -1.4915742874145508 28.460941314697266 0.17499923706054688
      vertex 0 28.5 0.17499923706054688
    endloop
  endfacet
  facet normal 0 0 1
    outer loop
      vertex -1.9887657165527344 37.94792175292969 0.17499923706054688
      vertex -1.4915742874145508 28.460941314697266 0.17499923706054688
      vertex 0 38 0.17499923706054688
    endloop
  endfacet
  facet normal 0 0 1
    outer loop
      vertex -1.9887657165527344 37.94792175292969 0.17499923706054688
      vertex -2.9790611267089844 28.343873977661133 0.17499923706054688
      vertex -1.4915742874145508 28.460941314697266 0.17499923706054688
    endloop
  endfacet
  facet normal 0 0 1
    outer loop
      vertex -3.972081184387207 37.791831970214844 0.17499923706054688
      vertex -2.9790611267089844 28.343873977661133 0.17499923706054688
      vertex -1.9887657165527344 37.94792175292969 0.17499923706054688
    endloop
  endfacet
  facet normal 0 0 1
    outer loop
      vertex -3.972081184387207 37.791831970214844 0.17499923706054688
      vertex -4.458381652832031 28.14911651611328 0.17499923706054688
      vertex -2.9790611267089844 28.343873977661133 0.17499923706054688
    endloop
  endfacet
  facet normal 0 0 1
    outer loop
      vertex -5.944509506225586 37.53215789794922 0.17499923706054688
      vertex -4.458381652832031 28.14911651611328 0.17499923706054688
      vertex -3.972081184387207 37.791831970214844 0.17499923706054688
    endloop
  endfacet
  facet normal 0 0 1
    outer loop
      vertex -4.458381652832031 28.14911651611328 0.17499923706054688
      vertex -5.944509506225586 37.53215789794922 0.17499923706054688
      vertex -5.925482749938965 27.87720489501953 0.17499923706054688
    endloop
  endfacet
  facet normal 0 0 1
    outer loop
      vertex -7.900643348693848 37.16960906982422 0.17499923706054688
      vertex -5.925482749938965 27.87720489501953 0.17499923706054688
      vertex -5.944509506225586 37.53215789794922 0.17499923706054688
    endloop
  endfacet
  facet normal 0 0 1
    outer loop
      vertex -5.925482749938965 27.87720489501953 0.17499923706054688
      vertex -7.900643348693848 37.16960906982422 0.17499923706054688
      vertex -7.3763427734375 27.528884887695312 0.17499923706054688
    endloop
  endfacet
  facet normal 0 0 1
    outer loop
      vertex -9.835123062133789 36.70518112182617 0.17499923706054688
      vertex -7.3763427734375 27.528884887695312 0.17499923706054688
      vertex -7.900643348693848 37.16960906982422 0.17499923706054688
    endloop
  endfacet
  facet normal 0 0 1
    outer loop
      vertex -7.3763427734375 27.528884887695312 0.17499923706054688
      vertex -9.835123062133789 36.70518112182617 0.17499923706054688
      vertex -8.806983947753906 27.10511016845703 0.17499923706054688
    endloop
  endfacet
  facet normal 0 0 1
    outer loop
      vertex -11.742645263671875 36.1401481628418 0.17499923706054688
      vertex -8.806983947753906 27.10511016845703 0.17499923706054688
      vertex -9.835123062133789 36.70518112182617 0.17499923706054688
    endloop
  endfacet
  facet normal 0 0 1
    outer loop
      vertex -8.806983947753906 27.10511016845703 0.17499923706054688
      vertex -11.742645263671875 36.1401481628418 0.17499923706054688
      vertex -10.213485717773438 26.607040405273438 0.17499923706054688
    endloop
  endfacet
  facet normal 0 0 1
    outer loop
      vertex -13.617981910705566 35.47605514526367 0.17499923706054688
      vertex -10.213485717773438 26.607040405273438 0.17499923706054688
      vertex -11.742645263671875 36.1401481628418 0.17499923706054688
    endloop
  endfacet
  facet normal 0 0 1
    outer loop
      vertex -10.213485717773438 26.607040405273438 0.17499923706054688
      vertex -13.617981910705566 35.47605514526367 0.17499923706054688
      vertex -11.591994285583496 26.03604507446289 0.17499923706054688
    endloop
  endfacet
  facet normal 0 0 1
    outer loop
      vertex -15.455991744995117 34.714725494384766 0.17499923706054688
      vertex -11.591994285583496 26.03604507446289 0.17499923706054688
      vertex -13.617981910705566 35.47605514526367 0.17499923706054688
    endloop
  endfacet
  facet normal 0 0 1
    outer loop
      vertex -11.591994285583496 26.03604507446289 0.17499923706054688
      vertex -15.455991744995117 34.714725494384766 0.17499923706054688
      vertex -12.938728332519531 25.39368438720703 0.17499923706054688
    endloop
  endfacet
  facet normal 0 0 1
    outer loop
      vertex -17.251638412475586 33.858245849609375 0.17499923706054688
      vertex -12.938728332519531 25.39368438720703 0.17499923706054688
      vertex -15.455991744995117 34.714725494384766 0.17499923706054688
    endloop
  endfacet
  facet normal 0 0 1
    outer loop
      vertex -12.938728332519531 25.39368438720703 0.17499923706054688
      vertex -17.251638412475586 33.858245849609375 0.17499923706054688
      vertex -14.25 24.681724548339844 0.17499923706054688
    endloop
  endfacet
  facet normal 0 0 1
    outer loop
      vertex -19 32.908966064453125 0.17499923706054688
      vertex -14.25 24.681724548339844 0.17499923706054688
      vertex -17.251638412475586 33.858245849609375 0.17499923706054688
    endloop
  endfacet
  facet normal 0 0 1
    outer loop
      vertex -14.25 24.681724548339844 0.17499923706054688
      vertex -19 32.908966064453125 0.17499923706054688
      vertex -15.522212028503418 23.902111053466797 0.17499923706054688
    endloop
  endfacet
  facet normal 0 0 1
    outer loop
      vertex -20.69628143310547 31.86948013305664 0.17499923706054688
      vertex -15.522212028503418 23.902111053466797 0.17499923706054688
      vertex -19 32.908966064453125 0.17499923706054688
    endloop
  endfacet
  facet normal 0 0 1
    outer loop
      vertex -15.522212028503418 23.902111053466797 0.17499923706054688
      vertex -20.69628143310547 31.86948013305664 0.17499923706054688
      vertex -16.75187873840332 23.056983947753906 0.17499923706054688
    endloop
  endfacet
  facet normal 0 0 1
    outer loop
      vertex -22.335838317871094 30.742645263671875 0.17499923706054688
      vertex -16.75187873840332 23.056983947753906 0.17499923706054688
      vertex -20.69628143310547 31.86948013305664 0.17499923706054688
    endloop
  endfacet
  facet normal 0 0 1
    outer loop
      vertex -16.75187873840332 23.056983947753906 0.17499923706054688
      vertex -22.335838317871094 30.742645263671875 0.17499923706054688
      vertex -17.935630798339844 22.148658752441406 0.17499923706054688
    endloop
  endfacet
  facet normal 0 0 1
    outer loop
      vertex -23.914173126220703 29.531545639038086 0.17499923706054688
      vertex -17.935630798339844 22.148658752441406 0.17499923706054688
      vertex -22.335838317871094 30.742645263671875 0.17499923706054688
    endloop
  endfacet
  facet normal 0 0 1
    outer loop
      vertex -17.935630798339844 22.148658752441406 0.17499923706054688
      vertex -23.914173126220703 29.531545639038086 0.17499923706054688
      vertex -19.070220947265625 21.17962646484375 0.17499923706054688
    endloop
  endfacet
  facet normal 0 0 1
    outer loop
      vertex -25.426963806152344 28.239501953125 0.17499923706054688
      vertex -19.070220947265625 21.17962646484375 0.17499923706054688
      vertex -23.914173126220703 29.531545639038086 0.17499923706054688
    endloop
  endfacet
  facet normal 0 0 1
    outer loop
      vertex -19.070220947265625 21.17962646484375 0.17499923706054688
      vertex -25.426963806152344 28.239501953125 0.17499923706054688
      vertex -20.152542114257812 20.152542114257812 0.17499923706054688
    endloop
  endfacet
  facet normal 0 0 1
    outer loop
      vertex -26.87005615234375 26.87005615234375 0.17499923706054688
      vertex -20.152542114257812 20.152542114257812 0.17499923706054688
      vertex -25.426963806152344 28.239501953125 0.17499923706054688
    endloop
  endfacet
  facet normal 0 0 1
    outer loop
      vertex -20.152542114257812 20.152542114257812 0.17499923706054688
      vertex -26.87005615234375 26.87005615234375 0.17499923706054688
      vertex -21.17962646484375 19.070220947265625 0.17499923706054688
    endloop
  endfacet
  facet normal 0 0 1
    outer loop
      vertex -28.239501953125 25.426963806152344 0.17499923706054688
      vertex -21.17962646484375 19.070220947265625 0.17499923706054688
      vertex -26.87005615234375 26.87005615234375 0.17499923706054688
    endloop
  endfacet
  facet normal 0 0 1
    outer loop
      vertex -21.17962646484375 19.070220947265625 0.17499923706054688
      vertex -28.239501953125 25.426963806152344 0.17499923706054688
      vertex -22.148658752441406 17.935630798339844 0.17499923706054688
    endloop
  endfacet
  facet normal 0 0 1
    outer loop
      vertex -29.531545639038086 23.914173126220703 0.17499923706054688
      vertex -22.148658752441406 17.935630798339844 0.17499923706054688
      vertex -28.239501953125 25.426963806152344 0.17499923706054688
    endloop
  endfacet
  facet normal 0 0 1
    outer loop
      vertex -22.148658752441406 17.935630798339844 0.17499923706054688
      vertex -29.531545639038086 23.914173126220703 0.17499923706054688
      vertex -23.056983947753906 16.75187873840332 0.17499923706054688
    endloop
  endfacet
  facet normal 0 0 1
    outer loop
      vertex -30.742645263671875 22.335838317871094 0.17499923706054688
      vertex -23.056983947753906 16.75187873840332 0.17499923706054688
      vertex -29.531545639038086 23.914173126220703 0.17499923706054688
    endloop
  endfacet
  facet normal 0 0 1
    outer loop
      vertex -23.056983947753906 16.75187873840332 0.17499923706054688
      vertex -30.742645263671875 22.335838317871094 0.17499923706054688
      vertex -23.902111053466797 15.522212028503418 0.17499923706054688
    endloop
  endfacet
  facet normal 0 0 1
    outer loop
      vertex -31.86948013305664 20.69628143310547 0.17499923706054688
      vertex -23.902111053466797 15.522212028503418 0.17499923706054688
      vertex -30.742645263671875 22.335838317871094 0.17499923706054688
    endloop
  endfacet
  facet normal 0 0 1
    outer loop
      vertex -23.902111053466797 15.522212028503418 0.17499923706054688
      vertex -31.86948013305664 20.69628143310547 0.17499923706054688
      vertex -24.681724548339844 14.25 0.17499923706054688
    endloop
  endfacet
  facet normal 0 0 1
    outer loop
      vertex -32.908966064453125 19 0.17499923706054688
      vertex -24.681724548339844 14.25 0.17499923706054688
      vertex -31.86948013305664 20.69628143310547 0.17499923706054688
    endloop
  endfacet
  facet normal 0 0 1
    outer loop
      vertex -24.681724548339844 14.25 0.17499923706054688
      vertex -32.908966064453125 19 0.17499923706054688
      vertex -25.39368438720703 12.938728332519531 0.17499923706054688
    endloop
  endfacet
  facet normal 0 0 1
    outer loop
      vertex -33.858245849609375 17.251638412475586 0.17499923706054688
      vertex -25.39368438720703 12.938728332519531 0.17499923706054688
      vertex -32.908966064453125 19 0.17499923706054688
    endloop
  endfacet
  facet normal 0 0 1
    outer loop
      vertex -25.39368438720703 12.938728332519531 0.17499923706054688
      vertex -33.858245849609375 17.251638412475586 0.17499923706054688
      vertex -26.03604507446289 11.591994285583496 0.17499923706054688
    endloop
  endfacet
  facet normal 0 0 1
    outer loop
      vertex -34.714725494384766 15.455991744995117 0.17499923706054688
      vertex -26.03604507446289 11.591994285583496 0.17499923706054688
      vertex -33.858245849609375 17.251638412475586 0.17499923706054688
    endloop
  endfacet
  facet normal 0 0 1
    outer loop
      vertex -26.03604507446289 11.591994285583496 0.17499923706054688
      vertex -34.714725494384766 15.455991744995117 0.17499923706054688
      vertex -26.607040405273438 10.213485717773438 0.17499923706054688
    endloop
  endfacet
  facet normal 0 0 1
    outer loop
      vertex -35.47605514526367 13.617981910705566 0.17499923706054688
      vertex -26.607040405273438 10.213485717773438 0.17499923706054688
      vertex -34.714725494384766 15.455991744995117 0.17499923706054688
    endloop
  endfacet
  facet normal 0 0 1
    outer loop
      vertex -26.607040405273438 10.213485717773438 0.17499923706054688
      vertex -35.47605514526367 13.617981910705566 0.17499923706054688
      vertex -27.10511016845703 8.806983947753906 0.17499923706054688
    endloop
  endfacet
  facet normal 0 0 1
    outer loop
      vertex 26.607040405273438 -10.213485717773438 0.17499923706054688
      vertex 35.47605514526367 -13.617981910705566 0.17499923706054688
      vertex 27.10511016845703 -8.806983947753906 0.17499923706054688
    endloop
  endfacet
  facet normal 0 0 1
    outer loop
      vertex 35.47605514526367 -13.617981910705566 0.17499923706054688
      vertex 26.607040405273438 -10.213485717773438 0.17499923706054688
      vertex 34.714725494384766 -15.455991744995117 0.17499923706054688
    endloop
  endfacet
  facet normal 0 0 1
    outer loop
      vertex 26.03604507446289 -11.591994285583496 0.17499923706054688
      vertex 34.714725494384766 -15.455991744995117 0.17499923706054688
      vertex 26.607040405273438 -10.213485717773438 0.17499923706054688
    endloop
  endfacet
  facet normal 0 0 1
    outer loop
      vertex 34.714725494384766 -15.455991744995117 0.17499923706054688
      vertex 26.03604507446289 -11.591994285583496 0.17499923706054688
      vertex 33.858245849609375 -17.251638412475586 0.17499923706054688
    endloop
  endfacet
  facet normal 0 0 1
    outer loop
      vertex 25.39368438720703 -12.938728332519531 0.17499923706054688
      vertex 33.858245849609375 -17.251638412475586 0.17499923706054688
      vertex 26.03604507446289 -11.591994285583496 0.17499923706054688
    endloop
  endfacet
  facet normal 0 0 1
    outer loop
      vertex 33.858245849609375 -17.251638412475586 0.17499923706054688
      vertex 25.39368438720703 -12.938728332519531 0.17499923706054688
      vertex 32.908966064453125 -19 0.17499923706054688
    endloop
  endfacet
  facet normal 0 0 1
    outer loop
      vertex 24.681724548339844 -14.25 0.17499923706054688
      vertex 32.908966064453125 -19 0.17499923706054688
      vertex 25.39368438720703 -12.938728332519531 0.17499923706054688
    endloop
  endfacet
  facet normal 0 0 1
    outer loop
      vertex 32.908966064453125 -19 0.17499923706054688
      vertex 24.681724548339844 -14.25 0.17499923706054688
      vertex 31.86948013305664 -20.69628143310547 0.17499923706054688
    endloop
  endfacet
  facet normal 0 0 1
    outer loop
      vertex 23.902111053466797 -15.522212028503418 0.17499923706054688
      vertex 31.86948013305664 -20.69628143310547 0.17499923706054688
      vertex 24.681724548339844 -14.25 0.17499923706054688
    endloop
  endfacet
  facet normal 0 0 1
    outer loop
      vertex 31.86948013305664 -20.69628143310547 0.17499923706054688
      vertex 23.902111053466797 -15.522212028503418 0.17499923706054688
      vertex 30.742645263671875 -22.335838317871094 0.17499923706054688
    endloop
  endfacet
  facet normal 0 0 1
    outer loop
      vertex 23.056983947753906 -16.75187873840332 0.17499923706054688
      vertex 30.742645263671875 -22.335838317871094 0.17499923706054688
      vertex 23.902111053466797 -15.522212028503418 0.17499923706054688
    endloop
  endfacet
  facet normal 0 0 1
    outer loop
      vertex 30.742645263671875 -22.335838317871094 0.17499923706054688
      vertex 23.056983947753906 -16.75187873840332 0.17499923706054688
      vertex 29.531545639038086 -23.914173126220703 0.17499923706054688
    endloop
  endfacet
  facet normal 0 0 1
    outer loop
      vertex 22.148658752441406 -17.935630798339844 0.17499923706054688
      vertex 29.531545639038086 -23.914173126220703 0.17499923706054688
      vertex 23.056983947753906 -16.75187873840332 0.17499923706054688
    endloop
  endfacet
  facet normal 0 0 1
    outer loop
      vertex 29.531545639038086 -23.914173126220703 0.17499923706054688
      vertex 22.148658752441406 -17.935630798339844 0.17499923706054688
      vertex 28.239501953125 -25.426963806152344 0.17499923706054688
    endloop
  endfacet
  facet normal 0 0 1
    outer loop
      vertex 21.17962646484375 -19.070220947265625 0.17499923706054688
      vertex 28.239501953125 -25.426963806152344 0.17499923706054688
      vertex 22.148658752441406 -17.935630798339844 0.17499923706054688
    endloop
  endfacet
  facet normal 0 0 1
    outer loop
      vertex 28.239501953125 -25.426963806152344 0.17499923706054688
      vertex 21.17962646484375 -19.070220947265625 0.17499923706054688
      vertex 26.87005615234375 -26.87005615234375 0.17499923706054688
    endloop
  endfacet
  facet normal 0 0 1
    outer loop
      vertex 20.152542114257812 -20.152542114257812 0.17499923706054688
      vertex 26.87005615234375 -26.87005615234375 0.17499923706054688
      vertex 21.17962646484375 -19.070220947265625 0.17499923706054688
    endloop
  endfacet
  facet normal 0 0 1
    outer loop
      vertex 26.87005615234375 -26.87005615234375 0.17499923706054688
      vertex 20.152542114257812 -20.152542114257812 0.17499923706054688
      vertex 25.426963806152344 -28.239501953125 0.17499923706054688
    endloop
  endfacet
  facet normal 0 0 1
    outer loop
      vertex 19.070220947265625 -21.17962646484375 0.17499923706054688
      vertex 25.426963806152344 -28.239501953125 0.17499923706054688
      vertex 20.152542114257812 -20.152542114257812 0.17499923706054688
    endloop
  endfacet
  facet normal 0 0 1
    outer loop
      vertex 25.426963806152344 -28.239501953125 0.17499923706054688
      vertex 19.070220947265625 -21.17962646484375 0.17499923706054688
      vertex 23.914173126220703 -29.531545639038086 0.17499923706054688
    endloop
  endfacet
  facet normal 0 0 1
    outer loop
      vertex 17.935630798339844 -22.148658752441406 0.17499923706054688
      vertex 23.914173126220703 -29.531545639038086 0.17499923706054688
      vertex 19.070220947265625 -21.17962646484375 0.17499923706054688
    endloop
  endfacet
  facet normal 0 0 1
    outer loop
      vertex 23.914173126220703 -29.531545639038086 0.17499923706054688
      vertex 17.935630798339844 -22.148658752441406 0.17499923706054688
      vertex 22.335838317871094 -30.742645263671875 0.17499923706054688
    endloop
  endfacet
  facet normal 0 0 1
    outer loop
      vertex 16.75187873840332 -23.056983947753906 0.17499923706054688
      vertex 22.335838317871094 -30.742645263671875 0.17499923706054688
      vertex 17.935630798339844 -22.148658752441406 0.17499923706054688
    endloop
  endfacet
  facet normal 0 0 1
    outer loop
      vertex 22.335838317871094 -30.742645263671875 0.17499923706054688
      vertex 16.75187873840332 -23.056983947753906 0.17499923706054688
      vertex 20.69628143310547 -31.86948013305664 0.17499923706054688
    endloop
  endfacet
  facet normal 0 0 1
    outer loop
      vertex 15.522212028503418 -23.902111053466797 0.17499923706054688
      vertex 20.69628143310547 -31.86948013305664 0.17499923706054688
      vertex 16.75187873840332 -23.056983947753906 0.17499923706054688
    endloop
  endfacet
  facet normal 0 0 1
    outer loop
      vertex 20.69628143310547 -31.86948013305664 0.17499923706054688
      vertex 15.522212028503418 -23.902111053466797 0.17499923706054688
      vertex 19 -32.908966064453125 0.17499923706054688
    endloop
  endfacet
  facet normal 0 0 1
    outer loop
      vertex 14.25 -24.681724548339844 0.17499923706054688
      vertex 19 -32.908966064453125 0.17499923706054688
      vertex 15.522212028503418 -23.902111053466797 0.17499923706054688
    endloop
  endfacet
  facet normal 0 0 1
    outer loop
      vertex 19 -32.908966064453125 0.17499923706054688
      vertex 14.25 -24.681724548339844 0.17499923706054688
      vertex 17.251638412475586 -33.858245849609375 0.17499923706054688
    endloop
  endfacet
  facet normal 0 0 1
    outer loop
      vertex 12.938728332519531 -25.39368438720703 0.17499923706054688
      vertex 17.251638412475586 -33.858245849609375 0.17499923706054688
      vertex 14.25 -24.681724548339844 0.17499923706054688
    endloop
  endfacet
  facet normal 0 0 1
    outer loop
      vertex 17.251638412475586 -33.858245849609375 0.17499923706054688
      vertex 12.938728332519531 -25.39368438720703 0.17499923706054688
      vertex 15.455991744995117 -34.714725494384766 0.17499923706054688
    endloop
  endfacet
  facet normal 0 0 1
    outer loop
      vertex 11.591994285583496 -26.03604507446289 0.17499923706054688
      vertex 15.455991744995117 -34.714725494384766 0.17499923706054688
      vertex 12.938728332519531 -25.39368438720703 0.17499923706054688
    endloop
  endfacet
  facet normal 0 0 1
    outer loop
      vertex 15.455991744995117 -34.714725494384766 0.17499923706054688
      vertex 11.591994285583496 -26.03604507446289 0.17499923706054688
      vertex 13.617981910705566 -35.47605514526367 0.17499923706054688
    endloop
  endfacet
  facet normal 0 0 1
    outer loop
      vertex 10.213485717773438 -26.607040405273438 0.17499923706054688
      vertex 13.617981910705566 -35.47605514526367 0.17499923706054688
      vertex 11.591994285583496 -26.03604507446289 0.17499923706054688
    endloop
  endfacet
  facet normal 0 0 1
    outer loop
      vertex 13.617981910705566 -35.47605514526367 0.17499923706054688
      vertex 10.213485717773438 -26.607040405273438 0.17499923706054688
      vertex 11.742645263671875 -36.1401481628418 0.17499923706054688
    endloop
  endfacet
  facet normal 0 0 1
    outer loop
      vertex 8.806983947753906 -27.10511016845703 0.17499923706054688
      vertex 11.742645263671875 -36.1401481628418 0.17499923706054688
      vertex 10.213485717773438 -26.607040405273438 0.17499923706054688
    endloop
  endfacet
  facet normal 0 0 1
    outer loop
      vertex 11.742645263671875 -36.1401481628418 0.17499923706054688
      vertex 8.806983947753906 -27.10511016845703 0.17499923706054688
      vertex 9.835123062133789 -36.70518112182617 0.17499923706054688
    endloop
  endfacet
  facet normal 0 0 1
    outer loop
      vertex 7.3763427734375 -27.528884887695312 0.17499923706054688
      vertex 9.835123062133789 -36.70518112182617 0.17499923706054688
      vertex 8.806983947753906 -27.10511016845703 0.17499923706054688
    endloop
  endfacet
  facet normal 0 0 1
    outer loop
      vertex 9.835123062133789 -36.70518112182617 0.17499923706054688
      vertex 7.3763427734375 -27.528884887695312 0.17499923706054688
      vertex 7.900643348693848 -37.16960906982422 0.17499923706054688
    endloop
  endfacet
  facet normal 0 0 1
    outer loop
      vertex 5.925482749938965 -27.87720489501953 0.17499923706054688
      vertex 7.900643348693848 -37.16960906982422 0.17499923706054688
      vertex 7.3763427734375 -27.528884887695312 0.17499923706054688
    endloop
  endfacet
  facet normal 0 0 1
    outer loop
      vertex 7.900643348693848 -37.16960906982422 0.17499923706054688
      vertex 5.925482749938965 -27.87720489501953 0.17499923706054688
      vertex 5.944509506225586 -37.53215789794922 0.17499923706054688
    endloop
  endfacet
  facet normal 0 0 1
    outer loop
      vertex 4.458381652832031 -28.14911651611328 0.17499923706054688
      vertex 5.944509506225586 -37.53215789794922 0.17499923706054688
      vertex 5.925482749938965 -27.87720489501953 0.17499923706054688
    endloop
  endfacet
  facet normal 0 0 1
    outer loop
      vertex 4.458381652832031 -28.14911651611328 0.17499923706054688
      vertex 3.972081184387207 -37.791831970214844 0.17499923706054688
      vertex 5.944509506225586 -37.53215789794922 0.17499923706054688
    endloop
  endfacet
  facet normal 0 0 1
    outer loop
      vertex 2.9790611267089844 -28.343873977661133 0.17499923706054688
      vertex 3.972081184387207 -37.791831970214844 0.17499923706054688
      vertex 4.458381652832031 -28.14911651611328 0.17499923706054688
    endloop
  endfacet
  facet normal 0 0 1
    outer loop
      vertex 2.9790611267089844 -28.343873977661133 0.17499923706054688
      vertex 1.9887657165527344 -37.94792175292969 0.17499923706054688
      vertex 3.972081184387207 -37.791831970214844 0.17499923706054688
    endloop
  endfacet
  facet normal 0 0 1
    outer loop
      vertex 1.4915742874145508 -28.460941314697266 0.17499923706054688
      vertex 1.9887657165527344 -37.94792175292969 0.17499923706054688
      vertex 2.9790611267089844 -28.343873977661133 0.17499923706054688
    endloop
  endfacet
  facet normal 0 0 1
    outer loop
      vertex 0 -28.5 0.17499923706054688
      vertex 1.9887657165527344 -37.94792175292969 0.17499923706054688
      vertex 1.4915742874145508 -28.460941314697266 0.17499923706054688
    endloop
  endfacet
  facet normal 0 0 1
    outer loop
      vertex 0 -28.5 0.17499923706054688
      vertex 0 -38 0.17499923706054688
      vertex 1.9887657165527344 -37.94792175292969 0.17499923706054688
    endloop
  endfacet
  facet normal 0 0 1
    outer loop
      vertex -1.4915742874145508 -28.460941314697266 0.17499923706054688
      vertex 0 -38 0.17499923706054688
      vertex 0 -28.5 0.17499923706054688
    endloop
  endfacet
  facet normal 0 0 1
    outer loop
      vertex -1.4915742874145508 -28.460941314697266 0.17499923706054688
      vertex -1.9887657165527344 -37.94792175292969 0.17499923706054688
      vertex 0 -38 0.17499923706054688
    endloop
  endfacet
  facet normal 0 0 1
    outer loop
      vertex -2.9790611267089844 -28.343873977661133 0.17499923706054688
      vertex -1.9887657165527344 -37.94792175292969 0.17499923706054688
      vertex -1.4915742874145508 -28.460941314697266 0.17499923706054688
    endloop
  endfacet
  facet normal 0 0 1
    outer loop
      vertex -2.9790611267089844 -28.343873977661133 0.17499923706054688
      vertex -3.972081184387207 -37.791831970214844 0.17499923706054688
      vertex -1.9887657165527344 -37.94792175292969 0.17499923706054688
    endloop
  endfacet
  facet normal 0 0 1
    outer loop
      vertex -4.458381652832031 -28.14911651611328 0.17499923706054688
      vertex -3.972081184387207 -37.791831970214844 0.17499923706054688
      vertex -2.9790611267089844 -28.343873977661133 0.17499923706054688
    endloop
  endfacet
  facet normal 0 0 1
    outer loop
      vertex -5.944509506225586 -37.53215789794922 0.17499923706054688
      vertex -4.458381652832031 -28.14911651611328 0.17499923706054688
      vertex -5.925482749938965 -27.87720489501953 0.17499923706054688
    endloop
  endfacet
  facet normal 0 0 1
    outer loop
      vertex -4.458381652832031 -28.14911651611328 0.17499923706054688
      vertex -5.944509506225586 -37.53215789794922 0.17499923706054688
      vertex -3.972081184387207 -37.791831970214844 0.17499923706054688
    endloop
  endfacet
  facet normal 0 0 1
    outer loop
      vertex -7.900643348693848 -37.16960906982422 0.17499923706054688
      vertex -5.925482749938965 -27.87720489501953 0.17499923706054688
      vertex -7.3763427734375 -27.528884887695312 0.17499923706054688
    endloop
  endfacet
  facet normal 0 0 1
    outer loop
      vertex -5.925482749938965 -27.87720489501953 0.17499923706054688
      vertex -7.900643348693848 -37.16960906982422 0.17499923706054688
      vertex -5.944509506225586 -37.53215789794922 0.17499923706054688
    endloop
  endfacet
  facet normal 0 0 1
    outer loop
      vertex -9.835123062133789 -36.70518112182617 0.17499923706054688
      vertex -7.3763427734375 -27.528884887695312 0.17499923706054688
      vertex -8.806983947753906 -27.10511016845703 0.17499923706054688
    endloop
  endfacet
  facet normal 0 0 1
    outer loop
      vertex -7.3763427734375 -27.528884887695312 0.17499923706054688
      vertex -9.835123062133789 -36.70518112182617 0.17499923706054688
      vertex -7.900643348693848 -37.16960906982422 0.17499923706054688
    endloop
  endfacet
  facet normal 0 0 1
    outer loop
      vertex -11.742645263671875 -36.1401481628418 0.17499923706054688
      vertex -8.806983947753906 -27.10511016845703 0.17499923706054688
      vertex -10.213485717773438 -26.607040405273438 0.17499923706054688
    endloop
  endfacet
  facet normal 0 0 1
    outer loop
      vertex -13.617981910705566 -35.47605514526367 0.17499923706054688
      vertex -10.213485717773438 -26.607040405273438 0.17499923706054688
      vertex -11.591994285583496 -26.03604507446289 0.17499923706054688
    endloop
  endfacet
  facet normal 0 0 1
    outer loop
      vertex -8.806983947753906 -27.10511016845703 0.17499923706054688
      vertex -11.742645263671875 -36.1401481628418 0.17499923706054688
      vertex -9.835123062133789 -36.70518112182617 0.17499923706054688
    endloop
  endfacet
  facet normal 0 0 1
    outer loop
      vertex -15.455991744995117 -34.714725494384766 0.17499923706054688
      vertex -11.591994285583496 -26.03604507446289 0.17499923706054688
      vertex -12.938728332519531 -25.39368438720703 0.17499923706054688
    endloop
  endfacet
  facet normal 0 0 1
    outer loop
      vertex -10.213485717773438 -26.607040405273438 0.17499923706054688
      vertex -13.617981910705566 -35.47605514526367 0.17499923706054688
      vertex -11.742645263671875 -36.1401481628418 0.17499923706054688
    endloop
  endfacet
  facet normal 0 0 1
    outer loop
      vertex -17.251638412475586 -33.858245849609375 0.17499923706054688
      vertex -12.938728332519531 -25.39368438720703 0.17499923706054688
      vertex -14.25 -24.681724548339844 0.17499923706054688
    endloop
  endfacet
  facet normal 0 0 1
    outer loop
      vertex -11.591994285583496 -26.03604507446289 0.17499923706054688
      vertex -15.455991744995117 -34.714725494384766 0.17499923706054688
      vertex -13.617981910705566 -35.47605514526367 0.17499923706054688
    endloop
  endfacet
  facet normal 0 0 1
    outer loop
      vertex -19 -32.908966064453125 0.17499923706054688
      vertex -14.25 -24.681724548339844 0.17499923706054688
      vertex -15.522212028503418 -23.902111053466797 0.17499923706054688
    endloop
  endfacet
  facet normal 0 0 1
    outer loop
      vertex -20.69628143310547 -31.86948013305664 0.17499923706054688
      vertex -15.522212028503418 -23.902111053466797 0.17499923706054688
      vertex -16.75187873840332 -23.056983947753906 0.17499923706054688
    endloop
  endfacet
  facet normal 0 0 1
    outer loop
      vertex -12.938728332519531 -25.39368438720703 0.17499923706054688
      vertex -17.251638412475586 -33.858245849609375 0.17499923706054688
      vertex -15.455991744995117 -34.714725494384766 0.17499923706054688
    endloop
  endfacet
  facet normal 0 0 1
    outer loop
      vertex -22.335838317871094 -30.742645263671875 0.17499923706054688
      vertex -16.75187873840332 -23.056983947753906 0.17499923706054688
      vertex -17.935630798339844 -22.148658752441406 0.17499923706054688
    endloop
  endfacet
  facet normal 0 0 1
    outer loop
      vertex -14.25 -24.681724548339844 0.17499923706054688
      vertex -19 -32.908966064453125 0.17499923706054688
      vertex -17.251638412475586 -33.858245849609375 0.17499923706054688
    endloop
  endfacet
  facet normal 0 0 1
    outer loop
      vertex -23.914173126220703 -29.531545639038086 0.17499923706054688
      vertex -17.935630798339844 -22.148658752441406 0.17499923706054688
      vertex -19.070220947265625 -21.17962646484375 0.17499923706054688
    endloop
  endfacet
  facet normal 0 0 1
    outer loop
      vertex -25.426963806152344 -28.239501953125 0.17499923706054688
      vertex -19.070220947265625 -21.17962646484375 0.17499923706054688
      vertex -20.152542114257812 -20.152542114257812 0.17499923706054688
    endloop
  endfacet
  facet normal 0 0 1
    outer loop
      vertex -15.522212028503418 -23.902111053466797 0.17499923706054688
      vertex -20.69628143310547 -31.86948013305664 0.17499923706054688
      vertex -19 -32.908966064453125 0.17499923706054688
    endloop
  endfacet
  facet normal 0 0 1
    outer loop
      vertex -26.87005615234375 -26.87005615234375 0.17499923706054688
      vertex -20.152542114257812 -20.152542114257812 0.17499923706054688
      vertex -21.17962646484375 -19.070220947265625 0.17499923706054688
    endloop
  endfacet
  facet normal 0 0 1
    outer loop
      vertex -28.239501953125 -25.426963806152344 0.17499923706054688
      vertex -21.17962646484375 -19.070220947265625 0.17499923706054688
      vertex -22.148658752441406 -17.935630798339844 0.17499923706054688
    endloop
  endfacet
  facet normal 0 0 1
    outer loop
      vertex -16.75187873840332 -23.056983947753906 0.17499923706054688
      vertex -22.335838317871094 -30.742645263671875 0.17499923706054688
      vertex -20.69628143310547 -31.86948013305664 0.17499923706054688
    endloop
  endfacet
  facet normal 0 0 1
    outer loop
      vertex -29.531545639038086 -23.914173126220703 0.17499923706054688
      vertex -22.148658752441406 -17.935630798339844 0.17499923706054688
      vertex -23.056983947753906 -16.75187873840332 0.17499923706054688
    endloop
  endfacet
  facet normal 0 0 1
    outer loop
      vertex -30.742645263671875 -22.335838317871094 0.17499923706054688
      vertex -23.056983947753906 -16.75187873840332 0.17499923706054688
      vertex -23.902111053466797 -15.522212028503418 0.17499923706054688
    endloop
  endfacet
  facet normal 0 0 1
    outer loop
      vertex -17.935630798339844 -22.148658752441406 0.17499923706054688
      vertex -23.914173126220703 -29.531545639038086 0.17499923706054688
      vertex -22.335838317871094 -30.742645263671875 0.17499923706054688
    endloop
  endfacet
  facet normal 0 0 1
    outer loop
      vertex -31.86948013305664 -20.69628143310547 0.17499923706054688
      vertex -23.902111053466797 -15.522212028503418 0.17499923706054688
      vertex -24.681724548339844 -14.25 0.17499923706054688
    endloop
  endfacet
  facet normal 0 0 1
    outer loop
      vertex -32.908966064453125 -19 0.17499923706054688
      vertex -24.681724548339844 -14.25 0.17499923706054688
      vertex -25.39368438720703 -12.938728332519531 0.17499923706054688
    endloop
  endfacet
  facet normal 0 0 1
    outer loop
      vertex -19.070220947265625 -21.17962646484375 0.17499923706054688
      vertex -25.426963806152344 -28.239501953125 0.17499923706054688
      vertex -23.914173126220703 -29.531545639038086 0.17499923706054688
    endloop
  endfacet
  facet normal 0 0 1
    outer loop
      vertex -33.858245849609375 -17.251638412475586 0.17499923706054688
      vertex -25.39368438720703 -12.938728332519531 0.17499923706054688
      vertex -26.03604507446289 -11.591994285583496 0.17499923706054688
    endloop
  endfacet
  facet normal 0 0 1
    outer loop
      vertex -34.714725494384766 -15.455991744995117 0.17499923706054688
      vertex -26.03604507446289 -11.591994285583496 0.17499923706054688
      vertex -26.607040405273438 -10.213485717773438 0.17499923706054688
    endloop
  endfacet
  facet normal 0 0 1
    outer loop
      vertex -20.152542114257812 -20.152542114257812 0.17499923706054688
      vertex -26.87005615234375 -26.87005615234375 0.17499923706054688
      vertex -25.426963806152344 -28.239501953125 0.17499923706054688
    endloop
  endfacet
  facet normal 0 0 1
    outer loop
      vertex -35.47605514526367 -13.617981910705566 0.17499923706054688
      vertex -26.607040405273438 -10.213485717773438 0.17499923706054688
      vertex -27.10511016845703 -8.806983947753906 0.17499923706054688
    endloop
  endfacet
  facet normal 0 0 1
    outer loop
      vertex -36.1401481628418 -11.742645263671875 0.17499923706054688
      vertex -27.10511016845703 -8.806983947753906 0.17499923706054688
      vertex -27.528884887695312 -7.3763427734375 0.17499923706054688
    endloop
  endfacet
  facet normal 0 0 1
    outer loop
      vertex -36.70518112182617 -9.835123062133789 0.17499923706054688
      vertex -27.528884887695312 -7.3763427734375 0.17499923706054688
      vertex -27.87720489501953 -5.925482749938965 0.17499923706054688
    endloop
  endfacet
  facet normal 0 0 1
    outer loop
      vertex -37.16960906982422 -7.900643348693848 0.17499923706054688
      vertex -27.87720489501953 -5.925482749938965 0.17499923706054688
      vertex -28.14911651611328 -4.458381652832031 0.17499923706054688
    endloop
  endfacet
  facet normal 0 0 1
    outer loop
      vertex -21.17962646484375 -19.070220947265625 0.17499923706054688
      vertex -28.239501953125 -25.426963806152344 0.17499923706054688
      vertex -26.87005615234375 -26.87005615234375 0.17499923706054688
    endloop
  endfacet
  facet normal 0 0 1
    outer loop
      vertex -37.53215789794922 -5.944509506225586 0.17499923706054688
      vertex -28.14911651611328 -4.458381652832031 0.17499923706054688
      vertex -28.343873977661133 -2.9790611267089844 0.17499923706054688
    endloop
  endfacet
  facet normal 0 0 1
    outer loop
      vertex -37.791831970214844 -3.972081184387207 0.17499923706054688
      vertex -28.343873977661133 -2.9790611267089844 0.17499923706054688
      vertex -28.460941314697266 -1.4915742874145508 0.17499923706054688
    endloop
  endfacet
  facet normal 0 0 1
    outer loop
      vertex -37.94792175292969 -1.9887657165527344 0.17499923706054688
      vertex -28.460941314697266 -1.4915742874145508 0.17499923706054688
      vertex -28.5 0 0.17499923706054688
    endloop
  endfacet
  facet normal 0 0 1
    outer loop
      vertex -36.1401481628418 11.742645263671875 0.17499923706054688
      vertex -27.10511016845703 8.806983947753906 0.17499923706054688
      vertex -35.47605514526367 13.617981910705566 0.17499923706054688
    endloop
  endfacet
  facet normal 0 0 1
    outer loop
      vertex -22.148658752441406 -17.935630798339844 0.17499923706054688
      vertex -29.531545639038086 -23.914173126220703 0.17499923706054688
      vertex -28.239501953125 -25.426963806152344 0.17499923706054688
    endloop
  endfacet
  facet normal 0 0 1
    outer loop
      vertex -27.10511016845703 8.806983947753906 0.17499923706054688
      vertex -36.1401481628418 11.742645263671875 0.17499923706054688
      vertex -27.528884887695312 7.3763427734375 0.17499923706054688
    endloop
  endfacet
  facet normal 0 0 1
    outer loop
      vertex -23.056983947753906 -16.75187873840332 0.17499923706054688
      vertex -30.742645263671875 -22.335838317871094 0.17499923706054688
      vertex -29.531545639038086 -23.914173126220703 0.17499923706054688
    endloop
  endfacet
  facet normal 0 0 1
    outer loop
      vertex -36.70518112182617 9.835123062133789 0.17499923706054688
      vertex -27.528884887695312 7.3763427734375 0.17499923706054688
      vertex -36.1401481628418 11.742645263671875 0.17499923706054688
    endloop
  endfacet
  facet normal 0 0 1
    outer loop
      vertex -23.902111053466797 -15.522212028503418 0.17499923706054688
      vertex -31.86948013305664 -20.69628143310547 0.17499923706054688
      vertex -30.742645263671875 -22.335838317871094 0.17499923706054688
    endloop
  endfacet
  facet normal 0 0 1
    outer loop
      vertex -27.528884887695312 7.3763427734375 0.17499923706054688
      vertex -36.70518112182617 9.835123062133789 0.17499923706054688
      vertex -27.87720489501953 5.925482749938965 0.17499923706054688
    endloop
  endfacet
  facet normal 0 0 1
    outer loop
      vertex -24.681724548339844 -14.25 0.17499923706054688
      vertex -32.908966064453125 -19 0.17499923706054688
      vertex -31.86948013305664 -20.69628143310547 0.17499923706054688
    endloop
  endfacet
  facet normal 0 0 1
    outer loop
      vertex -37.16960906982422 7.900643348693848 0.17499923706054688
      vertex -27.87720489501953 5.925482749938965 0.17499923706054688
      vertex -36.70518112182617 9.835123062133789 0.17499923706054688
    endloop
  endfacet
  facet normal 0 0 1
    outer loop
      vertex -25.39368438720703 -12.938728332519531 0.17499923706054688
      vertex -33.858245849609375 -17.251638412475586 0.17499923706054688
      vertex -32.908966064453125 -19 0.17499923706054688
    endloop
  endfacet
  facet normal 0 0 1
    outer loop
      vertex -27.87720489501953 5.925482749938965 0.17499923706054688
      vertex -37.16960906982422 7.900643348693848 0.17499923706054688
      vertex -28.14911651611328 4.458381652832031 0.17499923706054688
    endloop
  endfacet
  facet normal 0 0 1
    outer loop
      vertex -26.03604507446289 -11.591994285583496 0.17499923706054688
      vertex -34.714725494384766 -15.455991744995117 0.17499923706054688
      vertex -33.858245849609375 -17.251638412475586 0.17499923706054688
    endloop
  endfacet
  facet normal 0 0 1
    outer loop
      vertex -37.53215789794922 5.944509506225586 0.17499923706054688
      vertex -28.14911651611328 4.458381652832031 0.17499923706054688
      vertex -37.16960906982422 7.900643348693848 0.17499923706054688
    endloop
  endfacet
  facet normal 0 0 1
    outer loop
      vertex -26.607040405273438 -10.213485717773438 0.17499923706054688
      vertex -35.47605514526367 -13.617981910705566 0.17499923706054688
      vertex -34.714725494384766 -15.455991744995117 0.17499923706054688
    endloop
  endfacet
  facet normal 0 0 1
    outer loop
      vertex -28.14911651611328 4.458381652832031 0.17499923706054688
      vertex -37.53215789794922 5.944509506225586 0.17499923706054688
      vertex -28.343873977661133 2.9790611267089844 0.17499923706054688
    endloop
  endfacet
  facet normal 0 0 1
    outer loop
      vertex -27.10511016845703 -8.806983947753906 0.17499923706054688
      vertex -36.1401481628418 -11.742645263671875 0.17499923706054688
      vertex -35.47605514526367 -13.617981910705566 0.17499923706054688
    endloop
  endfacet
  facet normal 0 0 1
    outer loop
      vertex -37.791831970214844 3.972081184387207 0.17499923706054688
      vertex -28.343873977661133 2.9790611267089844 0.17499923706054688
      vertex -37.53215789794922 5.944509506225586 0.17499923706054688
    endloop
  endfacet
  facet normal 0 0 1
    outer loop
      vertex -27.528884887695312 -7.3763427734375 0.17499923706054688
      vertex -36.70518112182617 -9.835123062133789 0.17499923706054688
      vertex -36.1401481628418 -11.742645263671875 0.17499923706054688
    endloop
  endfacet
  facet normal 0 0 1
    outer loop
      vertex -28.343873977661133 2.9790611267089844 0.17499923706054688
      vertex -37.791831970214844 3.972081184387207 0.17499923706054688
      vertex -28.460941314697266 1.4915742874145508 0.17499923706054688
    endloop
  endfacet
  facet normal 0 0 1
    outer loop
      vertex -27.87720489501953 -5.925482749938965 0.17499923706054688
      vertex -37.16960906982422 -7.900643348693848 0.17499923706054688
      vertex -36.70518112182617 -9.835123062133789 0.17499923706054688
    endloop
  endfacet
  facet normal 0 0 1
    outer loop
      vertex -37.94792175292969 1.9887657165527344 0.17499923706054688
      vertex -28.460941314697266 1.4915742874145508 0.17499923706054688
      vertex -37.791831970214844 3.972081184387207 0.17499923706054688
    endloop
  endfacet
  facet normal 0 0 1
    outer loop
      vertex -28.14911651611328 -4.458381652832031 0.17499923706054688
      vertex -37.53215789794922 -5.944509506225586 0.17499923706054688
      vertex -37.16960906982422 -7.900643348693848 0.17499923706054688
    endloop
  endfacet
  facet normal 0 0 1
    outer loop
      vertex -28.460941314697266 1.4915742874145508 0.17499923706054688
      vertex -37.94792175292969 1.9887657165527344 0.17499923706054688
      vertex -28.5 0 0.17499923706054688
    endloop
  endfacet
  facet normal 0 0 1
    outer loop
      vertex -28.343873977661133 -2.9790611267089844 0.17499923706054688
      vertex -37.791831970214844 -3.972081184387207 0.17499923706054688
      vertex -37.53215789794922 -5.944509506225586 0.17499923706054688
    endloop
  endfacet
  facet normal 0 0 1
    outer loop
      vertex -38 0 0.17499923706054688
      vertex -28.5 0 0.17499923706054688
      vertex -37.94792175292969 1.9887657165527344 0.17499923706054688
    endloop
  endfacet
  facet normal 0 0 1
    outer loop
      vertex -28.460941314697266 -1.4915742874145508 0.17499923706054688
      vertex -37.94792175292969 -1.9887657165527344 0.17499923706054688
      vertex -37.791831970214844 -3.972081184387207 0.17499923706054688
    endloop
  endfacet
  facet normal 0 0 1
    outer loop
      vertex -28.5 0 0.17499923706054688
      vertex -38 0 0.17499923706054688
      vertex -37.94792175292969 -1.9887657165527344 0.17499923706054688
    endloop
  endfacet
  facet normal 0.13052567707549817 0.9914449291937413 0
    outer loop
      vertex 5.944509506225586 37.53215789794922 -0.17499923706054688
      vertex 3.972081184387207 37.791831970214844 0.17499923706054688
      vertex 5.944509506225586 37.53215789794922 0.17499923706054688
    endloop
  endfacet
  facet normal 0.13052567707549817 0.9914449291937413 0
    outer loop
      vertex 3.972081184387207 37.791831970214844 0.17499923706054688
      vertex 5.944509506225586 37.53215789794922 -0.17499923706054688
      vertex 3.972081184387207 37.791831970214844 -0.17499923706054688
    endloop
  endfacet
  facet normal -0.8241265072673333 0.5664057732927394 0
    outer loop
      vertex -31.86948013305664 20.69628143310547 -0.17499923706054688
      vertex -30.742645263671875 22.335838317871094 0.17499923706054688
      vertex -30.742645263671875 22.335838317871094 -0.17499923706054688
    endloop
  endfacet
  facet normal -0.8241265072673333 0.5664057732927394 0
    outer loop
      vertex -30.742645263671875 22.335838317871094 0.17499923706054688
      vertex -31.86948013305664 20.69628143310547 -0.17499923706054688
      vertex -31.86948013305664 20.69628143310547 0.17499923706054688
    endloop
  endfacet
  facet normal 0.9723698680339586 -0.23344558196637993 0
    outer loop
      vertex 36.70518112182617 -9.835123062133789 0.17499923706054688
      vertex 37.16960906982422 -7.900643348693848 -0.17499923706054688
      vertex 37.16960906982422 -7.900643348693848 0.17499923706054688
    endloop
  endfacet
  facet normal 0.9723698680339586 -0.23344558196637993 0
    outer loop
      vertex 37.16960906982422 -7.900643348693848 -0.17499923706054688
      vertex 36.70518112182617 -9.835123062133789 0.17499923706054688
      vertex 36.70518112182617 -9.835123062133789 -0.17499923706054688
    endloop
  endfacet
  facet normal 0.852639418144751 -0.5224997824169697 0
    outer loop
      vertex 31.86948013305664 -20.69628143310547 0.17499923706054688
      vertex 32.908966064453125 -19 -0.17499923706054688
      vertex 32.908966064453125 -19 0.17499923706054688
    endloop
  endfacet
  facet normal 0.852639418144751 -0.5224997824169697 0
    outer loop
      vertex 32.908966064453125 -19 -0.17499923706054688
      vertex 31.86948013305664 -20.69628143310547 0.17499923706054688
      vertex 31.86948013305664 -20.69628143310547 -0.17499923706054688
    endloop
  endfacet
  facet normal 0.9426412568319678 -0.33380752076346076 0
    outer loop
      vertex 35.47605514526367 -13.617981910705566 0.17499923706054688
      vertex 36.1401481628418 -11.742645263671875 -0.17499923706054688
      vertex 36.1401481628418 -11.742645263671875 0.17499923706054688
    endloop
  endfacet
  facet normal 0.9426412568319678 -0.33380752076346076 0
    outer loop
      vertex 36.1401481628418 -11.742645263671875 -0.17499923706054688
      vertex 35.47605514526367 -13.617981910705566 0.17499923706054688
      vertex 35.47605514526367 -13.617981910705566 -0.17499923706054688
    endloop
  endfacet
  facet normal -0.852639418144751 0.5224997824169697 0
    outer loop
      vertex -32.908966064453125 19 -0.17499923706054688
      vertex -31.86948013305664 20.69628143310547 0.17499923706054688
      vertex -31.86948013305664 20.69628143310547 -0.17499923706054688
    endloop
  endfacet
  facet normal -0.852639418144751 0.5224997824169697 0
    outer loop
      vertex -31.86948013305664 20.69628143310547 0.17499923706054688
      vertex -32.908966064453125 19 -0.17499923706054688
      vertex -32.908966064453125 19 0.17499923706054688
    endloop
  endfacet
  facet normal 0.23344558196637993 0.9723698680339586 0
    outer loop
      vertex 9.835123062133789 36.70518112182617 -0.17499923706054688
      vertex 7.900643348693848 37.16960906982422 0.17499923706054688
      vertex 9.835123062133789 36.70518112182617 0.17499923706054688
    endloop
  endfacet
  facet normal 0.23344558196637993 0.9723698680339586 0
    outer loop
      vertex 7.900643348693848 37.16960906982422 0.17499923706054688
      vertex 9.835123062133789 36.70518112182617 -0.17499923706054688
      vertex 7.900643348693848 37.16960906982422 -0.17499923706054688
    endloop
  endfacet
  facet normal 0.8788177668834811 0.47715755533149806 0
    outer loop
      vertex 33.858245849609375 17.251638412475586 0.17499923706054688
      vertex 32.908966064453125 19 -0.17499923706054688
      vertex 32.908966064453125 19 0.17499923706054688
    endloop
  endfacet
  facet normal 0.8788177668834811 0.47715755533149806 0
    outer loop
      vertex 32.908966064453125 19 -0.17499923706054688
      vertex 33.858245849609375 17.251638412475586 0.17499923706054688
      vertex 33.858245849609375 17.251638412475586 -0.17499923706054688
    endloop
  endfacet
  facet normal -0.13052567707549817 -0.9914449291937413 0
    outer loop
      vertex -5.944509506225586 -37.53215789794922 -0.17499923706054688
      vertex -3.972081184387207 -37.791831970214844 0.17499923706054688
      vertex -5.944509506225586 -37.53215789794922 0.17499923706054688
    endloop
  endfacet
  facet normal -0.13052567707549817 -0.9914449291937413 0
    outer loop
      vertex -3.972081184387207 -37.791831970214844 0.17499923706054688
      vertex -5.944509506225586 -37.53215789794922 -0.17499923706054688
      vertex -3.972081184387207 -37.791831970214844 -0.17499923706054688
    endloop
  endfacet
  facet normal 0.9723698680339586 0.23344558196637993 0
    outer loop
      vertex 37.16960906982422 7.900643348693848 0.17499923706054688
      vertex 36.70518112182617 9.835123062133789 -0.17499923706054688
      vertex 36.70518112182617 9.835123062133789 0.17499923706054688
    endloop
  endfacet
  facet normal 0.9723698680339586 0.23344558196637993 0
    outer loop
      vertex 36.70518112182617 9.835123062133789 -0.17499923706054688
      vertex 37.16960906982422 7.900643348693848 0.17499923706054688
      vertex 37.16960906982422 7.900643348693848 -0.17499923706054688
    endloop
  endfacet
  facet normal -0.02617724165414574 -0.9996573172939718 0
    outer loop
      vertex -1.9887657165527344 -37.94792175292969 -0.17499923706054688
      vertex 0 -38 0.17499923706054688
      vertex -1.9887657165527344 -37.94792175292969 0.17499923706054688
    endloop
  endfacet
  facet normal -0.02617724165414574 -0.9996573172939718 0
    outer loop
      vertex 0 -38 0.17499923706054688
      vertex -1.9887657165527344 -37.94792175292969 -0.17499923706054688
      vertex 0 -38 -0.17499923706054688
    endloop
  endfacet
  facet normal -0.47715755533149806 0.8788177668834811 0
    outer loop
      vertex -17.251638412475586 33.858245849609375 -0.17499923706054688
      vertex -19 32.908966064453125 0.17499923706054688
      vertex -17.251638412475586 33.858245849609375 0.17499923706054688
    endloop
  endfacet
  facet normal -0.47715755533149806 0.8788177668834811 0
    outer loop
      vertex -19 32.908966064453125 0.17499923706054688
      vertex -17.251638412475586 33.858245849609375 -0.17499923706054688
      vertex -19 32.908966064453125 -0.17499923706054688
    endloop
  endfacet
  facet normal -0.18223593855920078 -0.9832548310064118 0
    outer loop
      vertex -7.900643348693848 -37.16960906982422 -0.17499923706054688
      vertex -5.944509506225586 -37.53215789794922 0.17499923706054688
      vertex -7.900643348693848 -37.16960906982422 0.17499923706054688
    endloop
  endfacet
  facet normal -0.18223593855920078 -0.9832548310064118 0
    outer loop
      vertex -5.944509506225586 -37.53215789794922 0.17499923706054688
      vertex -7.900643348693848 -37.16960906982422 -0.17499923706054688
      vertex -5.944509506225586 -37.53215789794922 -0.17499923706054688
    endloop
  endfacet
  facet normal -0.7604063664851858 0.6494475789536805 0
    outer loop
      vertex -29.531545639038086 23.914173126220703 -0.17499923706054688
      vertex -28.239501953125 25.426963806152344 0.17499923706054688
      vertex -28.239501953125 25.426963806152344 -0.17499923706054688
    endloop
  endfacet
  facet normal -0.7604063664851858 0.6494475789536805 0
    outer loop
      vertex -28.239501953125 25.426963806152344 0.17499923706054688
      vertex -29.531545639038086 23.914173126220703 -0.17499923706054688
      vertex -29.531545639038086 23.914173126220703 0.17499923706054688
    endloop
  endfacet
  facet normal 0 0 -1
    outer loop
      vertex 28.5 0 -0.17499923706054688
      vertex 38 0 -0.17499923706054688
      vertex 37.94792175292969 -1.9887657165527344 -0.17499923706054688
    endloop
  endfacet
  facet normal 0 0 -1
    outer loop
      vertex 28.460941314697266 -1.4915742874145508 -0.17499923706054688
      vertex 37.94792175292969 -1.9887657165527344 -0.17499923706054688
      vertex 37.791831970214844 -3.972081184387207 -0.17499923706054688
    endloop
  endfacet
  facet normal 0 0 -1
    outer loop
      vertex 38 0 -0.17499923706054688
      vertex 28.5 0 -0.17499923706054688
      vertex 37.94792175292969 1.9887657165527344 -0.17499923706054688
    endloop
  endfacet
  facet normal 0 0 -1
    outer loop
      vertex 28.343873977661133 -2.9790611267089844 -0.17499923706054688
      vertex 37.791831970214844 -3.972081184387207 -0.17499923706054688
      vertex 37.53215789794922 -5.944509506225586 -0.17499923706054688
    endloop
  endfacet
  facet normal 0 0 -1
    outer loop
      vertex 28.460941314697266 1.4915742874145508 -0.17499923706054688
      vertex 37.94792175292969 1.9887657165527344 -0.17499923706054688
      vertex 28.5 0 -0.17499923706054688
    endloop
  endfacet
  facet normal 0 0 -1
    outer loop
      vertex 28.14911651611328 -4.458381652832031 -0.17499923706054688
      vertex 37.53215789794922 -5.944509506225586 -0.17499923706054688
      vertex 37.16960906982422 -7.900643348693848 -0.17499923706054688
    endloop
  endfacet
  facet normal 0 0 -1
    outer loop
      vertex 37.94792175292969 1.9887657165527344 -0.17499923706054688
      vertex 28.460941314697266 1.4915742874145508 -0.17499923706054688
      vertex 37.791831970214844 3.972081184387207 -0.17499923706054688
    endloop
  endfacet
  facet normal 0 0 -1
    outer loop
      vertex 27.87720489501953 -5.925482749938965 -0.17499923706054688
      vertex 37.16960906982422 -7.900643348693848 -0.17499923706054688
      vertex 36.70518112182617 -9.835123062133789 -0.17499923706054688
    endloop
  endfacet
  facet normal 0 0 -1
    outer loop
      vertex 28.343873977661133 2.9790611267089844 -0.17499923706054688
      vertex 37.791831970214844 3.972081184387207 -0.17499923706054688
      vertex 28.460941314697266 1.4915742874145508 -0.17499923706054688
    endloop
  endfacet
  facet normal 0 0 -1
    outer loop
      vertex 27.528884887695312 -7.3763427734375 -0.17499923706054688
      vertex 36.70518112182617 -9.835123062133789 -0.17499923706054688
      vertex 36.1401481628418 -11.742645263671875 -0.17499923706054688
    endloop
  endfacet
  facet normal 0 0 -1
    outer loop
      vertex 37.791831970214844 3.972081184387207 -0.17499923706054688
      vertex 28.343873977661133 2.9790611267089844 -0.17499923706054688
      vertex 37.53215789794922 5.944509506225586 -0.17499923706054688
    endloop
  endfacet
  facet normal 0 0 -1
    outer loop
      vertex 27.10511016845703 -8.806983947753906 -0.17499923706054688
      vertex 36.1401481628418 -11.742645263671875 -0.17499923706054688
      vertex 35.47605514526367 -13.617981910705566 -0.17499923706054688
    endloop
  endfacet
  facet normal 0 0 -1
    outer loop
      vertex 28.14911651611328 4.458381652832031 -0.17499923706054688
      vertex 37.53215789794922 5.944509506225586 -0.17499923706054688
      vertex 28.343873977661133 2.9790611267089844 -0.17499923706054688
    endloop
  endfacet
  facet normal 0 0 -1
    outer loop
      vertex 26.607040405273438 -10.213485717773438 -0.17499923706054688
      vertex 35.47605514526367 -13.617981910705566 -0.17499923706054688
      vertex 34.714725494384766 -15.455991744995117 -0.17499923706054688
    endloop
  endfacet
  facet normal 0 0 -1
    outer loop
      vertex 37.53215789794922 5.944509506225586 -0.17499923706054688
      vertex 28.14911651611328 4.458381652832031 -0.17499923706054688
      vertex 37.16960906982422 7.900643348693848 -0.17499923706054688
    endloop
  endfacet
  facet normal 0 0 -1
    outer loop
      vertex 26.03604507446289 -11.591994285583496 -0.17499923706054688
      vertex 34.714725494384766 -15.455991744995117 -0.17499923706054688
      vertex 33.858245849609375 -17.251638412475586 -0.17499923706054688
    endloop
  endfacet
  facet normal 0 0 -1
    outer loop
      vertex 27.87720489501953 5.925482749938965 -0.17499923706054688
      vertex 37.16960906982422 7.900643348693848 -0.17499923706054688
      vertex 28.14911651611328 4.458381652832031 -0.17499923706054688
    endloop
  endfacet
  facet normal 0 0 -1
    outer loop
      vertex 25.39368438720703 -12.938728332519531 -0.17499923706054688
      vertex 33.858245849609375 -17.251638412475586 -0.17499923706054688
      vertex 32.908966064453125 -19 -0.17499923706054688
    endloop
  endfacet
  facet normal 0 0 -1
    outer loop
      vertex 37.16960906982422 7.900643348693848 -0.17499923706054688
      vertex 27.87720489501953 5.925482749938965 -0.17499923706054688
      vertex 36.70518112182617 9.835123062133789 -0.17499923706054688
    endloop
  endfacet
  facet normal 0 0 -1
    outer loop
      vertex 24.681724548339844 -14.25 -0.17499923706054688
      vertex 32.908966064453125 -19 -0.17499923706054688
      vertex 31.86948013305664 -20.69628143310547 -0.17499923706054688
    endloop
  endfacet
  facet normal 0 0 -1
    outer loop
      vertex 27.528884887695312 7.3763427734375 -0.17499923706054688
      vertex 36.70518112182617 9.835123062133789 -0.17499923706054688
      vertex 27.87720489501953 5.925482749938965 -0.17499923706054688
    endloop
  endfacet
  facet normal 0 0 -1
    outer loop
      vertex 23.902111053466797 -15.522212028503418 -0.17499923706054688
      vertex 31.86948013305664 -20.69628143310547 -0.17499923706054688
      vertex 30.742645263671875 -22.335838317871094 -0.17499923706054688
    endloop
  endfacet
  facet normal 0 0 -1
    outer loop
      vertex 36.70518112182617 9.835123062133789 -0.17499923706054688
      vertex 27.528884887695312 7.3763427734375 -0.17499923706054688
      vertex 36.1401481628418 11.742645263671875 -0.17499923706054688
    endloop
  endfacet
  facet normal 0 0 -1
    outer loop
      vertex 23.056983947753906 -16.75187873840332 -0.17499923706054688
      vertex 30.742645263671875 -22.335838317871094 -0.17499923706054688
      vertex 29.531545639038086 -23.914173126220703 -0.17499923706054688
    endloop
  endfacet
  facet normal 0 0 -1
    outer loop
      vertex 27.10511016845703 8.806983947753906 -0.17499923706054688
      vertex 36.1401481628418 11.742645263671875 -0.17499923706054688
      vertex 27.528884887695312 7.3763427734375 -0.17499923706054688
    endloop
  endfacet
  facet normal 0 0 -1
    outer loop
      vertex 36.1401481628418 11.742645263671875 -0.17499923706054688
      vertex 27.10511016845703 8.806983947753906 -0.17499923706054688
      vertex 35.47605514526367 13.617981910705566 -0.17499923706054688
    endloop
  endfacet
  facet normal 0 0 -1
    outer loop
      vertex 37.94792175292969 -1.9887657165527344 -0.17499923706054688
      vertex 28.460941314697266 -1.4915742874145508 -0.17499923706054688
      vertex 28.5 0 -0.17499923706054688
    endloop
  endfacet
  facet normal 0 0 -1
    outer loop
      vertex 37.791831970214844 -3.972081184387207 -0.17499923706054688
      vertex 28.343873977661133 -2.9790611267089844 -0.17499923706054688
      vertex 28.460941314697266 -1.4915742874145508 -0.17499923706054688
    endloop
  endfacet
  facet normal 0 0 -1
    outer loop
      vertex 22.148658752441406 -17.935630798339844 -0.17499923706054688
      vertex 29.531545639038086 -23.914173126220703 -0.17499923706054688
      vertex 28.239501953125 -25.426963806152344 -0.17499923706054688
    endloop
  endfacet
  facet normal 0 0 -1
    outer loop
      vertex 37.53215789794922 -5.944509506225586 -0.17499923706054688
      vertex 28.14911651611328 -4.458381652832031 -0.17499923706054688
      vertex 28.343873977661133 -2.9790611267089844 -0.17499923706054688
    endloop
  endfacet
  facet normal 0 0 -1
    outer loop
      vertex 37.16960906982422 -7.900643348693848 -0.17499923706054688
      vertex 27.87720489501953 -5.925482749938965 -0.17499923706054688
      vertex 28.14911651611328 -4.458381652832031 -0.17499923706054688
    endloop
  endfacet
  facet normal 0 0 -1
    outer loop
      vertex 36.70518112182617 -9.835123062133789 -0.17499923706054688
      vertex 27.528884887695312 -7.3763427734375 -0.17499923706054688
      vertex 27.87720489501953 -5.925482749938965 -0.17499923706054688
    endloop
  endfacet
  facet normal 0 0 -1
    outer loop
      vertex 36.1401481628418 -11.742645263671875 -0.17499923706054688
      vertex 27.10511016845703 -8.806983947753906 -0.17499923706054688
      vertex 27.528884887695312 -7.3763427734375 -0.17499923706054688
    endloop
  endfacet
  facet normal 0 0 -1
    outer loop
      vertex 21.17962646484375 -19.070220947265625 -0.17499923706054688
      vertex 28.239501953125 -25.426963806152344 -0.17499923706054688
      vertex 26.87005615234375 -26.87005615234375 -0.17499923706054688
    endloop
  endfacet
  facet normal 0 0 -1
    outer loop
      vertex 35.47605514526367 -13.617981910705566 -0.17499923706054688
      vertex 26.607040405273438 -10.213485717773438 -0.17499923706054688
      vertex 27.10511016845703 -8.806983947753906 -0.17499923706054688
    endloop
  endfacet
  facet normal 0 0 -1
    outer loop
      vertex 34.714725494384766 -15.455991744995117 -0.17499923706054688
      vertex 26.03604507446289 -11.591994285583496 -0.17499923706054688
      vertex 26.607040405273438 -10.213485717773438 -0.17499923706054688
    endloop
  endfacet
  facet normal 0 0 -1
    outer loop
      vertex 20.152542114257812 -20.152542114257812 -0.17499923706054688
      vertex 26.87005615234375 -26.87005615234375 -0.17499923706054688
      vertex 25.426963806152344 -28.239501953125 -0.17499923706054688
    endloop
  endfacet
  facet normal 0 0 -1
    outer loop
      vertex 33.858245849609375 -17.251638412475586 -0.17499923706054688
      vertex 25.39368438720703 -12.938728332519531 -0.17499923706054688
      vertex 26.03604507446289 -11.591994285583496 -0.17499923706054688
    endloop
  endfacet
  facet normal 0 0 -1
    outer loop
      vertex 32.908966064453125 -19 -0.17499923706054688
      vertex 24.681724548339844 -14.25 -0.17499923706054688
      vertex 25.39368438720703 -12.938728332519531 -0.17499923706054688
    endloop
  endfacet
  facet normal 0 0 -1
    outer loop
      vertex 19.070220947265625 -21.17962646484375 -0.17499923706054688
      vertex 25.426963806152344 -28.239501953125 -0.17499923706054688
      vertex 23.914173126220703 -29.531545639038086 -0.17499923706054688
    endloop
  endfacet
  facet normal 0 0 -1
    outer loop
      vertex 31.86948013305664 -20.69628143310547 -0.17499923706054688
      vertex 23.902111053466797 -15.522212028503418 -0.17499923706054688
      vertex 24.681724548339844 -14.25 -0.17499923706054688
    endloop
  endfacet
  facet normal 0 0 -1
    outer loop
      vertex 30.742645263671875 -22.335838317871094 -0.17499923706054688
      vertex 23.056983947753906 -16.75187873840332 -0.17499923706054688
      vertex 23.902111053466797 -15.522212028503418 -0.17499923706054688
    endloop
  endfacet
  facet normal 0 0 -1
    outer loop
      vertex 17.935630798339844 -22.148658752441406 -0.17499923706054688
      vertex 23.914173126220703 -29.531545639038086 -0.17499923706054688
      vertex 22.335838317871094 -30.742645263671875 -0.17499923706054688
    endloop
  endfacet
  facet normal 0 0 -1
    outer loop
      vertex 29.531545639038086 -23.914173126220703 -0.17499923706054688
      vertex 22.148658752441406 -17.935630798339844 -0.17499923706054688
      vertex 23.056983947753906 -16.75187873840332 -0.17499923706054688
    endloop
  endfacet
  facet normal 0 0 -1
    outer loop
      vertex 28.239501953125 -25.426963806152344 -0.17499923706054688
      vertex 21.17962646484375 -19.070220947265625 -0.17499923706054688
      vertex 22.148658752441406 -17.935630798339844 -0.17499923706054688
    endloop
  endfacet
  facet normal 0 0 -1
    outer loop
      vertex 16.75187873840332 -23.056983947753906 -0.17499923706054688
      vertex 22.335838317871094 -30.742645263671875 -0.17499923706054688
      vertex 20.69628143310547 -31.86948013305664 -0.17499923706054688
    endloop
  endfacet
  facet normal 0 0 -1
    outer loop
      vertex 26.87005615234375 -26.87005615234375 -0.17499923706054688
      vertex 20.152542114257812 -20.152542114257812 -0.17499923706054688
      vertex 21.17962646484375 -19.070220947265625 -0.17499923706054688
    endloop
  endfacet
  facet normal 0 0 -1
    outer loop
      vertex 25.426963806152344 -28.239501953125 -0.17499923706054688
      vertex 19.070220947265625 -21.17962646484375 -0.17499923706054688
      vertex 20.152542114257812 -20.152542114257812 -0.17499923706054688
    endloop
  endfacet
  facet normal 0 0 -1
    outer loop
      vertex 15.522212028503418 -23.902111053466797 -0.17499923706054688
      vertex 20.69628143310547 -31.86948013305664 -0.17499923706054688
      vertex 19 -32.908966064453125 -0.17499923706054688
    endloop
  endfacet
  facet normal 0 0 -1
    outer loop
      vertex 23.914173126220703 -29.531545639038086 -0.17499923706054688
      vertex 17.935630798339844 -22.148658752441406 -0.17499923706054688
      vertex 19.070220947265625 -21.17962646484375 -0.17499923706054688
    endloop
  endfacet
  facet normal 0 0 -1
    outer loop
      vertex 14.25 -24.681724548339844 -0.17499923706054688
      vertex 19 -32.908966064453125 -0.17499923706054688
      vertex 17.251638412475586 -33.858245849609375 -0.17499923706054688
    endloop
  endfacet
  facet normal 0 0 -1
    outer loop
      vertex 22.335838317871094 -30.742645263671875 -0.17499923706054688
      vertex 16.75187873840332 -23.056983947753906 -0.17499923706054688
      vertex 17.935630798339844 -22.148658752441406 -0.17499923706054688
    endloop
  endfacet
  facet normal 0 0 -1
    outer loop
      vertex 20.69628143310547 -31.86948013305664 -0.17499923706054688
      vertex 15.522212028503418 -23.902111053466797 -0.17499923706054688
      vertex 16.75187873840332 -23.056983947753906 -0.17499923706054688
    endloop
  endfacet
  facet normal 0 0 -1
    outer loop
      vertex 12.938728332519531 -25.39368438720703 -0.17499923706054688
      vertex 17.251638412475586 -33.858245849609375 -0.17499923706054688
      vertex 15.455991744995117 -34.714725494384766 -0.17499923706054688
    endloop
  endfacet
  facet normal 0 0 -1
    outer loop
      vertex 19 -32.908966064453125 -0.17499923706054688
      vertex 14.25 -24.681724548339844 -0.17499923706054688
      vertex 15.522212028503418 -23.902111053466797 -0.17499923706054688
    endloop
  endfacet
  facet normal 0 0 -1
    outer loop
      vertex 11.591994285583496 -26.03604507446289 -0.17499923706054688
      vertex 15.455991744995117 -34.714725494384766 -0.17499923706054688
      vertex 13.617981910705566 -35.47605514526367 -0.17499923706054688
    endloop
  endfacet
  facet normal 0 0 -1
    outer loop
      vertex 17.251638412475586 -33.858245849609375 -0.17499923706054688
      vertex 12.938728332519531 -25.39368438720703 -0.17499923706054688
      vertex 14.25 -24.681724548339844 -0.17499923706054688
    endloop
  endfacet
  facet normal 0 0 -1
    outer loop
      vertex 10.213485717773438 -26.607040405273438 -0.17499923706054688
      vertex 13.617981910705566 -35.47605514526367 -0.17499923706054688
      vertex 11.742645263671875 -36.1401481628418 -0.17499923706054688
    endloop
  endfacet
  facet normal 0 0 -1
    outer loop
      vertex 15.455991744995117 -34.714725494384766 -0.17499923706054688
      vertex 11.591994285583496 -26.03604507446289 -0.17499923706054688
      vertex 12.938728332519531 -25.39368438720703 -0.17499923706054688
    endloop
  endfacet
  facet normal 0 0 -1
    outer loop
      vertex 13.617981910705566 -35.47605514526367 -0.17499923706054688
      vertex 10.213485717773438 -26.607040405273438 -0.17499923706054688
      vertex 11.591994285583496 -26.03604507446289 -0.17499923706054688
    endloop
  endfacet
  facet normal 0 0 -1
    outer loop
      vertex 8.806983947753906 -27.10511016845703 -0.17499923706054688
      vertex 11.742645263671875 -36.1401481628418 -0.17499923706054688
      vertex 9.835123062133789 -36.70518112182617 -0.17499923706054688
    endloop
  endfacet
  facet normal 0 0 -1
    outer loop
      vertex 11.742645263671875 -36.1401481628418 -0.17499923706054688
      vertex 8.806983947753906 -27.10511016845703 -0.17499923706054688
      vertex 10.213485717773438 -26.607040405273438 -0.17499923706054688
    endloop
  endfacet
  facet normal 0 0 -1
    outer loop
      vertex 7.3763427734375 -27.528884887695312 -0.17499923706054688
      vertex 9.835123062133789 -36.70518112182617 -0.17499923706054688
      vertex 7.900643348693848 -37.16960906982422 -0.17499923706054688
    endloop
  endfacet
  facet normal 0 0 -1
    outer loop
      vertex 9.835123062133789 -36.70518112182617 -0.17499923706054688
      vertex 7.3763427734375 -27.528884887695312 -0.17499923706054688
      vertex 8.806983947753906 -27.10511016845703 -0.17499923706054688
    endloop
  endfacet
  facet normal 0 0 -1
    outer loop
      vertex 5.925482749938965 -27.87720489501953 -0.17499923706054688
      vertex 7.900643348693848 -37.16960906982422 -0.17499923706054688
      vertex 5.944509506225586 -37.53215789794922 -0.17499923706054688
    endloop
  endfacet
  facet normal 0 0 -1
    outer loop
      vertex 7.900643348693848 -37.16960906982422 -0.17499923706054688
      vertex 5.925482749938965 -27.87720489501953 -0.17499923706054688
      vertex 7.3763427734375 -27.528884887695312 -0.17499923706054688
    endloop
  endfacet
  facet normal 0 0 -1
    outer loop
      vertex 5.944509506225586 -37.53215789794922 -0.17499923706054688
      vertex 4.458381652832031 -28.14911651611328 -0.17499923706054688
      vertex 5.925482749938965 -27.87720489501953 -0.17499923706054688
    endloop
  endfacet
  facet normal 0 0 -1
    outer loop
      vertex 3.972081184387207 -37.791831970214844 -0.17499923706054688
      vertex 4.458381652832031 -28.14911651611328 -0.17499923706054688
      vertex 5.944509506225586 -37.53215789794922 -0.17499923706054688
    endloop
  endfacet
  facet normal 0 0 -1
    outer loop
      vertex 3.972081184387207 -37.791831970214844 -0.17499923706054688
      vertex 2.9790611267089844 -28.343873977661133 -0.17499923706054688
      vertex 4.458381652832031 -28.14911651611328 -0.17499923706054688
    endloop
  endfacet
  facet normal 0 0 -1
    outer loop
      vertex 1.9887657165527344 -37.94792175292969 -0.17499923706054688
      vertex 2.9790611267089844 -28.343873977661133 -0.17499923706054688
      vertex 3.972081184387207 -37.791831970214844 -0.17499923706054688
    endloop
  endfacet
  facet normal 0 0 -1
    outer loop
      vertex 1.9887657165527344 -37.94792175292969 -0.17499923706054688
      vertex 1.4915742874145508 -28.460941314697266 -0.17499923706054688
      vertex 2.9790611267089844 -28.343873977661133 -0.17499923706054688
    endloop
  endfacet
  facet normal 0 0 -1
    outer loop
      vertex 0 -38 -0.17499923706054688
      vertex 1.4915742874145508 -28.460941314697266 -0.17499923706054688
      vertex 1.9887657165527344 -37.94792175292969 -0.17499923706054688
    endloop
  endfacet
  facet normal 0 0 -1
    outer loop
      vertex 0 -38 -0.17499923706054688
      vertex 0 -28.5 -0.17499923706054688
      vertex 1.4915742874145508 -28.460941314697266 -0.17499923706054688
    endloop
  endfacet
  facet normal 0 0 -1
    outer loop
      vertex 0 -38 -0.17499923706054688
      vertex -1.4915742874145508 -28.460941314697266 -0.17499923706054688
      vertex 0 -28.5 -0.17499923706054688
    endloop
  endfacet
  facet normal 0 0 -1
    outer loop
      vertex -1.9887657165527344 -37.94792175292969 -0.17499923706054688
      vertex -1.4915742874145508 -28.460941314697266 -0.17499923706054688
      vertex 0 -38 -0.17499923706054688
    endloop
  endfacet
  facet normal 0 0 -1
    outer loop
      vertex -1.9887657165527344 -37.94792175292969 -0.17499923706054688
      vertex -2.9790611267089844 -28.343873977661133 -0.17499923706054688
      vertex -1.4915742874145508 -28.460941314697266 -0.17499923706054688
    endloop
  endfacet
  facet normal 0 0 -1
    outer loop
      vertex -3.972081184387207 -37.791831970214844 -0.17499923706054688
      vertex -2.9790611267089844 -28.343873977661133 -0.17499923706054688
      vertex -1.9887657165527344 -37.94792175292969 -0.17499923706054688
    endloop
  endfacet
  facet normal 0 0 -1
    outer loop
      vertex -3.972081184387207 -37.791831970214844 -0.17499923706054688
      vertex -4.458381652832031 -28.14911651611328 -0.17499923706054688
      vertex -2.9790611267089844 -28.343873977661133 -0.17499923706054688
    endloop
  endfacet
  facet normal 0 0 -1
    outer loop
      vertex -5.944509506225586 -37.53215789794922 -0.17499923706054688
      vertex -4.458381652832031 -28.14911651611328 -0.17499923706054688
      vertex -3.972081184387207 -37.791831970214844 -0.17499923706054688
    endloop
  endfacet
  facet normal 0 0 -1
    outer loop
      vertex -4.458381652832031 -28.14911651611328 -0.17499923706054688
      vertex -5.944509506225586 -37.53215789794922 -0.17499923706054688
      vertex -5.925482749938965 -27.87720489501953 -0.17499923706054688
    endloop
  endfacet
  facet normal 0 0 -1
    outer loop
      vertex -7.900643348693848 -37.16960906982422 -0.17499923706054688
      vertex -5.925482749938965 -27.87720489501953 -0.17499923706054688
      vertex -5.944509506225586 -37.53215789794922 -0.17499923706054688
    endloop
  endfacet
  facet normal 0 0 -1
    outer loop
      vertex -5.925482749938965 -27.87720489501953 -0.17499923706054688
      vertex -7.900643348693848 -37.16960906982422 -0.17499923706054688
      vertex -7.3763427734375 -27.528884887695312 -0.17499923706054688
    endloop
  endfacet
  facet normal 0 0 -1
    outer loop
      vertex -9.835123062133789 -36.70518112182617 -0.17499923706054688
      vertex -7.3763427734375 -27.528884887695312 -0.17499923706054688
      vertex -7.900643348693848 -37.16960906982422 -0.17499923706054688
    endloop
  endfacet
  facet normal 0 0 -1
    outer loop
      vertex -7.3763427734375 -27.528884887695312 -0.17499923706054688
      vertex -9.835123062133789 -36.70518112182617 -0.17499923706054688
      vertex -8.806983947753906 -27.10511016845703 -0.17499923706054688
    endloop
  endfacet
  facet normal 0 0 -1
    outer loop
      vertex -11.742645263671875 -36.1401481628418 -0.17499923706054688
      vertex -8.806983947753906 -27.10511016845703 -0.17499923706054688
      vertex -9.835123062133789 -36.70518112182617 -0.17499923706054688
    endloop
  endfacet
  facet normal 0 0 -1
    outer loop
      vertex -8.806983947753906 -27.10511016845703 -0.17499923706054688
      vertex -11.742645263671875 -36.1401481628418 -0.17499923706054688
      vertex -10.213485717773438 -26.607040405273438 -0.17499923706054688
    endloop
  endfacet
  facet normal 0 0 -1
    outer loop
      vertex -13.617981910705566 -35.47605514526367 -0.17499923706054688
      vertex -10.213485717773438 -26.607040405273438 -0.17499923706054688
      vertex -11.742645263671875 -36.1401481628418 -0.17499923706054688
    endloop
  endfacet
  facet normal 0 0 -1
    outer loop
      vertex -10.213485717773438 -26.607040405273438 -0.17499923706054688
      vertex -13.617981910705566 -35.47605514526367 -0.17499923706054688
      vertex -11.591994285583496 -26.03604507446289 -0.17499923706054688
    endloop
  endfacet
  facet normal 0 0 -1
    outer loop
      vertex -15.455991744995117 -34.714725494384766 -0.17499923706054688
      vertex -11.591994285583496 -26.03604507446289 -0.17499923706054688
      vertex -13.617981910705566 -35.47605514526367 -0.17499923706054688
    endloop
  endfacet
  facet normal 0 0 -1
    outer loop
      vertex -11.591994285583496 -26.03604507446289 -0.17499923706054688
      vertex -15.455991744995117 -34.714725494384766 -0.17499923706054688
      vertex -12.938728332519531 -25.39368438720703 -0.17499923706054688
    endloop
  endfacet
  facet normal 0 0 -1
    outer loop
      vertex -17.251638412475586 -33.858245849609375 -0.17499923706054688
      vertex -12.938728332519531 -25.39368438720703 -0.17499923706054688
      vertex -15.455991744995117 -34.714725494384766 -0.17499923706054688
    endloop
  endfacet
  facet normal 0 0 -1
    outer loop
      vertex -12.938728332519531 -25.39368438720703 -0.17499923706054688
      vertex -17.251638412475586 -33.858245849609375 -0.17499923706054688
      vertex -14.25 -24.681724548339844 -0.17499923706054688
    endloop
  endfacet
  facet normal 0 0 -1
    outer loop
      vertex -19 -32.908966064453125 -0.17499923706054688
      vertex -14.25 -24.681724548339844 -0.17499923706054688
      vertex -17.251638412475586 -33.858245849609375 -0.17499923706054688
    endloop
  endfacet
  facet normal 0 0 -1
    outer loop
      vertex -14.25 -24.681724548339844 -0.17499923706054688
      vertex -19 -32.908966064453125 -0.17499923706054688
      vertex -15.522212028503418 -23.902111053466797 -0.17499923706054688
    endloop
  endfacet
  facet normal 0 0 -1
    outer loop
      vertex -20.69628143310547 -31.86948013305664 -0.17499923706054688
      vertex -15.522212028503418 -23.902111053466797 -0.17499923706054688
      vertex -19 -32.908966064453125 -0.17499923706054688
    endloop
  endfacet
  facet normal 0 0 -1
    outer loop
      vertex -15.522212028503418 -23.902111053466797 -0.17499923706054688
      vertex -20.69628143310547 -31.86948013305664 -0.17499923706054688
      vertex -16.75187873840332 -23.056983947753906 -0.17499923706054688
    endloop
  endfacet
  facet normal 0 0 -1
    outer loop
      vertex -22.335838317871094 -30.742645263671875 -0.17499923706054688
      vertex -16.75187873840332 -23.056983947753906 -0.17499923706054688
      vertex -20.69628143310547 -31.86948013305664 -0.17499923706054688
    endloop
  endfacet
  facet normal 0 0 -1
    outer loop
      vertex -16.75187873840332 -23.056983947753906 -0.17499923706054688
      vertex -22.335838317871094 -30.742645263671875 -0.17499923706054688
      vertex -17.935630798339844 -22.148658752441406 -0.17499923706054688
    endloop
  endfacet
  facet normal 0 0 -1
    outer loop
      vertex -23.914173126220703 -29.531545639038086 -0.17499923706054688
      vertex -17.935630798339844 -22.148658752441406 -0.17499923706054688
      vertex -22.335838317871094 -30.742645263671875 -0.17499923706054688
    endloop
  endfacet
  facet normal 0 0 -1
    outer loop
      vertex -17.935630798339844 -22.148658752441406 -0.17499923706054688
      vertex -23.914173126220703 -29.531545639038086 -0.17499923706054688
      vertex -19.070220947265625 -21.17962646484375 -0.17499923706054688
    endloop
  endfacet
  facet normal 0 0 -1
    outer loop
      vertex -25.426963806152344 -28.239501953125 -0.17499923706054688
      vertex -19.070220947265625 -21.17962646484375 -0.17499923706054688
      vertex -23.914173126220703 -29.531545639038086 -0.17499923706054688
    endloop
  endfacet
  facet normal 0 0 -1
    outer loop
      vertex -19.070220947265625 -21.17962646484375 -0.17499923706054688
      vertex -25.426963806152344 -28.239501953125 -0.17499923706054688
      vertex -20.152542114257812 -20.152542114257812 -0.17499923706054688
    endloop
  endfacet
  facet normal 0 0 -1
    outer loop
      vertex -26.87005615234375 -26.87005615234375 -0.17499923706054688
      vertex -20.152542114257812 -20.152542114257812 -0.17499923706054688
      vertex -25.426963806152344 -28.239501953125 -0.17499923706054688
    endloop
  endfacet
  facet normal 0 0 -1
    outer loop
      vertex -20.152542114257812 -20.152542114257812 -0.17499923706054688
      vertex -26.87005615234375 -26.87005615234375 -0.17499923706054688
      vertex -21.17962646484375 -19.070220947265625 -0.17499923706054688
    endloop
  endfacet
  facet normal 0 0 -1
    outer loop
      vertex -28.239501953125 -25.426963806152344 -0.17499923706054688
      vertex -21.17962646484375 -19.070220947265625 -0.17499923706054688
      vertex -26.87005615234375 -26.87005615234375 -0.17499923706054688
    endloop
  endfacet
  facet normal 0 0 -1
    outer loop
      vertex -21.17962646484375 -19.070220947265625 -0.17499923706054688
      vertex -28.239501953125 -25.426963806152344 -0.17499923706054688
      vertex -22.148658752441406 -17.935630798339844 -0.17499923706054688
    endloop
  endfacet
  facet normal 0 0 -1
    outer loop
      vertex -29.531545639038086 -23.914173126220703 -0.17499923706054688
      vertex -22.148658752441406 -17.935630798339844 -0.17499923706054688
      vertex -28.239501953125 -25.426963806152344 -0.17499923706054688
    endloop
  endfacet
  facet normal 0 0 -1
    outer loop
      vertex -22.148658752441406 -17.935630798339844 -0.17499923706054688
      vertex -29.531545639038086 -23.914173126220703 -0.17499923706054688
      vertex -23.056983947753906 -16.75187873840332 -0.17499923706054688
    endloop
  endfacet
  facet normal 0 0 -1
    outer loop
      vertex -30.742645263671875 -22.335838317871094 -0.17499923706054688
      vertex -23.056983947753906 -16.75187873840332 -0.17499923706054688
      vertex -29.531545639038086 -23.914173126220703 -0.17499923706054688
    endloop
  endfacet
  facet normal 0 0 -1
    outer loop
      vertex -23.056983947753906 -16.75187873840332 -0.17499923706054688
      vertex -30.742645263671875 -22.335838317871094 -0.17499923706054688
      vertex -23.902111053466797 -15.522212028503418 -0.17499923706054688
    endloop
  endfacet
  facet normal 0 0 -1
    outer loop
      vertex -31.86948013305664 -20.69628143310547 -0.17499923706054688
      vertex -23.902111053466797 -15.522212028503418 -0.17499923706054688
      vertex -30.742645263671875 -22.335838317871094 -0.17499923706054688
    endloop
  endfacet
  facet normal 0 0 -1
    outer loop
      vertex -23.902111053466797 -15.522212028503418 -0.17499923706054688
      vertex -31.86948013305664 -20.69628143310547 -0.17499923706054688
      vertex -24.681724548339844 -14.25 -0.17499923706054688
    endloop
  endfacet
  facet normal 0 0 -1
    outer loop
      vertex -32.908966064453125 -19 -0.17499923706054688
      vertex -24.681724548339844 -14.25 -0.17499923706054688
      vertex -31.86948013305664 -20.69628143310547 -0.17499923706054688
    endloop
  endfacet
  facet normal 0 0 -1
    outer loop
      vertex -24.681724548339844 -14.25 -0.17499923706054688
      vertex -32.908966064453125 -19 -0.17499923706054688
      vertex -25.39368438720703 -12.938728332519531 -0.17499923706054688
    endloop
  endfacet
  facet normal 0 0 -1
    outer loop
      vertex -33.858245849609375 -17.251638412475586 -0.17499923706054688
      vertex -25.39368438720703 -12.938728332519531 -0.17499923706054688
      vertex -32.908966064453125 -19 -0.17499923706054688
    endloop
  endfacet
  facet normal 0 0 -1
    outer loop
      vertex -25.39368438720703 -12.938728332519531 -0.17499923706054688
      vertex -33.858245849609375 -17.251638412475586 -0.17499923706054688
      vertex -26.03604507446289 -11.591994285583496 -0.17499923706054688
    endloop
  endfacet
  facet normal 0 0 -1
    outer loop
      vertex -34.714725494384766 -15.455991744995117 -0.17499923706054688
      vertex -26.03604507446289 -11.591994285583496 -0.17499923706054688
      vertex -33.858245849609375 -17.251638412475586 -0.17499923706054688
    endloop
  endfacet
  facet normal 0 0 -1
    outer loop
      vertex -26.03604507446289 -11.591994285583496 -0.17499923706054688
      vertex -34.714725494384766 -15.455991744995117 -0.17499923706054688
      vertex -26.607040405273438 -10.213485717773438 -0.17499923706054688
    endloop
  endfacet
  facet normal 0 0 -1
    outer loop
      vertex -35.47605514526367 -13.617981910705566 -0.17499923706054688
      vertex -26.607040405273438 -10.213485717773438 -0.17499923706054688
      vertex -34.714725494384766 -15.455991744995117 -0.17499923706054688
    endloop
  endfacet
  facet normal 0 0 -1
    outer loop
      vertex -26.607040405273438 -10.213485717773438 -0.17499923706054688
      vertex -35.47605514526367 -13.617981910705566 -0.17499923706054688
      vertex -27.10511016845703 -8.806983947753906 -0.17499923706054688
    endloop
  endfacet
  facet normal 0 0 -1
    outer loop
      vertex 26.607040405273438 10.213485717773438 -0.17499923706054688
      vertex 35.47605514526367 13.617981910705566 -0.17499923706054688
      vertex 27.10511016845703 8.806983947753906 -0.17499923706054688
    endloop
  endfacet
  facet normal 0 0 -1
    outer loop
      vertex 35.47605514526367 13.617981910705566 -0.17499923706054688
      vertex 26.607040405273438 10.213485717773438 -0.17499923706054688
      vertex 34.714725494384766 15.455991744995117 -0.17499923706054688
    endloop
  endfacet
  facet normal 0 0 -1
    outer loop
      vertex 26.03604507446289 11.591994285583496 -0.17499923706054688
      vertex 34.714725494384766 15.455991744995117 -0.17499923706054688
      vertex 26.607040405273438 10.213485717773438 -0.17499923706054688
    endloop
  endfacet
  facet normal 0 0 -1
    outer loop
      vertex 34.714725494384766 15.455991744995117 -0.17499923706054688
      vertex 26.03604507446289 11.591994285583496 -0.17499923706054688
      vertex 33.858245849609375 17.251638412475586 -0.17499923706054688
    endloop
  endfacet
  facet normal 0 0 -1
    outer loop
      vertex 25.39368438720703 12.938728332519531 -0.17499923706054688
      vertex 33.858245849609375 17.251638412475586 -0.17499923706054688
      vertex 26.03604507446289 11.591994285583496 -0.17499923706054688
    endloop
  endfacet
  facet normal 0 0 -1
    outer loop
      vertex 33.858245849609375 17.251638412475586 -0.17499923706054688
      vertex 25.39368438720703 12.938728332519531 -0.17499923706054688
      vertex 32.908966064453125 19 -0.17499923706054688
    endloop
  endfacet
  facet normal 0 0 -1
    outer loop
      vertex 24.681724548339844 14.25 -0.17499923706054688
      vertex 32.908966064453125 19 -0.17499923706054688
      vertex 25.39368438720703 12.938728332519531 -0.17499923706054688
    endloop
  endfacet
  facet normal 0 0 -1
    outer loop
      vertex 32.908966064453125 19 -0.17499923706054688
      vertex 24.681724548339844 14.25 -0.17499923706054688
      vertex 31.86948013305664 20.69628143310547 -0.17499923706054688
    endloop
  endfacet
  facet normal 0 0 -1
    outer loop
      vertex 23.902111053466797 15.522212028503418 -0.17499923706054688
      vertex 31.86948013305664 20.69628143310547 -0.17499923706054688
      vertex 24.681724548339844 14.25 -0.17499923706054688
    endloop
  endfacet
  facet normal 0 0 -1
    outer loop
      vertex 31.86948013305664 20.69628143310547 -0.17499923706054688
      vertex 23.902111053466797 15.522212028503418 -0.17499923706054688
      vertex 30.742645263671875 22.335838317871094 -0.17499923706054688
    endloop
  endfacet
  facet normal 0 0 -1
    outer loop
      vertex 23.056983947753906 16.75187873840332 -0.17499923706054688
      vertex 30.742645263671875 22.335838317871094 -0.17499923706054688
      vertex 23.902111053466797 15.522212028503418 -0.17499923706054688
    endloop
  endfacet
  facet normal 0 0 -1
    outer loop
      vertex 30.742645263671875 22.335838317871094 -0.17499923706054688
      vertex 23.056983947753906 16.75187873840332 -0.17499923706054688
      vertex 29.531545639038086 23.914173126220703 -0.17499923706054688
    endloop
  endfacet
  facet normal 0 0 -1
    outer loop
      vertex 22.148658752441406 17.935630798339844 -0.17499923706054688
      vertex 29.531545639038086 23.914173126220703 -0.17499923706054688
      vertex 23.056983947753906 16.75187873840332 -0.17499923706054688
    endloop
  endfacet
  facet normal 0 0 -1
    outer loop
      vertex 29.531545639038086 23.914173126220703 -0.17499923706054688
      vertex 22.148658752441406 17.935630798339844 -0.17499923706054688
      vertex 28.239501953125 25.426963806152344 -0.17499923706054688
    endloop
  endfacet
  facet normal 0 0 -1
    outer loop
      vertex 21.17962646484375 19.070220947265625 -0.17499923706054688
      vertex 28.239501953125 25.426963806152344 -0.17499923706054688
      vertex 22.148658752441406 17.935630798339844 -0.17499923706054688
    endloop
  endfacet
  facet normal 0 0 -1
    outer loop
      vertex 28.239501953125 25.426963806152344 -0.17499923706054688
      vertex 21.17962646484375 19.070220947265625 -0.17499923706054688
      vertex 26.87005615234375 26.87005615234375 -0.17499923706054688
    endloop
  endfacet
  facet normal 0 0 -1
    outer loop
      vertex 20.152542114257812 20.152542114257812 -0.17499923706054688
      vertex 26.87005615234375 26.87005615234375 -0.17499923706054688
      vertex 21.17962646484375 19.070220947265625 -0.17499923706054688
    endloop
  endfacet
  facet normal 0 0 -1
    outer loop
      vertex 26.87005615234375 26.87005615234375 -0.17499923706054688
      vertex 20.152542114257812 20.152542114257812 -0.17499923706054688
      vertex 25.426963806152344 28.239501953125 -0.17499923706054688
    endloop
  endfacet
  facet normal 0 0 -1
    outer loop
      vertex 19.070220947265625 21.17962646484375 -0.17499923706054688
      vertex 25.426963806152344 28.239501953125 -0.17499923706054688
      vertex 20.152542114257812 20.152542114257812 -0.17499923706054688
    endloop
  endfacet
  facet normal 0 0 -1
    outer loop
      vertex 25.426963806152344 28.239501953125 -0.17499923706054688
      vertex 19.070220947265625 21.17962646484375 -0.17499923706054688
      vertex 23.914173126220703 29.531545639038086 -0.17499923706054688
    endloop
  endfacet
  facet normal 0 0 -1
    outer loop
      vertex 17.935630798339844 22.148658752441406 -0.17499923706054688
      vertex 23.914173126220703 29.531545639038086 -0.17499923706054688
      vertex 19.070220947265625 21.17962646484375 -0.17499923706054688
    endloop
  endfacet
  facet normal 0 0 -1
    outer loop
      vertex 23.914173126220703 29.531545639038086 -0.17499923706054688
      vertex 17.935630798339844 22.148658752441406 -0.17499923706054688
      vertex 22.335838317871094 30.742645263671875 -0.17499923706054688
    endloop
  endfacet
  facet normal 0 0 -1
    outer loop
      vertex 16.75187873840332 23.056983947753906 -0.17499923706054688
      vertex 22.335838317871094 30.742645263671875 -0.17499923706054688
      vertex 17.935630798339844 22.148658752441406 -0.17499923706054688
    endloop
  endfacet
  facet normal 0 0 -1
    outer loop
      vertex 22.335838317871094 30.742645263671875 -0.17499923706054688
      vertex 16.75187873840332 23.056983947753906 -0.17499923706054688
      vertex 20.69628143310547 31.86948013305664 -0.17499923706054688
    endloop
  endfacet
  facet normal 0 0 -1
    outer loop
      vertex 15.522212028503418 23.902111053466797 -0.17499923706054688
      vertex 20.69628143310547 31.86948013305664 -0.17499923706054688
      vertex 16.75187873840332 23.056983947753906 -0.17499923706054688
    endloop
  endfacet
  facet normal 0 0 -1
    outer loop
      vertex 20.69628143310547 31.86948013305664 -0.17499923706054688
      vertex 15.522212028503418 23.902111053466797 -0.17499923706054688
      vertex 19 32.908966064453125 -0.17499923706054688
    endloop
  endfacet
  facet normal 0 0 -1
    outer loop
      vertex 14.25 24.681724548339844 -0.17499923706054688
      vertex 19 32.908966064453125 -0.17499923706054688
      vertex 15.522212028503418 23.902111053466797 -0.17499923706054688
    endloop
  endfacet
  facet normal 0 0 -1
    outer loop
      vertex 19 32.908966064453125 -0.17499923706054688
      vertex 14.25 24.681724548339844 -0.17499923706054688
      vertex 17.251638412475586 33.858245849609375 -0.17499923706054688
    endloop
  endfacet
  facet normal 0 0 -1
    outer loop
      vertex 12.938728332519531 25.39368438720703 -0.17499923706054688
      vertex 17.251638412475586 33.858245849609375 -0.17499923706054688
      vertex 14.25 24.681724548339844 -0.17499923706054688
    endloop
  endfacet
  facet normal 0 0 -1
    outer loop
      vertex 17.251638412475586 33.858245849609375 -0.17499923706054688
      vertex 12.938728332519531 25.39368438720703 -0.17499923706054688
      vertex 15.455991744995117 34.714725494384766 -0.17499923706054688
    endloop
  endfacet
  facet normal 0 0 -1
    outer loop
      vertex 11.591994285583496 26.03604507446289 -0.17499923706054688
      vertex 15.455991744995117 34.714725494384766 -0.17499923706054688
      vertex 12.938728332519531 25.39368438720703 -0.17499923706054688
    endloop
  endfacet
  facet normal 0 0 -1
    outer loop
      vertex 15.455991744995117 34.714725494384766 -0.17499923706054688
      vertex 11.591994285583496 26.03604507446289 -0.17499923706054688
      vertex 13.617981910705566 35.47605514526367 -0.17499923706054688
    endloop
  endfacet
  facet normal 0 0 -1
    outer loop
      vertex 10.213485717773438 26.607040405273438 -0.17499923706054688
      vertex 13.617981910705566 35.47605514526367 -0.17499923706054688
      vertex 11.591994285583496 26.03604507446289 -0.17499923706054688
    endloop
  endfacet
  facet normal 0 0 -1
    outer loop
      vertex 13.617981910705566 35.47605514526367 -0.17499923706054688
      vertex 10.213485717773438 26.607040405273438 -0.17499923706054688
      vertex 11.742645263671875 36.1401481628418 -0.17499923706054688
    endloop
  endfacet
  facet normal 0 0 -1
    outer loop
      vertex 8.806983947753906 27.10511016845703 -0.17499923706054688
      vertex 11.742645263671875 36.1401481628418 -0.17499923706054688
      vertex 10.213485717773438 26.607040405273438 -0.17499923706054688
    endloop
  endfacet
  facet normal 0 0 -1
    outer loop
      vertex 11.742645263671875 36.1401481628418 -0.17499923706054688
      vertex 8.806983947753906 27.10511016845703 -0.17499923706054688
      vertex 9.835123062133789 36.70518112182617 -0.17499923706054688
    endloop
  endfacet
  facet normal 0 0 -1
    outer loop
      vertex 7.3763427734375 27.528884887695312 -0.17499923706054688
      vertex 9.835123062133789 36.70518112182617 -0.17499923706054688
      vertex 8.806983947753906 27.10511016845703 -0.17499923706054688
    endloop
  endfacet
  facet normal 0 0 -1
    outer loop
      vertex 9.835123062133789 36.70518112182617 -0.17499923706054688
      vertex 7.3763427734375 27.528884887695312 -0.17499923706054688
      vertex 7.900643348693848 37.16960906982422 -0.17499923706054688
    endloop
  endfacet
  facet normal 0 0 -1
    outer loop
      vertex 5.925482749938965 27.87720489501953 -0.17499923706054688
      vertex 7.900643348693848 37.16960906982422 -0.17499923706054688
      vertex 7.3763427734375 27.528884887695312 -0.17499923706054688
    endloop
  endfacet
  facet normal 0 0 -1
    outer loop
      vertex 7.900643348693848 37.16960906982422 -0.17499923706054688
      vertex 5.925482749938965 27.87720489501953 -0.17499923706054688
      vertex 5.944509506225586 37.53215789794922 -0.17499923706054688
    endloop
  endfacet
  facet normal 0 0 -1
    outer loop
      vertex 4.458381652832031 28.14911651611328 -0.17499923706054688
      vertex 5.944509506225586 37.53215789794922 -0.17499923706054688
      vertex 5.925482749938965 27.87720489501953 -0.17499923706054688
    endloop
  endfacet
  facet normal 0 0 -1
    outer loop
      vertex 4.458381652832031 28.14911651611328 -0.17499923706054688
      vertex 3.972081184387207 37.791831970214844 -0.17499923706054688
      vertex 5.944509506225586 37.53215789794922 -0.17499923706054688
    endloop
  endfacet
  facet normal 0 0 -1
    outer loop
      vertex 2.9790611267089844 28.343873977661133 -0.17499923706054688
      vertex 3.972081184387207 37.791831970214844 -0.17499923706054688
      vertex 4.458381652832031 28.14911651611328 -0.17499923706054688
    endloop
  endfacet
  facet normal 0 0 -1
    outer loop
      vertex 2.9790611267089844 28.343873977661133 -0.17499923706054688
      vertex 1.9887657165527344 37.94792175292969 -0.17499923706054688
      vertex 3.972081184387207 37.791831970214844 -0.17499923706054688
    endloop
  endfacet
  facet normal 0 0 -1
    outer loop
      vertex 1.4915742874145508 28.460941314697266 -0.17499923706054688
      vertex 1.9887657165527344 37.94792175292969 -0.17499923706054688
      vertex 2.9790611267089844 28.343873977661133 -0.17499923706054688
    endloop
  endfacet
  facet normal 0 0 -1
    outer loop
      vertex 0 28.5 -0.17499923706054688
      vertex 1.9887657165527344 37.94792175292969 -0.17499923706054688
      vertex 1.4915742874145508 28.460941314697266 -0.17499923706054688
    endloop
  endfacet
  facet normal 0 0 -1
    outer loop
      vertex 0 28.5 -0.17499923706054688
      vertex 0 38 -0.17499923706054688
      vertex 1.9887657165527344 37.94792175292969 -0.17499923706054688
    endloop
  endfacet
  facet normal 0 0 -1
    outer loop
      vertex -1.4915742874145508 28.460941314697266 -0.17499923706054688
      vertex 0 38 -0.17499923706054688
      vertex 0 28.5 -0.17499923706054688
    endloop
  endfacet
  facet normal 0 0 -1
    outer loop
      vertex -1.4915742874145508 28.460941314697266 -0.17499923706054688
      vertex -1.9887657165527344 37.94792175292969 -0.17499923706054688
      vertex 0 38 -0.17499923706054688
    endloop
  endfacet
  facet normal 0 0 -1
    outer loop
      vertex -2.9790611267089844 28.343873977661133 -0.17499923706054688
      vertex -1.9887657165527344 37.94792175292969 -0.17499923706054688
      vertex -1.4915742874145508 28.460941314697266 -0.17499923706054688
    endloop
  endfacet
  facet normal 0 0 -1
    outer loop
      vertex -2.9790611267089844 28.343873977661133 -0.17499923706054688
      vertex -3.972081184387207 37.791831970214844 -0.17499923706054688
      vertex -1.9887657165527344 37.94792175292969 -0.17499923706054688
    endloop
  endfacet
  facet normal 0 0 -1
    outer loop
      vertex -4.458381652832031 28.14911651611328 -0.17499923706054688
      vertex -3.972081184387207 37.791831970214844 -0.17499923706054688
      vertex -2.9790611267089844 28.343873977661133 -0.17499923706054688
    endloop
  endfacet
  facet normal 0 0 -1
    outer loop
      vertex -5.944509506225586 37.53215789794922 -0.17499923706054688
      vertex -4.458381652832031 28.14911651611328 -0.17499923706054688
      vertex -5.925482749938965 27.87720489501953 -0.17499923706054688
    endloop
  endfacet
  facet normal 0 0 -1
    outer loop
      vertex -4.458381652832031 28.14911651611328 -0.17499923706054688
      vertex -5.944509506225586 37.53215789794922 -0.17499923706054688
      vertex -3.972081184387207 37.791831970214844 -0.17499923706054688
    endloop
  endfacet
  facet normal 0 0 -1
    outer loop
      vertex -7.900643348693848 37.16960906982422 -0.17499923706054688
      vertex -5.925482749938965 27.87720489501953 -0.17499923706054688
      vertex -7.3763427734375 27.528884887695312 -0.17499923706054688
    endloop
  endfacet
  facet normal 0 0 -1
    outer loop
      vertex -5.925482749938965 27.87720489501953 -0.17499923706054688
      vertex -7.900643348693848 37.16960906982422 -0.17499923706054688
      vertex -5.944509506225586 37.53215789794922 -0.17499923706054688
    endloop
  endfacet
  facet normal 0 0 -1
    outer loop
      vertex -9.835123062133789 36.70518112182617 -0.17499923706054688
      vertex -7.3763427734375 27.528884887695312 -0.17499923706054688
      vertex -8.806983947753906 27.10511016845703 -0.17499923706054688
    endloop
  endfacet
  facet normal 0 0 -1
    outer loop
      vertex -7.3763427734375 27.528884887695312 -0.17499923706054688
      vertex -9.835123062133789 36.70518112182617 -0.17499923706054688
      vertex -7.900643348693848 37.16960906982422 -0.17499923706054688
    endloop
  endfacet
  facet normal 0 0 -1
    outer loop
      vertex -11.742645263671875 36.1401481628418 -0.17499923706054688
      vertex -8.806983947753906 27.10511016845703 -0.17499923706054688
      vertex -10.213485717773438 26.607040405273438 -0.17499923706054688
    endloop
  endfacet
  facet normal 0 0 -1
    outer loop
      vertex -13.617981910705566 35.47605514526367 -0.17499923706054688
      vertex -10.213485717773438 26.607040405273438 -0.17499923706054688
      vertex -11.591994285583496 26.03604507446289 -0.17499923706054688
    endloop
  endfacet
  facet normal 0 0 -1
    outer loop
      vertex -8.806983947753906 27.10511016845703 -0.17499923706054688
      vertex -11.742645263671875 36.1401481628418 -0.17499923706054688
      vertex -9.835123062133789 36.70518112182617 -0.17499923706054688
    endloop
  endfacet
  facet normal 0 0 -1
    outer loop
      vertex -15.455991744995117 34.714725494384766 -0.17499923706054688
      vertex -11.591994285583496 26.03604507446289 -0.17499923706054688
      vertex -12.938728332519531 25.39368438720703 -0.17499923706054688
    endloop
  endfacet
  facet normal 0 0 -1
    outer loop
      vertex -10.213485717773438 26.607040405273438 -0.17499923706054688
      vertex -13.617981910705566 35.47605514526367 -0.17499923706054688
      vertex -11.742645263671875 36.1401481628418 -0.17499923706054688
    endloop
  endfacet
  facet normal 0 0 -1
    outer loop
      vertex -17.251638412475586 33.858245849609375 -0.17499923706054688
      vertex -12.938728332519531 25.39368438720703 -0.17499923706054688
      vertex -14.25 24.681724548339844 -0.17499923706054688
    endloop
  endfacet
  facet normal 0 0 -1
    outer loop
      vertex -11.591994285583496 26.03604507446289 -0.17499923706054688
      vertex -15.455991744995117 34.714725494384766 -0.17499923706054688
      vertex -13.617981910705566 35.47605514526367 -0.17499923706054688
    endloop
  endfacet
  facet normal 0 0 -1
    outer loop
      vertex -19 32.908966064453125 -0.17499923706054688
      vertex -14.25 24.681724548339844 -0.17499923706054688
      vertex -15.522212028503418 23.902111053466797 -0.17499923706054688
    endloop
  endfacet
  facet normal 0 0 -1
    outer loop
      vertex -20.69628143310547 31.86948013305664 -0.17499923706054688
      vertex -15.522212028503418 23.902111053466797 -0.17499923706054688
      vertex -16.75187873840332 23.056983947753906 -0.17499923706054688
    endloop
  endfacet
  facet normal 0 0 -1
    outer loop
      vertex -12.938728332519531 25.39368438720703 -0.17499923706054688
      vertex -17.251638412475586 33.858245849609375 -0.17499923706054688
      vertex -15.455991744995117 34.714725494384766 -0.17499923706054688
    endloop
  endfacet
  facet normal 0 0 -1
    outer loop
      vertex -22.335838317871094 30.742645263671875 -0.17499923706054688
      vertex -16.75187873840332 23.056983947753906 -0.17499923706054688
      vertex -17.935630798339844 22.148658752441406 -0.17499923706054688
    endloop
  endfacet
  facet normal 0 0 -1
    outer loop
      vertex -14.25 24.681724548339844 -0.17499923706054688
      vertex -19 32.908966064453125 -0.17499923706054688
      vertex -17.251638412475586 33.858245849609375 -0.17499923706054688
    endloop
  endfacet
  facet normal 0 0 -1
    outer loop
      vertex -23.914173126220703 29.531545639038086 -0.17499923706054688
      vertex -17.935630798339844 22.148658752441406 -0.17499923706054688
      vertex -19.070220947265625 21.17962646484375 -0.17499923706054688
    endloop
  endfacet
  facet normal 0 0 -1
    outer loop
      vertex -25.426963806152344 28.239501953125 -0.17499923706054688
      vertex -19.070220947265625 21.17962646484375 -0.17499923706054688
      vertex -20.152542114257812 20.152542114257812 -0.17499923706054688
    endloop
  endfacet
  facet normal 0 0 -1
    outer loop
      vertex -15.522212028503418 23.902111053466797 -0.17499923706054688
      vertex -20.69628143310547 31.86948013305664 -0.17499923706054688
      vertex -19 32.908966064453125 -0.17499923706054688
    endloop
  endfacet
  facet normal 0 0 -1
    outer loop
      vertex -26.87005615234375 26.87005615234375 -0.17499923706054688
      vertex -20.152542114257812 20.152542114257812 -0.17499923706054688
      vertex -21.17962646484375 19.070220947265625 -0.17499923706054688
    endloop
  endfacet
  facet normal 0 0 -1
    outer loop
      vertex -28.239501953125 25.426963806152344 -0.17499923706054688
      vertex -21.17962646484375 19.070220947265625 -0.17499923706054688
      vertex -22.148658752441406 17.935630798339844 -0.17499923706054688
    endloop
  endfacet
  facet normal 0 0 -1
    outer loop
      vertex -16.75187873840332 23.056983947753906 -0.17499923706054688
      vertex -22.335838317871094 30.742645263671875 -0.17499923706054688
      vertex -20.69628143310547 31.86948013305664 -0.17499923706054688
    endloop
  endfacet
  facet normal 0 0 -1
    outer loop
      vertex -29.531545639038086 23.914173126220703 -0.17499923706054688
      vertex -22.148658752441406 17.935630798339844 -0.17499923706054688
      vertex -23.056983947753906 16.75187873840332 -0.17499923706054688
    endloop
  endfacet
  facet normal 0 0 -1
    outer loop
      vertex -30.742645263671875 22.335838317871094 -0.17499923706054688
      vertex -23.056983947753906 16.75187873840332 -0.17499923706054688
      vertex -23.902111053466797 15.522212028503418 -0.17499923706054688
    endloop
  endfacet
  facet normal 0 0 -1
    outer loop
      vertex -17.935630798339844 22.148658752441406 -0.17499923706054688
      vertex -23.914173126220703 29.531545639038086 -0.17499923706054688
      vertex -22.335838317871094 30.742645263671875 -0.17499923706054688
    endloop
  endfacet
  facet normal 0 0 -1
    outer loop
      vertex -31.86948013305664 20.69628143310547 -0.17499923706054688
      vertex -23.902111053466797 15.522212028503418 -0.17499923706054688
      vertex -24.681724548339844 14.25 -0.17499923706054688
    endloop
  endfacet
  facet normal 0 0 -1
    outer loop
      vertex -32.908966064453125 19 -0.17499923706054688
      vertex -24.681724548339844 14.25 -0.17499923706054688
      vertex -25.39368438720703 12.938728332519531 -0.17499923706054688
    endloop
  endfacet
  facet normal 0 0 -1
    outer loop
      vertex -19.070220947265625 21.17962646484375 -0.17499923706054688
      vertex -25.426963806152344 28.239501953125 -0.17499923706054688
      vertex -23.914173126220703 29.531545639038086 -0.17499923706054688
    endloop
  endfacet
  facet normal 0 0 -1
    outer loop
      vertex -33.858245849609375 17.251638412475586 -0.17499923706054688
      vertex -25.39368438720703 12.938728332519531 -0.17499923706054688
      vertex -26.03604507446289 11.591994285583496 -0.17499923706054688
    endloop
  endfacet
  facet normal 0 0 -1
    outer loop
      vertex -34.714725494384766 15.455991744995117 -0.17499923706054688
      vertex -26.03604507446289 11.591994285583496 -0.17499923706054688
      vertex -26.607040405273438 10.213485717773438 -0.17499923706054688
    endloop
  endfacet
  facet normal 0 0 -1
    outer loop
      vertex -20.152542114257812 20.152542114257812 -0.17499923706054688
      vertex -26.87005615234375 26.87005615234375 -0.17499923706054688
      vertex -25.426963806152344 28.239501953125 -0.17499923706054688
    endloop
  endfacet
  facet normal 0 0 -1
    outer loop
      vertex -35.47605514526367 13.617981910705566 -0.17499923706054688
      vertex -26.607040405273438 10.213485717773438 -0.17499923706054688
      vertex -27.10511016845703 8.806983947753906 -0.17499923706054688
    endloop
  endfacet
  facet normal 0 0 -1
    outer loop
      vertex -36.1401481628418 11.742645263671875 -0.17499923706054688
      vertex -27.10511016845703 8.806983947753906 -0.17499923706054688
      vertex -27.528884887695312 7.3763427734375 -0.17499923706054688
    endloop
  endfacet
  facet normal 0 0 -1
    outer loop
      vertex -36.70518112182617 9.835123062133789 -0.17499923706054688
      vertex -27.528884887695312 7.3763427734375 -0.17499923706054688
      vertex -27.87720489501953 5.925482749938965 -0.17499923706054688
    endloop
  endfacet
  facet normal 0 0 -1
    outer loop
      vertex -37.16960906982422 7.900643348693848 -0.17499923706054688
      vertex -27.87720489501953 5.925482749938965 -0.17499923706054688
      vertex -28.14911651611328 4.458381652832031 -0.17499923706054688
    endloop
  endfacet
  facet normal 0 0 -1
    outer loop
      vertex -21.17962646484375 19.070220947265625 -0.17499923706054688
      vertex -28.239501953125 25.426963806152344 -0.17499923706054688
      vertex -26.87005615234375 26.87005615234375 -0.17499923706054688
    endloop
  endfacet
  facet normal 0 0 -1
    outer loop
      vertex -37.53215789794922 5.944509506225586 -0.17499923706054688
      vertex -28.14911651611328 4.458381652832031 -0.17499923706054688
      vertex -28.343873977661133 2.9790611267089844 -0.17499923706054688
    endloop
  endfacet
  facet normal 0 0 -1
    outer loop
      vertex -37.791831970214844 3.972081184387207 -0.17499923706054688
      vertex -28.343873977661133 2.9790611267089844 -0.17499923706054688
      vertex -28.460941314697266 1.4915742874145508 -0.17499923706054688
    endloop
  endfacet
  facet normal 0 0 -1
    outer loop
      vertex -37.94792175292969 1.9887657165527344 -0.17499923706054688
      vertex -28.460941314697266 1.4915742874145508 -0.17499923706054688
      vertex -28.5 0 -0.17499923706054688
    endloop
  endfacet
  facet normal 0 0 -1
    outer loop
      vertex -36.1401481628418 -11.742645263671875 -0.17499923706054688
      vertex -27.10511016845703 -8.806983947753906 -0.17499923706054688
      vertex -35.47605514526367 -13.617981910705566 -0.17499923706054688
    endloop
  endfacet
  facet normal 0 0 -1
    outer loop
      vertex -22.148658752441406 17.935630798339844 -0.17499923706054688
      vertex -29.531545639038086 23.914173126220703 -0.17499923706054688
      vertex -28.239501953125 25.426963806152344 -0.17499923706054688
    endloop
  endfacet
  facet normal 0 0 -1
    outer loop
      vertex -27.10511016845703 -8.806983947753906 -0.17499923706054688
      vertex -36.1401481628418 -11.742645263671875 -0.17499923706054688
      vertex -27.528884887695312 -7.3763427734375 -0.17499923706054688
    endloop
  endfacet
  facet normal 0 0 -1
    outer loop
      vertex -23.056983947753906 16.75187873840332 -0.17499923706054688
      vertex -30.742645263671875 22.335838317871094 -0.17499923706054688
      vertex -29.531545639038086 23.914173126220703 -0.17499923706054688
    endloop
  endfacet
  facet normal 0 0 -1
    outer loop
      vertex -36.70518112182617 -9.835123062133789 -0.17499923706054688
      vertex -27.528884887695312 -7.3763427734375 -0.17499923706054688
      vertex -36.1401481628418 -11.742645263671875 -0.17499923706054688
    endloop
  endfacet
  facet normal 0 0 -1
    outer loop
      vertex -23.902111053466797 15.522212028503418 -0.17499923706054688
      vertex -31.86948013305664 20.69628143310547 -0.17499923706054688
      vertex -30.742645263671875 22.335838317871094 -0.17499923706054688
    endloop
  endfacet
  facet normal 0 0 -1
    outer loop
      vertex -27.528884887695312 -7.3763427734375 -0.17499923706054688
      vertex -36.70518112182617 -9.835123062133789 -0.17499923706054688
      vertex -27.87720489501953 -5.925482749938965 -0.17499923706054688
    endloop
  endfacet
  facet normal 0 0 -1
    outer loop
      vertex -24.681724548339844 14.25 -0.17499923706054688
      vertex -32.908966064453125 19 -0.17499923706054688
      vertex -31.86948013305664 20.69628143310547 -0.17499923706054688
    endloop
  endfacet
  facet normal 0 0 -1
    outer loop
      vertex -37.16960906982422 -7.900643348693848 -0.17499923706054688
      vertex -27.87720489501953 -5.925482749938965 -0.17499923706054688
      vertex -36.70518112182617 -9.835123062133789 -0.17499923706054688
    endloop
  endfacet
  facet normal 0 0 -1
    outer loop
      vertex -25.39368438720703 12.938728332519531 -0.17499923706054688
      vertex -33.858245849609375 17.251638412475586 -0.17499923706054688
      vertex -32.908966064453125 19 -0.17499923706054688
    endloop
  endfacet
  facet normal 0 0 -1
    outer loop
      vertex -27.87720489501953 -5.925482749938965 -0.17499923706054688
      vertex -37.16960906982422 -7.900643348693848 -0.17499923706054688
      vertex -28.14911651611328 -4.458381652832031 -0.17499923706054688
    endloop
  endfacet
  facet normal 0 0 -1
    outer loop
      vertex -26.03604507446289 11.591994285583496 -0.17499923706054688
      vertex -34.714725494384766 15.455991744995117 -0.17499923706054688
      vertex -33.858245849609375 17.251638412475586 -0.17499923706054688
    endloop
  endfacet
  facet normal 0 0 -1
    outer loop
      vertex -37.53215789794922 -5.944509506225586 -0.17499923706054688
      vertex -28.14911651611328 -4.458381652832031 -0.17499923706054688
      vertex -37.16960906982422 -7.900643348693848 -0.17499923706054688
    endloop
  endfacet
  facet normal 0 0 -1
    outer loop
      vertex -26.607040405273438 10.213485717773438 -0.17499923706054688
      vertex -35.47605514526367 13.617981910705566 -0.17499923706054688
      vertex -34.714725494384766 15.455991744995117 -0.17499923706054688
    endloop
  endfacet
  facet normal 0 0 -1
    outer loop
      vertex -28.14911651611328 -4.458381652832031 -0.17499923706054688
      vertex -37.53215789794922 -5.944509506225586 -0.17499923706054688
      vertex -28.343873977661133 -2.9790611267089844 -0.17499923706054688
    endloop
  endfacet
  facet normal 0 0 -1
    outer loop
      vertex -27.10511016845703 8.806983947753906 -0.17499923706054688
      vertex -36.1401481628418 11.742645263671875 -0.17499923706054688
      vertex -35.47605514526367 13.617981910705566 -0.17499923706054688
    endloop
  endfacet
  facet normal 0 0 -1
    outer loop
      vertex -37.791831970214844 -3.972081184387207 -0.17499923706054688
      vertex -28.343873977661133 -2.9790611267089844 -0.17499923706054688
      vertex -37.53215789794922 -5.944509506225586 -0.17499923706054688
    endloop
  endfacet
  facet normal 0 0 -1
    outer loop
      vertex -27.528884887695312 7.3763427734375 -0.17499923706054688
      vertex -36.70518112182617 9.835123062133789 -0.17499923706054688
      vertex -36.1401481628418 11.742645263671875 -0.17499923706054688
    endloop
  endfacet
  facet normal 0 0 -1
    outer loop
      vertex -28.343873977661133 -2.9790611267089844 -0.17499923706054688
      vertex -37.791831970214844 -3.972081184387207 -0.17499923706054688
      vertex -28.460941314697266 -1.4915742874145508 -0.17499923706054688
    endloop
  endfacet
  facet normal 0 0 -1
    outer loop
      vertex -27.87720489501953 5.925482749938965 -0.17499923706054688
      vertex -37.16960906982422 7.900643348693848 -0.17499923706054688
      vertex -36.70518112182617 9.835123062133789 -0.17499923706054688
    endloop
  endfacet
  facet normal 0 0 -1
    outer loop
      vertex -37.94792175292969 -1.9887657165527344 -0.17499923706054688
      vertex -28.460941314697266 -1.4915742874145508 -0.17499923706054688
      vertex -37.791831970214844 -3.972081184387207 -0.17499923706054688
    endloop
  endfacet
  facet normal 0 0 -1
    outer loop
      vertex -28.14911651611328 4.458381652832031 -0.17499923706054688
      vertex -37.53215789794922 5.944509506225586 -0.17499923706054688
      vertex -37.16960906982422 7.900643348693848 -0.17499923706054688
    endloop
  endfacet
  facet normal 0 0 -1
    outer loop
      vertex -28.460941314697266 -1.4915742874145508 -0.17499923706054688
      vertex -37.94792175292969 -1.9887657165527344 -0.17499923706054688
      vertex -28.5 0 -0.17499923706054688
    endloop
  endfacet
  facet normal 0 0 -1
    outer loop
      vertex -28.343873977661133 2.9790611267089844 -0.17499923706054688
      vertex -37.791831970214844 3.972081184387207 -0.17499923706054688
      vertex -37.53215789794922 5.944509506225586 -0.17499923706054688
    endloop
  endfacet
  facet normal 0 0 -1
    outer loop
      vertex -38 0 -0.17499923706054688
      vertex -28.5 0 -0.17499923706054688
      vertex -37.94792175292969 -1.9887657165527344 -0.17499923706054688
    endloop
  endfacet
  facet normal 0 0 -1
    outer loop
      vertex -28.460941314697266 1.4915742874145508 -0.17499923706054688
      vertex -37.94792175292969 1.9887657165527344 -0.17499923706054688
      vertex -37.791831970214844 3.972081184387207 -0.17499923706054688
    endloop
  endfacet
  facet normal 0 0 -1
    outer loop
      vertex -28.5 0 -0.17499923706054688
      vertex -38 0 -0.17499923706054688
      vertex -37.94792175292969 1.9887657165527344 -0.17499923706054688
    endloop
  endfacet
  facet normal 0.47715755533149806 0.8788177668834811 0
    outer loop
      vertex 19 32.908966064453125 -0.17499923706054688
      vertex 17.251638412475586 33.858245849609375 0.17499923706054688
      vertex 19 32.908966064453125 0.17499923706054688
    endloop
  endfacet
  facet normal 0.47715755533149806 0.8788177668834811 0
    outer loop
      vertex 17.251638412475586 33.858245849609375 0.17499923706054688
      vertex 19 32.908966064453125 -0.17499923706054688
      vertex 17.251638412475586 33.858245849609375 -0.17499923706054688
    endloop
  endfacet
  facet normal 0.9969173545617651 -0.0784588310744672 0
    outer loop
      vertex 37.791831970214844 -3.972081184387207 0.17499923706054688
      vertex 37.94792175292969 -1.9887657165527344 -0.17499923706054688
      vertex 37.94792175292969 -1.9887657165527344 0.17499923706054688
    endloop
  endfacet
  facet normal 0.9969173545617651 -0.0784588310744672 0
    outer loop
      vertex 37.94792175292969 -1.9887657165527344 -0.17499923706054688
      vertex 37.791831970214844 -3.972081184387207 0.17499923706054688
      vertex 37.791831970214844 -3.972081184387207 -0.17499923706054688
    endloop
  endfacet
  facet normal -0.9723698680339586 0.23344558196637993 0
    outer loop
      vertex -37.16960906982422 7.900643348693848 -0.17499923706054688
      vertex -36.70518112182617 9.835123062133789 0.17499923706054688
      vertex -36.70518112182617 9.835123062133789 -0.17499923706054688
    endloop
  endfacet
  facet normal -0.9723698680339586 0.23344558196637993 0
    outer loop
      vertex -36.70518112182617 9.835123062133789 0.17499923706054688
      vertex -37.16960906982422 7.900643348693848 -0.17499923706054688
      vertex -37.16960906982422 7.900643348693848 0.17499923706054688
    endloop
  endfacet
  facet normal -0.9723698680339586 -0.23344558196637993 0
    outer loop
      vertex -36.70518112182617 -9.835123062133789 -0.17499923706054688
      vertex -37.16960906982422 -7.900643348693848 0.17499923706054688
      vertex -37.16960906982422 -7.900643348693848 -0.17499923706054688
    endloop
  endfacet
  facet normal -0.9723698680339586 -0.23344558196637993 0
    outer loop
      vertex -37.16960906982422 -7.900643348693848 0.17499923706054688
      vertex -36.70518112182617 -9.835123062133789 -0.17499923706054688
      vertex -36.70518112182617 -9.835123062133789 0.17499923706054688
    endloop
  endfacet
  facet normal -0.7604063664851858 -0.6494475789536805 0
    outer loop
      vertex -28.239501953125 -25.426963806152344 -0.17499923706054688
      vertex -29.531545639038086 -23.914173126220703 0.17499923706054688
      vertex -29.531545639038086 -23.914173126220703 -0.17499923706054688
    endloop
  endfacet
  facet normal -0.7604063664851858 -0.6494475789536805 0
    outer loop
      vertex -29.531545639038086 -23.914173126220703 0.17499923706054688
      vertex -28.239501953125 -25.426963806152344 -0.17499923706054688
      vertex -28.239501953125 -25.426963806152344 0.17499923706054688
    endloop
  endfacet
  facet normal 0.9969173545617651 0.0784588310744672 0
    outer loop
      vertex 37.94792175292969 1.9887657165527344 0.17499923706054688
      vertex 37.791831970214844 3.972081184387207 -0.17499923706054688
      vertex 37.791831970214844 3.972081184387207 0.17499923706054688
    endloop
  endfacet
  facet normal 0.9969173545617651 0.0784588310744672 0
    outer loop
      vertex 37.791831970214844 3.972081184387207 -0.17499923706054688
      vertex 37.94792175292969 1.9887657165527344 0.17499923706054688
      vertex 37.94792175292969 1.9887657165527344 -0.17499923706054688
    endloop
  endfacet
  facet normal -0.4305111455443073 0.9025852611039736 0
    outer loop
      vertex -15.455991744995117 34.714725494384766 -0.17499923706054688
      vertex -17.251638412475586 33.858245849609375 0.17499923706054688
      vertex -15.455991744995117 34.714725494384766 0.17499923706054688
    endloop
  endfacet
  facet normal -0.4305111455443073 0.9025852611039736 0
    outer loop
      vertex -17.251638412475586 33.858245849609375 0.17499923706054688
      vertex -15.455991744995117 34.714725494384766 -0.17499923706054688
      vertex -17.251638412475586 33.858245849609375 -0.17499923706054688
    endloop
  endfacet
  facet normal 0.7253737943191703 -0.6883551834009896 0
    outer loop
      vertex 26.87005615234375 -26.87005615234375 0.17499923706054688
      vertex 28.239501953125 -25.426963806152344 -0.17499923706054688
      vertex 28.239501953125 -25.426963806152344 0.17499923706054688
    endloop
  endfacet
  facet normal 0.7253737943191703 -0.6883551834009896 0
    outer loop
      vertex 28.239501953125 -25.426963806152344 -0.17499923706054688
      vertex 26.87005615234375 -26.87005615234375 0.17499923706054688
      vertex 26.87005615234375 -26.87005615234375 -0.17499923706054688
    endloop
  endfacet
  facet normal 0.9996573172939718 -0.02617724165414574 0
    outer loop
      vertex 37.94792175292969 -1.9887657165527344 0.17499923706054688
      vertex 38 0 -0.17499923706054688
      vertex 38 0 0.17499923706054688
    endloop
  endfacet
  facet normal 0.9996573172939718 -0.02617724165414574 0
    outer loop
      vertex 38 0 -0.17499923706054688
      vertex 37.94792175292969 -1.9887657165527344 0.17499923706054688
      vertex 37.94792175292969 -1.9887657165527344 -0.17499923706054688
    endloop
  endfacet
  facet normal 0.852639418144751 0.5224997824169697 0
    outer loop
      vertex 32.908966064453125 19 0.17499923706054688
      vertex 31.86948013305664 20.69628143310547 -0.17499923706054688
      vertex 31.86948013305664 20.69628143310547 0.17499923706054688
    endloop
  endfacet
  facet normal 0.852639418144751 0.5224997824169697 0
    outer loop
      vertex 31.86948013305664 20.69628143310547 -0.17499923706054688
      vertex 32.908966064453125 19 0.17499923706054688
      vertex 32.908966064453125 19 -0.17499923706054688
    endloop
  endfacet
  facet normal 0.5224997824169697 0.852639418144751 0
    outer loop
      vertex 20.69628143310547 31.86948013305664 -0.17499923706054688
      vertex 19 32.908966064453125 0.17499923706054688
      vertex 20.69628143310547 31.86948013305664 0.17499923706054688
    endloop
  endfacet
  facet normal 0.5224997824169697 0.852639418144751 0
    outer loop
      vertex 19 32.908966064453125 0.17499923706054688
      vertex 20.69628143310547 31.86948013305664 -0.17499923706054688
      vertex 19 32.908966064453125 -0.17499923706054688
    endloop
  endfacet
  facet normal 0.8241265072673333 -0.5664057732927394 0
    outer loop
      vertex 30.742645263671875 -22.335838317871094 0.17499923706054688
      vertex 31.86948013305664 -20.69628143310547 -0.17499923706054688
      vertex 31.86948013305664 -20.69628143310547 0.17499923706054688
    endloop
  endfacet
  facet normal 0.8241265072673333 -0.5664057732927394 0
    outer loop
      vertex 31.86948013305664 -20.69628143310547 -0.17499923706054688
      vertex 30.742645263671875 -22.335838317871094 0.17499923706054688
      vertex 30.742645263671875 -22.335838317871094 -0.17499923706054688
    endloop
  endfacet
  facet normal -0.0784588310744672 0.9969173545617651 0
    outer loop
      vertex -1.9887657165527344 37.94792175292969 -0.17499923706054688
      vertex -3.972081184387207 37.791831970214844 0.17499923706054688
      vertex -1.9887657165527344 37.94792175292969 0.17499923706054688
    endloop
  endfacet
  facet normal -0.0784588310744672 0.9969173545617651 0
    outer loop
      vertex -3.972081184387207 37.791831970214844 0.17499923706054688
      vertex -1.9887657165527344 37.94792175292969 -0.17499923706054688
      vertex -3.972081184387207 37.791831970214844 -0.17499923706054688
    endloop
  endfacet
  facet normal 0.6883551834009896 0.7253737943191703 0
    outer loop
      vertex 26.87005615234375 26.87005615234375 -0.17499923706054688
      vertex 25.426963806152344 28.239501953125 0.17499923706054688
      vertex 26.87005615234375 26.87005615234375 0.17499923706054688
    endloop
  endfacet
  facet normal 0.6883551834009896 0.7253737943191703 0
    outer loop
      vertex 25.426963806152344 28.239501953125 0.17499923706054688
      vertex 26.87005615234375 26.87005615234375 -0.17499923706054688
      vertex 25.426963806152344 28.239501953125 -0.17499923706054688
    endloop
  endfacet
  facet normal -0.13052567707549817 0.9914449291937413 0
    outer loop
      vertex -3.972081184387207 37.791831970214844 -0.17499923706054688
      vertex -5.944509506225586 37.53215789794922 0.17499923706054688
      vertex -3.972081184387207 37.791831970214844 0.17499923706054688
    endloop
  endfacet
  facet normal -0.13052567707549817 0.9914449291937413 0
    outer loop
      vertex -5.944509506225586 37.53215789794922 0.17499923706054688
      vertex -3.972081184387207 37.791831970214844 -0.17499923706054688
      vertex -5.944509506225586 37.53215789794922 -0.17499923706054688
    endloop
  endfacet
  facet normal -0.6494475789536805 0.7604063664851858 0
    outer loop
      vertex -23.914173126220703 29.531545639038086 -0.17499923706054688
      vertex -25.426963806152344 28.239501953125 0.17499923706054688
      vertex -23.914173126220703 29.531545639038086 0.17499923706054688
    endloop
  endfacet
  facet normal -0.6494475789536805 0.7604063664851858 0
    outer loop
      vertex -25.426963806152344 28.239501953125 0.17499923706054688
      vertex -23.914173126220703 29.531545639038086 -0.17499923706054688
      vertex -25.426963806152344 28.239501953125 -0.17499923706054688
    endloop
  endfacet
  facet normal 0.33380752076346076 0.9426412568319678 0
    outer loop
      vertex 13.617981910705566 35.47605514526367 -0.17499923706054688
      vertex 11.742645263671875 36.1401481628418 0.17499923706054688
      vertex 13.617981910705566 35.47605514526367 0.17499923706054688
    endloop
  endfacet
  facet normal 0.33380752076346076 0.9426412568319678 0
    outer loop
      vertex 11.742645263671875 36.1401481628418 0.17499923706054688
      vertex 13.617981910705566 35.47605514526367 -0.17499923706054688
      vertex 11.742645263671875 36.1401481628418 -0.17499923706054688
    endloop
  endfacet
  facet normal 0.9832548310064118 0.18223593855920078 0
    outer loop
      vertex 37.53215789794922 5.944509506225586 0.17499923706054688
      vertex 37.16960906982422 7.900643348693848 -0.17499923706054688
      vertex 37.16960906982422 7.900643348693848 0.17499923706054688
    endloop
  endfacet
  facet normal 0.9832548310064118 0.18223593855920078 0
    outer loop
      vertex 37.16960906982422 7.900643348693848 -0.17499923706054688
      vertex 37.53215789794922 5.944509506225586 0.17499923706054688
      vertex 37.53215789794922 5.944509506225586 -0.17499923706054688
    endloop
  endfacet
  facet normal -0.6883551834009896 0.7253737943191703 0
    outer loop
      vertex -25.426963806152344 28.239501953125 -0.17499923706054688
      vertex -26.87005615234375 26.87005615234375 0.17499923706054688
      vertex -25.426963806152344 28.239501953125 0.17499923706054688
    endloop
  endfacet
  facet normal -0.6883551834009896 0.7253737943191703 0
    outer loop
      vertex -26.87005615234375 26.87005615234375 0.17499923706054688
      vertex -25.426963806152344 28.239501953125 -0.17499923706054688
      vertex -26.87005615234375 26.87005615234375 -0.17499923706054688
    endloop
  endfacet
  facet normal -0.7933531630454771 -0.6087616599998203 0
    outer loop
      vertex -29.531545639038086 -23.914173126220703 -0.17499923706054688
      vertex -30.742645263671875 -22.335838317871094 0.17499923706054688
      vertex -30.742645263671875 -22.335838317871094 -0.17499923706054688
    endloop
  endfacet
  facet normal -0.7933531630454771 -0.6087616599998203 0
    outer loop
      vertex -30.742645263671875 -22.335838317871094 0.17499923706054688
      vertex -29.531545639038086 -23.914173126220703 -0.17499923706054688
      vertex -29.531545639038086 -23.914173126220703 0.17499923706054688
    endloop
  endfacet
  facet normal -0.5664057732927394 0.8241265072673333 0
    outer loop
      vertex -20.69628143310547 31.86948013305664 -0.17499923706054688
      vertex -22.335838317871094 30.742645263671875 0.17499923706054688
      vertex -20.69628143310547 31.86948013305664 0.17499923706054688
    endloop
  endfacet
  facet normal -0.5664057732927394 0.8241265072673333 0
    outer loop
      vertex -22.335838317871094 30.742645263671875 0.17499923706054688
      vertex -20.69628143310547 31.86948013305664 -0.17499923706054688
      vertex -22.335838317871094 30.742645263671875 -0.17499923706054688
    endloop
  endfacet
  facet normal -0.23344558196637993 -0.9723698680339586 0
    outer loop
      vertex -9.835123062133789 -36.70518112182617 -0.17499923706054688
      vertex -7.900643348693848 -37.16960906982422 0.17499923706054688
      vertex -9.835123062133789 -36.70518112182617 0.17499923706054688
    endloop
  endfacet
  facet normal -0.23344558196637993 -0.9723698680339586 0
    outer loop
      vertex -7.900643348693848 -37.16960906982422 0.17499923706054688
      vertex -9.835123062133789 -36.70518112182617 -0.17499923706054688
      vertex -7.900643348693848 -37.16960906982422 -0.17499923706054688
    endloop
  endfacet
  facet normal 0.8241265072673333 0.5664057732927394 0
    outer loop
      vertex 31.86948013305664 20.69628143310547 0.17499923706054688
      vertex 30.742645263671875 22.335838317871094 -0.17499923706054688
      vertex 30.742645263671875 22.335838317871094 0.17499923706054688
    endloop
  endfacet
  facet normal 0.8241265072673333 0.5664057732927394 0
    outer loop
      vertex 30.742645263671875 22.335838317871094 -0.17499923706054688
      vertex 31.86948013305664 20.69628143310547 0.17499923706054688
      vertex 31.86948013305664 20.69628143310547 -0.17499923706054688
    endloop
  endfacet
  facet normal 0.47715755533149806 -0.8788177668834811 0
    outer loop
      vertex 17.251638412475586 -33.858245849609375 -0.17499923706054688
      vertex 19 -32.908966064453125 0.17499923706054688
      vertex 17.251638412475586 -33.858245849609375 0.17499923706054688
    endloop
  endfacet
  facet normal 0.47715755533149806 -0.8788177668834811 0
    outer loop
      vertex 19 -32.908966064453125 0.17499923706054688
      vertex 17.251638412475586 -33.858245849609375 -0.17499923706054688
      vertex 19 -32.908966064453125 -0.17499923706054688
    endloop
  endfacet
  facet normal 0.7933531630454771 0.6087616599998203 0
    outer loop
      vertex 30.742645263671875 22.335838317871094 0.17499923706054688
      vertex 29.531545639038086 23.914173126220703 -0.17499923706054688
      vertex 29.531545639038086 23.914173126220703 0.17499923706054688
    endloop
  endfacet
  facet normal 0.7933531630454771 0.6087616599998203 0
    outer loop
      vertex 29.531545639038086 23.914173126220703 -0.17499923706054688
      vertex 30.742645263671875 22.335838317871094 0.17499923706054688
      vertex 30.742645263671875 22.335838317871094 -0.17499923706054688
    endloop
  endfacet
  facet normal 0.18223593855920078 0.9832548310064118 0
    outer loop
      vertex 7.900643348693848 37.16960906982422 -0.17499923706054688
      vertex 5.944509506225586 37.53215789794922 0.17499923706054688
      vertex 7.900643348693848 37.16960906982422 0.17499923706054688
    endloop
  endfacet
  facet normal 0.18223593855920078 0.9832548310064118 0
    outer loop
      vertex 5.944509506225586 37.53215789794922 0.17499923706054688
      vertex 7.900643348693848 37.16960906982422 -0.17499923706054688
      vertex 5.944509506225586 37.53215789794922 -0.17499923706054688
    endloop
  endfacet
  facet normal 0.4305111455443073 -0.9025852611039736 0
    outer loop
      vertex 15.455991744995117 -34.714725494384766 -0.17499923706054688
      vertex 17.251638412475586 -33.858245849609375 0.17499923706054688
      vertex 15.455991744995117 -34.714725494384766 0.17499923706054688
    endloop
  endfacet
  facet normal 0.4305111455443073 -0.9025852611039736 0
    outer loop
      vertex 17.251638412475586 -33.858245849609375 0.17499923706054688
      vertex 15.455991744995117 -34.714725494384766 -0.17499923706054688
      vertex 17.251638412475586 -33.858245849609375 -0.17499923706054688
    endloop
  endfacet
  facet normal 0.2840149477315248 0.9588198524566851 0
    outer loop
      vertex 11.742645263671875 36.1401481628418 -0.17499923706054688
      vertex 9.835123062133789 36.70518112182617 0.17499923706054688
      vertex 11.742645263671875 36.1401481628418 0.17499923706054688
    endloop
  endfacet
  facet normal 0.2840149477315248 0.9588198524566851 0
    outer loop
      vertex 9.835123062133789 36.70518112182617 0.17499923706054688
      vertex 11.742645263671875 36.1401481628418 -0.17499923706054688
      vertex 9.835123062133789 36.70518112182617 -0.17499923706054688
    endloop
  endfacet
  facet normal -0.9426412568319678 -0.33380752076346076 0
    outer loop
      vertex -35.47605514526367 -13.617981910705566 -0.17499923706054688
      vertex -36.1401481628418 -11.742645263671875 0.17499923706054688
      vertex -36.1401481628418 -11.742645263671875 -0.17499923706054688
    endloop
  endfacet
  facet normal -0.9426412568319678 -0.33380752076346076 0
    outer loop
      vertex -36.1401481628418 -11.742645263671875 0.17499923706054688
      vertex -35.47605514526367 -13.617981910705566 -0.17499923706054688
      vertex -35.47605514526367 -13.617981910705566 0.17499923706054688
    endloop
  endfacet
  facet normal 0.3826838827462919 0.923879345957156 0
    outer loop
      vertex 15.455991744995117 34.714725494384766 -0.17499923706054688
      vertex 13.617981910705566 35.47605514526367 0.17499923706054688
      vertex 15.455991744995117 34.714725494384766 0.17499923706054688
    endloop
  endfacet
  facet normal 0.3826838827462919 0.923879345957156 0
    outer loop
      vertex 13.617981910705566 35.47605514526367 0.17499923706054688
      vertex 15.455991744995117 34.714725494384766 -0.17499923706054688
      vertex 13.617981910705566 35.47605514526367 -0.17499923706054688
    endloop
  endfacet
  facet normal -0.5224997824169697 0.852639418144751 0
    outer loop
      vertex -19 32.908966064453125 -0.17499923706054688
      vertex -20.69628143310547 31.86948013305664 0.17499923706054688
      vertex -19 32.908966064453125 0.17499923706054688
    endloop
  endfacet
  facet normal -0.5224997824169697 0.852639418144751 0
    outer loop
      vertex -20.69628143310547 31.86948013305664 0.17499923706054688
      vertex -19 32.908966064453125 -0.17499923706054688
      vertex -20.69628143310547 31.86948013305664 -0.17499923706054688
    endloop
  endfacet
  facet normal -0.9588198524566851 -0.2840149477315248 0
    outer loop
      vertex -36.1401481628418 -11.742645263671875 -0.17499923706054688
      vertex -36.70518112182617 -9.835123062133789 0.17499923706054688
      vertex -36.70518112182617 -9.835123062133789 -0.17499923706054688
    endloop
  endfacet
  facet normal -0.9588198524566851 -0.2840149477315248 0
    outer loop
      vertex -36.70518112182617 -9.835123062133789 0.17499923706054688
      vertex -36.1401481628418 -11.742645263671875 -0.17499923706054688
      vertex -36.1401481628418 -11.742645263671875 0.17499923706054688
    endloop
  endfacet
  facet normal -0.6087616599998203 0.7933531630454771 0
    outer loop
      vertex -22.335838317871094 30.742645263671875 -0.17499923706054688
      vertex -23.914173126220703 29.531545639038086 0.17499923706054688
      vertex -22.335838317871094 30.742645263671875 0.17499923706054688
    endloop
  endfacet
  facet normal -0.6087616599998203 0.7933531630454771 0
    outer loop
      vertex -23.914173126220703 29.531545639038086 0.17499923706054688
      vertex -22.335838317871094 30.742645263671875 -0.17499923706054688
      vertex -23.914173126220703 29.531545639038086 -0.17499923706054688
    endloop
  endfacet
  facet normal -0.23344558196637993 0.9723698680339586 0
    outer loop
      vertex -7.900643348693848 37.16960906982422 -0.17499923706054688
      vertex -9.835123062133789 36.70518112182617 0.17499923706054688
      vertex -7.900643348693848 37.16960906982422 0.17499923706054688
    endloop
  endfacet
  facet normal -0.23344558196637993 0.9723698680339586 0
    outer loop
      vertex -9.835123062133789 36.70518112182617 0.17499923706054688
      vertex -7.900643348693848 37.16960906982422 -0.17499923706054688
      vertex -9.835123062133789 36.70518112182617 -0.17499923706054688
    endloop
  endfacet
  facet normal -0.9969173545617651 -0.0784588310744672 0
    outer loop
      vertex -37.791831970214844 -3.972081184387207 -0.17499923706054688
      vertex -37.94792175292969 -1.9887657165527344 0.17499923706054688
      vertex -37.94792175292969 -1.9887657165527344 -0.17499923706054688
    endloop
  endfacet
  facet normal -0.9969173545617651 -0.0784588310744672 0
    outer loop
      vertex -37.94792175292969 -1.9887657165527344 0.17499923706054688
      vertex -37.791831970214844 -3.972081184387207 -0.17499923706054688
      vertex -37.791831970214844 -3.972081184387207 0.17499923706054688
    endloop
  endfacet
  facet normal 0.7933531630454771 -0.6087616599998203 0
    outer loop
      vertex 29.531545639038086 -23.914173126220703 0.17499923706054688
      vertex 30.742645263671875 -22.335838317871094 -0.17499923706054688
      vertex 30.742645263671875 -22.335838317871094 0.17499923706054688
    endloop
  endfacet
  facet normal 0.7933531630454771 -0.6087616599998203 0
    outer loop
      vertex 30.742645263671875 -22.335838317871094 -0.17499923706054688
      vertex 29.531545639038086 -23.914173126220703 0.17499923706054688
      vertex 29.531545639038086 -23.914173126220703 -0.17499923706054688
    endloop
  endfacet
  facet normal 0.2840149477315248 -0.9588198524566851 0
    outer loop
      vertex 9.835123062133789 -36.70518112182617 -0.17499923706054688
      vertex 11.742645263671875 -36.1401481628418 0.17499923706054688
      vertex 9.835123062133789 -36.70518112182617 0.17499923706054688
    endloop
  endfacet
  facet normal 0.2840149477315248 -0.9588198524566851 0
    outer loop
      vertex 11.742645263671875 -36.1401481628418 0.17499923706054688
      vertex 9.835123062133789 -36.70518112182617 -0.17499923706054688
      vertex 11.742645263671875 -36.1401481628418 -0.17499923706054688
    endloop
  endfacet
  facet normal 0.6494475789536805 -0.7604063664851858 0
    outer loop
      vertex 23.914173126220703 -29.531545639038086 -0.17499923706054688
      vertex 25.426963806152344 -28.239501953125 0.17499923706054688
      vertex 23.914173126220703 -29.531545639038086 0.17499923706054688
    endloop
  endfacet
  facet normal 0.6494475789536805 -0.7604063664851858 0
    outer loop
      vertex 25.426963806152344 -28.239501953125 0.17499923706054688
      vertex 23.914173126220703 -29.531545639038086 -0.17499923706054688
      vertex 25.426963806152344 -28.239501953125 -0.17499923706054688
    endloop
  endfacet
  facet normal 0.5224997824169697 -0.852639418144751 0
    outer loop
      vertex 19 -32.908966064453125 -0.17499923706054688
      vertex 20.69628143310547 -31.86948013305664 0.17499923706054688
      vertex 19 -32.908966064453125 0.17499923706054688
    endloop
  endfacet
  facet normal 0.5224997824169697 -0.852639418144751 0
    outer loop
      vertex 20.69628143310547 -31.86948013305664 0.17499923706054688
      vertex 19 -32.908966064453125 -0.17499923706054688
      vertex 20.69628143310547 -31.86948013305664 -0.17499923706054688
    endloop
  endfacet
  facet normal 0.8788177668834811 -0.47715755533149806 0
    outer loop
      vertex 32.908966064453125 -19 0.17499923706054688
      vertex 33.858245849609375 -17.251638412475586 -0.17499923706054688
      vertex 33.858245849609375 -17.251638412475586 0.17499923706054688
    endloop
  endfacet
  facet normal 0.8788177668834811 -0.47715755533149806 0
    outer loop
      vertex 33.858245849609375 -17.251638412475586 -0.17499923706054688
      vertex 32.908966064453125 -19 0.17499923706054688
      vertex 32.908966064453125 -19 -0.17499923706054688
    endloop
  endfacet
  facet normal 0.9832548310064118 -0.18223593855920078 0
    outer loop
      vertex 37.16960906982422 -7.900643348693848 0.17499923706054688
      vertex 37.53215789794922 -5.944509506225586 -0.17499923706054688
      vertex 37.53215789794922 -5.944509506225586 0.17499923706054688
    endloop
  endfacet
  facet normal 0.9832548310064118 -0.18223593855920078 0
    outer loop
      vertex 37.53215789794922 -5.944509506225586 -0.17499923706054688
      vertex 37.16960906982422 -7.900643348693848 0.17499923706054688
      vertex 37.16960906982422 -7.900643348693848 -0.17499923706054688
    endloop
  endfacet
  facet normal -0.9914449291937413 0.13052567707549817 0
    outer loop
      vertex -37.791831970214844 3.972081184387207 -0.17499923706054688
      vertex -37.53215789794922 5.944509506225586 0.17499923706054688
      vertex -37.53215789794922 5.944509506225586 -0.17499923706054688
    endloop
  endfacet
  facet normal -0.9914449291937413 0.13052567707549817 0
    outer loop
      vertex -37.53215789794922 5.944509506225586 0.17499923706054688
      vertex -37.791831970214844 3.972081184387207 -0.17499923706054688
      vertex -37.791831970214844 3.972081184387207 0.17499923706054688
    endloop
  endfacet
  facet normal 0.9588198524566851 -0.2840149477315248 0
    outer loop
      vertex 36.1401481628418 -11.742645263671875 0.17499923706054688
      vertex 36.70518112182617 -9.835123062133789 -0.17499923706054688
      vertex 36.70518112182617 -9.835123062133789 0.17499923706054688
    endloop
  endfacet
  facet normal 0.9588198524566851 -0.2840149477315248 0
    outer loop
      vertex 36.70518112182617 -9.835123062133789 -0.17499923706054688
      vertex 36.1401481628418 -11.742645263671875 0.17499923706054688
      vertex 36.1401481628418 -11.742645263671875 -0.17499923706054688
    endloop
  endfacet
  facet normal -0.9588198524566851 0.2840149477315248 0
    outer loop
      vertex -36.70518112182617 9.835123062133789 -0.17499923706054688
      vertex -36.1401481628418 11.742645263671875 0.17499923706054688
      vertex -36.1401481628418 11.742645263671875 -0.17499923706054688
    endloop
  endfacet
  facet normal -0.9588198524566851 0.2840149477315248 0
    outer loop
      vertex -36.1401481628418 11.742645263671875 0.17499923706054688
      vertex -36.70518112182617 9.835123062133789 -0.17499923706054688
      vertex -36.70518112182617 9.835123062133789 0.17499923706054688
    endloop
  endfacet
  facet normal 0.33380752076346076 -0.9426412568319678 0
    outer loop
      vertex 11.742645263671875 -36.1401481628418 -0.17499923706054688
      vertex 13.617981910705566 -35.47605514526367 0.17499923706054688
      vertex 11.742645263671875 -36.1401481628418 0.17499923706054688
    endloop
  endfacet
  facet normal 0.33380752076346076 -0.9426412568319678 0
    outer loop
      vertex 13.617981910705566 -35.47605514526367 0.17499923706054688
      vertex 11.742645263671875 -36.1401481628418 -0.17499923706054688
      vertex 13.617981910705566 -35.47605514526367 -0.17499923706054688
    endloop
  endfacet
  facet normal -0.18223593855920078 0.9832548310064118 0
    outer loop
      vertex -5.944509506225586 37.53215789794922 -0.17499923706054688
      vertex -7.900643348693848 37.16960906982422 0.17499923706054688
      vertex -5.944509506225586 37.53215789794922 0.17499923706054688
    endloop
  endfacet
  facet normal -0.18223593855920078 0.9832548310064118 0
    outer loop
      vertex -7.900643348693848 37.16960906982422 0.17499923706054688
      vertex -5.944509506225586 37.53215789794922 -0.17499923706054688
      vertex -7.900643348693848 37.16960906982422 -0.17499923706054688
    endloop
  endfacet
  facet normal 0.923879345957156 0.3826838827462919 0
    outer loop
      vertex 35.47605514526367 13.617981910705566 0.17499923706054688
      vertex 34.714725494384766 15.455991744995117 -0.17499923706054688
      vertex 34.714725494384766 15.455991744995117 0.17499923706054688
    endloop
  endfacet
  facet normal 0.923879345957156 0.3826838827462919 0
    outer loop
      vertex 34.714725494384766 15.455991744995117 -0.17499923706054688
      vertex 35.47605514526367 13.617981910705566 0.17499923706054688
      vertex 35.47605514526367 13.617981910705566 -0.17499923706054688
    endloop
  endfacet
  facet normal 0.02617724165414574 -0.9996573172939718 0
    outer loop
      vertex 0 -38 -0.17499923706054688
      vertex 1.9887657165527344 -37.94792175292969 0.17499923706054688
      vertex 0 -38 0.17499923706054688
    endloop
  endfacet
  facet normal 0.02617724165414574 -0.9996573172939718 0
    outer loop
      vertex 1.9887657165527344 -37.94792175292969 0.17499923706054688
      vertex 0 -38 -0.17499923706054688
      vertex 1.9887657165527344 -37.94792175292969 -0.17499923706054688
    endloop
  endfacet
  facet normal 0.9025852611039736 -0.4305111455443073 0
    outer loop
      vertex 33.858245849609375 -17.251638412475586 0.17499923706054688
      vertex 34.714725494384766 -15.455991744995117 -0.17499923706054688
      vertex 34.714725494384766 -15.455991744995117 0.17499923706054688
    endloop
  endfacet
  facet normal 0.9025852611039736 -0.4305111455443073 0
    outer loop
      vertex 34.714725494384766 -15.455991744995117 -0.17499923706054688
      vertex 33.858245849609375 -17.251638412475586 0.17499923706054688
      vertex 33.858245849609375 -17.251638412475586 -0.17499923706054688
    endloop
  endfacet
  facet normal 0.9025852611039736 0.4305111455443073 0
    outer loop
      vertex 34.714725494384766 15.455991744995117 0.17499923706054688
      vertex 33.858245849609375 17.251638412475586 -0.17499923706054688
      vertex 33.858245849609375 17.251638412475586 0.17499923706054688
    endloop
  endfacet
  facet normal 0.9025852611039736 0.4305111455443073 0
    outer loop
      vertex 33.858245849609375 17.251638412475586 -0.17499923706054688
      vertex 34.714725494384766 15.455991744995117 0.17499923706054688
      vertex 34.714725494384766 15.455991744995117 -0.17499923706054688
    endloop
  endfacet
  facet normal -0.6883551834009896 -0.7253737943191703 0
    outer loop
      vertex -26.87005615234375 -26.87005615234375 -0.17499923706054688
      vertex -25.426963806152344 -28.239501953125 0.17499923706054688
      vertex -26.87005615234375 -26.87005615234375 0.17499923706054688
    endloop
  endfacet
  facet normal -0.6883551834009896 -0.7253737943191703 0
    outer loop
      vertex -25.426963806152344 -28.239501953125 0.17499923706054688
      vertex -26.87005615234375 -26.87005615234375 -0.17499923706054688
      vertex -25.426963806152344 -28.239501953125 -0.17499923706054688
    endloop
  endfacet
  facet normal -0.8788177668834811 0.47715755533149806 0
    outer loop
      vertex -33.858245849609375 17.251638412475586 -0.17499923706054688
      vertex -32.908966064453125 19 0.17499923706054688
      vertex -32.908966064453125 19 -0.17499923706054688
    endloop
  endfacet
  facet normal -0.8788177668834811 0.47715755533149806 0
    outer loop
      vertex -32.908966064453125 19 0.17499923706054688
      vertex -33.858245849609375 17.251638412475586 -0.17499923706054688
      vertex -33.858245849609375 17.251638412475586 0.17499923706054688
    endloop
  endfacet
  facet normal 0.0784588310744672 -0.9969173545617651 0
    outer loop
      vertex 1.9887657165527344 -37.94792175292969 -0.17499923706054688
      vertex 3.972081184387207 -37.791831970214844 0.17499923706054688
      vertex 1.9887657165527344 -37.94792175292969 0.17499923706054688
    endloop
  endfacet
  facet normal 0.0784588310744672 -0.9969173545617651 0
    outer loop
      vertex 3.972081184387207 -37.791831970214844 0.17499923706054688
      vertex 1.9887657165527344 -37.94792175292969 -0.17499923706054688
      vertex 3.972081184387207 -37.791831970214844 -0.17499923706054688
    endloop
  endfacet
  facet normal 0.7604063664851858 0.6494475789536805 0
    outer loop
      vertex 29.531545639038086 23.914173126220703 0.17499923706054688
      vertex 28.239501953125 25.426963806152344 -0.17499923706054688
      vertex 28.239501953125 25.426963806152344 0.17499923706054688
    endloop
  endfacet
  facet normal 0.7604063664851858 0.6494475789536805 0
    outer loop
      vertex 28.239501953125 25.426963806152344 -0.17499923706054688
      vertex 29.531545639038086 23.914173126220703 0.17499923706054688
      vertex 29.531545639038086 23.914173126220703 -0.17499923706054688
    endloop
  endfacet
  facet normal 0.9588198524566851 0.2840149477315248 0
    outer loop
      vertex 36.70518112182617 9.835123062133789 0.17499923706054688
      vertex 36.1401481628418 11.742645263671875 -0.17499923706054688
      vertex 36.1401481628418 11.742645263671875 0.17499923706054688
    endloop
  endfacet
  facet normal 0.9588198524566851 0.2840149477315248 0
    outer loop
      vertex 36.1401481628418 11.742645263671875 -0.17499923706054688
      vertex 36.70518112182617 9.835123062133789 0.17499923706054688
      vertex 36.70518112182617 9.835123062133789 -0.17499923706054688
    endloop
  endfacet
  facet normal 0.6087616599998203 -0.7933531630454771 0
    outer loop
      vertex 22.335838317871094 -30.742645263671875 -0.17499923706054688
      vertex 23.914173126220703 -29.531545639038086 0.17499923706054688
      vertex 22.335838317871094 -30.742645263671875 0.17499923706054688
    endloop
  endfacet
  facet normal 0.6087616599998203 -0.7933531630454771 0
    outer loop
      vertex 23.914173126220703 -29.531545639038086 0.17499923706054688
      vertex 22.335838317871094 -30.742645263671875 -0.17499923706054688
      vertex 23.914173126220703 -29.531545639038086 -0.17499923706054688
    endloop
  endfacet
  facet normal 0.9426412568319678 0.33380752076346076 0
    outer loop
      vertex 36.1401481628418 11.742645263671875 0.17499923706054688
      vertex 35.47605514526367 13.617981910705566 -0.17499923706054688
      vertex 35.47605514526367 13.617981910705566 0.17499923706054688
    endloop
  endfacet
  facet normal 0.9426412568319678 0.33380752076346076 0
    outer loop
      vertex 35.47605514526367 13.617981910705566 -0.17499923706054688
      vertex 36.1401481628418 11.742645263671875 0.17499923706054688
      vertex 36.1401481628418 11.742645263671875 -0.17499923706054688
    endloop
  endfacet
  facet normal -0.6087616599998203 -0.7933531630454771 0
    outer loop
      vertex -23.914173126220703 -29.531545639038086 -0.17499923706054688
      vertex -22.335838317871094 -30.742645263671875 0.17499923706054688
      vertex -23.914173126220703 -29.531545639038086 0.17499923706054688
    endloop
  endfacet
  facet normal -0.6087616599998203 -0.7933531630454771 0
    outer loop
      vertex -22.335838317871094 -30.742645263671875 0.17499923706054688
      vertex -23.914173126220703 -29.531545639038086 -0.17499923706054688
      vertex -22.335838317871094 -30.742645263671875 -0.17499923706054688
    endloop
  endfacet
  facet normal -0.5664057732927394 -0.8241265072673333 0
    outer loop
      vertex -22.335838317871094 -30.742645263671875 -0.17499923706054688
      vertex -20.69628143310547 -31.86948013305664 0.17499923706054688
      vertex -22.335838317871094 -30.742645263671875 0.17499923706054688
    endloop
  endfacet
  facet normal -0.5664057732927394 -0.8241265072673333 0
    outer loop
      vertex -20.69628143310547 -31.86948013305664 0.17499923706054688
      vertex -22.335838317871094 -30.742645263671875 -0.17499923706054688
      vertex -20.69628143310547 -31.86948013305664 -0.17499923706054688
    endloop
  endfacet
  facet normal -0.852639418144751 -0.5224997824169697 0
    outer loop
      vertex -31.86948013305664 -20.69628143310547 -0.17499923706054688
      vertex -32.908966064453125 -19 0.17499923706054688
      vertex -32.908966064453125 -19 -0.17499923706054688
    endloop
  endfacet
  facet normal -0.852639418144751 -0.5224997824169697 0
    outer loop
      vertex -32.908966064453125 -19 0.17499923706054688
      vertex -31.86948013305664 -20.69628143310547 -0.17499923706054688
      vertex -31.86948013305664 -20.69628143310547 0.17499923706054688
    endloop
  endfacet
  facet normal -0.33380752076346076 0.9426412568319678 0
    outer loop
      vertex -11.742645263671875 36.1401481628418 -0.17499923706054688
      vertex -13.617981910705566 35.47605514526367 0.17499923706054688
      vertex -11.742645263671875 36.1401481628418 0.17499923706054688
    endloop
  endfacet
  facet normal -0.33380752076346076 0.9426412568319678 0
    outer loop
      vertex -13.617981910705566 35.47605514526367 0.17499923706054688
      vertex -11.742645263671875 36.1401481628418 -0.17499923706054688
      vertex -13.617981910705566 35.47605514526367 -0.17499923706054688
    endloop
  endfacet
  facet normal -0.8241265072673333 -0.5664057732927394 0
    outer loop
      vertex -30.742645263671875 -22.335838317871094 -0.17499923706054688
      vertex -31.86948013305664 -20.69628143310547 0.17499923706054688
      vertex -31.86948013305664 -20.69628143310547 -0.17499923706054688
    endloop
  endfacet
  facet normal -0.8241265072673333 -0.5664057732927394 0
    outer loop
      vertex -31.86948013305664 -20.69628143310547 0.17499923706054688
      vertex -30.742645263671875 -22.335838317871094 -0.17499923706054688
      vertex -30.742645263671875 -22.335838317871094 0.17499923706054688
    endloop
  endfacet
  facet normal 0.13052567707549817 -0.9914449291937413 0
    outer loop
      vertex 3.972081184387207 -37.791831970214844 -0.17499923706054688
      vertex 5.944509506225586 -37.53215789794922 0.17499923706054688
      vertex 3.972081184387207 -37.791831970214844 0.17499923706054688
    endloop
  endfacet
  facet normal 0.13052567707549817 -0.9914449291937413 0
    outer loop
      vertex 5.944509506225586 -37.53215789794922 0.17499923706054688
      vertex 3.972081184387207 -37.791831970214844 -0.17499923706054688
      vertex 5.944509506225586 -37.53215789794922 -0.17499923706054688
    endloop
  endfacet
  facet normal 0.18223593855920078 -0.9832548310064118 0
    outer loop
      vertex 5.944509506225586 -37.53215789794922 -0.17499923706054688
      vertex 7.900643348693848 -37.16960906982422 0.17499923706054688
      vertex 5.944509506225586 -37.53215789794922 0.17499923706054688
    endloop
  endfacet
  facet normal 0.18223593855920078 -0.9832548310064118 0
    outer loop
      vertex 7.900643348693848 -37.16960906982422 0.17499923706054688
      vertex 5.944509506225586 -37.53215789794922 -0.17499923706054688
      vertex 7.900643348693848 -37.16960906982422 -0.17499923706054688
    endloop
  endfacet
  facet normal -0.7253737943191703 -0.6883551834009896 0
    outer loop
      vertex -26.87005615234375 -26.87005615234375 -0.17499923706054688
      vertex -28.239501953125 -25.426963806152344 0.17499923706054688
      vertex -28.239501953125 -25.426963806152344 -0.17499923706054688
    endloop
  endfacet
  facet normal -0.7253737943191703 -0.6883551834009896 0
    outer loop
      vertex -28.239501953125 -25.426963806152344 0.17499923706054688
      vertex -26.87005615234375 -26.87005615234375 -0.17499923706054688
      vertex -26.87005615234375 -26.87005615234375 0.17499923706054688
    endloop
  endfacet
  facet normal 0.6087616599998203 0.7933531630454771 0
    outer loop
      vertex 23.914173126220703 29.531545639038086 -0.17499923706054688
      vertex 22.335838317871094 30.742645263671875 0.17499923706054688
      vertex 23.914173126220703 29.531545639038086 0.17499923706054688
    endloop
  endfacet
  facet normal 0.6087616599998203 0.7933531630454771 0
    outer loop
      vertex 22.335838317871094 30.742645263671875 0.17499923706054688
      vertex 23.914173126220703 29.531545639038086 -0.17499923706054688
      vertex 22.335838317871094 30.742645263671875 -0.17499923706054688
    endloop
  endfacet
  facet normal -0.9832548310064118 -0.18223593855920078 0
    outer loop
      vertex -37.16960906982422 -7.900643348693848 -0.17499923706054688
      vertex -37.53215789794922 -5.944509506225586 0.17499923706054688
      vertex -37.53215789794922 -5.944509506225586 -0.17499923706054688
    endloop
  endfacet
  facet normal -0.9832548310064118 -0.18223593855920078 0
    outer loop
      vertex -37.53215789794922 -5.944509506225586 0.17499923706054688
      vertex -37.16960906982422 -7.900643348693848 -0.17499923706054688
      vertex -37.16960906982422 -7.900643348693848 0.17499923706054688
    endloop
  endfacet
  facet normal 0.5664057732927394 -0.8241265072673333 0
    outer loop
      vertex 20.69628143310547 -31.86948013305664 -0.17499923706054688
      vertex 22.335838317871094 -30.742645263671875 0.17499923706054688
      vertex 20.69628143310547 -31.86948013305664 0.17499923706054688
    endloop
  endfacet
  facet normal 0.5664057732927394 -0.8241265072673333 0
    outer loop
      vertex 22.335838317871094 -30.742645263671875 0.17499923706054688
      vertex 20.69628143310547 -31.86948013305664 -0.17499923706054688
      vertex 22.335838317871094 -30.742645263671875 -0.17499923706054688
    endloop
  endfacet
  facet normal -0.9025852611039736 -0.4305111455443073 0
    outer loop
      vertex -33.858245849609375 -17.251638412475586 -0.17499923706054688
      vertex -34.714725494384766 -15.455991744995117 0.17499923706054688
      vertex -34.714725494384766 -15.455991744995117 -0.17499923706054688
    endloop
  endfacet
  facet normal -0.9025852611039736 -0.4305111455443073 0
    outer loop
      vertex -34.714725494384766 -15.455991744995117 0.17499923706054688
      vertex -33.858245849609375 -17.251638412475586 -0.17499923706054688
      vertex -33.858245849609375 -17.251638412475586 0.17499923706054688
    endloop
  endfacet
  facet normal -0.923879345957156 -0.3826838827462919 0
    outer loop
      vertex -34.714725494384766 -15.455991744995117 -0.17499923706054688
      vertex -35.47605514526367 -13.617981910705566 0.17499923706054688
      vertex -35.47605514526367 -13.617981910705566 -0.17499923706054688
    endloop
  endfacet
  facet normal -0.923879345957156 -0.3826838827462919 0
    outer loop
      vertex -35.47605514526367 -13.617981910705566 0.17499923706054688
      vertex -34.714725494384766 -15.455991744995117 -0.17499923706054688
      vertex -34.714725494384766 -15.455991744995117 0.17499923706054688
    endloop
  endfacet
  facet normal -0.5224997824169697 -0.852639418144751 0
    outer loop
      vertex -20.69628143310547 -31.86948013305664 -0.17499923706054688
      vertex -19 -32.908966064453125 0.17499923706054688
      vertex -20.69628143310547 -31.86948013305664 0.17499923706054688
    endloop
  endfacet
  facet normal -0.5224997824169697 -0.852639418144751 0
    outer loop
      vertex -19 -32.908966064453125 0.17499923706054688
      vertex -20.69628143310547 -31.86948013305664 -0.17499923706054688
      vertex -19 -32.908966064453125 -0.17499923706054688
    endloop
  endfacet
  facet normal -0.2840149477315248 0.9588198524566851 0
    outer loop
      vertex -9.835123062133789 36.70518112182617 -0.17499923706054688
      vertex -11.742645263671875 36.1401481628418 0.17499923706054688
      vertex -9.835123062133789 36.70518112182617 0.17499923706054688
    endloop
  endfacet
  facet normal -0.2840149477315248 0.9588198524566851 0
    outer loop
      vertex -11.742645263671875 36.1401481628418 0.17499923706054688
      vertex -9.835123062133789 36.70518112182617 -0.17499923706054688
      vertex -11.742645263671875 36.1401481628418 -0.17499923706054688
    endloop
  endfacet
  facet normal 0.23344558196637993 -0.9723698680339586 0
    outer loop
      vertex 7.900643348693848 -37.16960906982422 -0.17499923706054688
      vertex 9.835123062133789 -36.70518112182617 0.17499923706054688
      vertex 7.900643348693848 -37.16960906982422 0.17499923706054688
    endloop
  endfacet
  facet normal 0.23344558196637993 -0.9723698680339586 0
    outer loop
      vertex 9.835123062133789 -36.70518112182617 0.17499923706054688
      vertex 7.900643348693848 -37.16960906982422 -0.17499923706054688
      vertex 9.835123062133789 -36.70518112182617 -0.17499923706054688
    endloop
  endfacet
  facet normal -0.0784588310744672 -0.9969173545617651 0
    outer loop
      vertex -3.972081184387207 -37.791831970214844 -0.17499923706054688
      vertex -1.9887657165527344 -37.94792175292969 0.17499923706054688
      vertex -3.972081184387207 -37.791831970214844 0.17499923706054688
    endloop
  endfacet
  facet normal -0.0784588310744672 -0.9969173545617651 0
    outer loop
      vertex -1.9887657165527344 -37.94792175292969 0.17499923706054688
      vertex -3.972081184387207 -37.791831970214844 -0.17499923706054688
      vertex -1.9887657165527344 -37.94792175292969 -0.17499923706054688
    endloop
  endfacet
  facet normal -0.9832548310064118 0.18223593855920078 0
    outer loop
      vertex -37.53215789794922 5.944509506225586 -0.17499923706054688
      vertex -37.16960906982422 7.900643348693848 0.17499923706054688
      vertex -37.16960906982422 7.900643348693848 -0.17499923706054688
    endloop
  endfacet
  facet normal -0.9832548310064118 0.18223593855920078 0
    outer loop
      vertex -37.16960906982422 7.900643348693848 0.17499923706054688
      vertex -37.53215789794922 5.944509506225586 -0.17499923706054688
      vertex -37.53215789794922 5.944509506225586 0.17499923706054688
    endloop
  endfacet
  facet normal -0.2840149477315248 -0.9588198524566851 0
    outer loop
      vertex -11.742645263671875 -36.1401481628418 -0.17499923706054688
      vertex -9.835123062133789 -36.70518112182617 0.17499923706054688
      vertex -11.742645263671875 -36.1401481628418 0.17499923706054688
    endloop
  endfacet
  facet normal -0.2840149477315248 -0.9588198524566851 0
    outer loop
      vertex -9.835123062133789 -36.70518112182617 0.17499923706054688
      vertex -11.742645263671875 -36.1401481628418 -0.17499923706054688
      vertex -9.835123062133789 -36.70518112182617 -0.17499923706054688
    endloop
  endfacet
  facet normal 0.923879345957156 -0.3826838827462919 0
    outer loop
      vertex 34.714725494384766 -15.455991744995117 0.17499923706054688
      vertex 35.47605514526367 -13.617981910705566 -0.17499923706054688
      vertex 35.47605514526367 -13.617981910705566 0.17499923706054688
    endloop
  endfacet
  facet normal 0.923879345957156 -0.3826838827462919 0
    outer loop
      vertex 35.47605514526367 -13.617981910705566 -0.17499923706054688
      vertex 34.714725494384766 -15.455991744995117 0.17499923706054688
      vertex 34.714725494384766 -15.455991744995117 -0.17499923706054688
    endloop
  endfacet
  facet normal -0.4305111455443073 -0.9025852611039736 0
    outer loop
      vertex -17.251638412475586 -33.858245849609375 -0.17499923706054688
      vertex -15.455991744995117 -34.714725494384766 0.17499923706054688
      vertex -17.251638412475586 -33.858245849609375 0.17499923706054688
    endloop
  endfacet
  facet normal -0.4305111455443073 -0.9025852611039736 0
    outer loop
      vertex -15.455991744995117 -34.714725494384766 0.17499923706054688
      vertex -17.251638412475586 -33.858245849609375 -0.17499923706054688
      vertex -15.455991744995117 -34.714725494384766 -0.17499923706054688
    endloop
  endfacet
  facet normal -0.47715755533149806 -0.8788177668834811 0
    outer loop
      vertex -19 -32.908966064453125 -0.17499923706054688
      vertex -17.251638412475586 -33.858245849609375 0.17499923706054688
      vertex -19 -32.908966064453125 0.17499923706054688
    endloop
  endfacet
  facet normal -0.47715755533149806 -0.8788177668834811 0
    outer loop
      vertex -17.251638412475586 -33.858245849609375 0.17499923706054688
      vertex -19 -32.908966064453125 -0.17499923706054688
      vertex -17.251638412475586 -33.858245849609375 -0.17499923706054688
    endloop
  endfacet
  facet normal 0.9969173555453906 -0.07845881857627755 0
    outer loop
      vertex -28.460941314697266 1.4915742874145508 0.17499923706054688
      vertex -28.343873977661133 2.9790611267089844 -0.17499923706054688
      vertex -28.343873977661133 2.9790611267089844 0.17499923706054688
    endloop
  endfacet
  facet normal 0.9969173555453906 -0.07845881857627755 0
    outer loop
      vertex -28.343873977661133 2.9790611267089844 -0.17499923706054688
      vertex -28.460941314697266 1.4915742874145508 0.17499923706054688
      vertex -28.460941314697266 1.4915742874145508 -0.17499923706054688
    endloop
  endfacet
  facet normal 0.6087615524566993 0.7933532455662544 0
    outer loop
      vertex -16.75187873840332 -23.056983947753906 -0.17499923706054688
      vertex -17.935630798339844 -22.148658752441406 0.17499923706054688
      vertex -16.75187873840332 -23.056983947753906 0.17499923706054688
    endloop
  endfacet
  facet normal 0.6087615524566993 0.7933532455662544 0
    outer loop
      vertex -17.935630798339844 -22.148658752441406 0.17499923706054688
      vertex -16.75187873840332 -23.056983947753906 -0.17499923706054688
      vertex -17.935630798339844 -22.148658752441406 -0.17499923706054688
    endloop
  endfacet
  facet normal -0.9914447556010264 0.1305269956415957 0
    outer loop
      vertex 28.14911651611328 -4.458381652832031 -0.17499923706054688
      vertex 28.343873977661133 -2.9790611267089844 0.17499923706054688
      vertex 28.343873977661133 -2.9790611267089844 -0.17499923706054688
    endloop
  endfacet
  facet normal -0.9914447556010264 0.1305269956415957 0
    outer loop
      vertex 28.343873977661133 -2.9790611267089844 0.17499923706054688
      vertex 28.14911651611328 -4.458381652832031 -0.17499923706054688
      vertex 28.14911651611328 -4.458381652832031 0.17499923706054688
    endloop
  endfacet
  facet normal -0.8788178396446766 -0.47715742132158384 0
    outer loop
      vertex 25.39368438720703 12.938728332519531 -0.17499923706054688
      vertex 24.681724548339844 14.25 0.17499923706054688
      vertex 24.681724548339844 14.25 -0.17499923706054688
    endloop
  endfacet
  facet normal -0.8788178396446766 -0.47715742132158384 0
    outer loop
      vertex 24.681724548339844 14.25 0.17499923706054688
      vertex 25.39368438720703 12.938728332519531 -0.17499923706054688
      vertex 25.39368438720703 12.938728332519531 0.17499923706054688
    endloop
  endfacet
  facet normal 0.9914447556010264 0.1305269956415957 0
    outer loop
      vertex -28.14911651611328 -4.458381652832031 0.17499923706054688
      vertex -28.343873977661133 -2.9790611267089844 -0.17499923706054688
      vertex -28.343873977661133 -2.9790611267089844 0.17499923706054688
    endloop
  endfacet
  facet normal 0.9914447556010264 0.1305269956415957 0
    outer loop
      vertex -28.343873977661133 -2.9790611267089844 -0.17499923706054688
      vertex -28.14911651611328 -4.458381652832031 0.17499923706054688
      vertex -28.14911651611328 -4.458381652832031 -0.17499923706054688
    endloop
  endfacet
  facet normal 0.8788178396446766 0.47715742132158384 0
    outer loop
      vertex -24.681724548339844 -14.25 0.17499923706054688
      vertex -25.39368438720703 -12.938728332519531 -0.17499923706054688
      vertex -25.39368438720703 -12.938728332519531 0.17499923706054688
    endloop
  endfacet
  facet normal 0.8788178396446766 0.47715742132158384 0
    outer loop
      vertex -25.39368438720703 -12.938728332519531 -0.17499923706054688
      vertex -24.681724548339844 -14.25 0.17499923706054688
      vertex -24.681724548339844 -14.25 -0.17499923706054688
    endloop
  endfacet
  facet normal 0.7933532455662544 -0.6087615524566993 0
    outer loop
      vertex -23.056983947753906 16.75187873840332 0.17499923706054688
      vertex -22.148658752441406 17.935630798339844 -0.17499923706054688
      vertex -22.148658752441406 17.935630798339844 0.17499923706054688
    endloop
  endfacet
  facet normal 0.7933532455662544 -0.6087615524566993 0
    outer loop
      vertex -22.148658752441406 17.935630798339844 -0.17499923706054688
      vertex -23.056983947753906 16.75187873840332 0.17499923706054688
      vertex -23.056983947753906 16.75187873840332 -0.17499923706054688
    endloop
  endfacet
  facet normal 0.07845881857627755 0.9969173555453906 0
    outer loop
      vertex -1.4915742874145508 -28.460941314697266 -0.17499923706054688
      vertex -2.9790611267089844 -28.343873977661133 0.17499923706054688
      vertex -1.4915742874145508 -28.460941314697266 0.17499923706054688
    endloop
  endfacet
  facet normal 0.07845881857627755 0.9969173555453906 0
    outer loop
      vertex -2.9790611267089844 -28.343873977661133 0.17499923706054688
      vertex -1.4915742874145508 -28.460941314697266 -0.17499923706054688
      vertex -2.9790611267089844 -28.343873977661133 -0.17499923706054688
    endloop
  endfacet
  facet normal 0.3826825091710795 0.923879914910226 0
    outer loop
      vertex -10.213485717773438 -26.607040405273438 -0.17499923706054688
      vertex -11.591994285583496 -26.03604507446289 0.17499923706054688
      vertex -10.213485717773438 -26.607040405273438 0.17499923706054688
    endloop
  endfacet
  facet normal 0.3826825091710795 0.923879914910226 0
    outer loop
      vertex -11.591994285583496 -26.03604507446289 0.17499923706054688
      vertex -10.213485717773438 -26.607040405273438 -0.17499923706054688
      vertex -11.591994285583496 -26.03604507446289 -0.17499923706054688
    endloop
  endfacet
  facet normal -0.28401503475863976 -0.9588198266781142 0
    outer loop
      vertex 7.3763427734375 27.528884887695312 -0.17499923706054688
      vertex 8.806983947753906 27.10511016845703 0.17499923706054688
      vertex 7.3763427734375 27.528884887695312 0.17499923706054688
    endloop
  endfacet
  facet normal -0.28401503475863976 -0.9588198266781142 0
    outer loop
      vertex 8.806983947753906 27.10511016845703 0.17499923706054688
      vertex 7.3763427734375 27.528884887695312 -0.17499923706054688
      vertex 8.806983947753906 27.10511016845703 -0.17499923706054688
    endloop
  endfacet
  facet normal 0.9025848942842722 -0.43051191459685423 0
    outer loop
      vertex -26.03604507446289 11.591994285583496 0.17499923706054688
      vertex -25.39368438720703 12.938728332519531 -0.17499923706054688
      vertex -25.39368438720703 12.938728332519531 0.17499923706054688
    endloop
  endfacet
  facet normal 0.9025848942842722 -0.43051191459685423 0
    outer loop
      vertex -25.39368438720703 12.938728332519531 -0.17499923706054688
      vertex -26.03604507446289 11.591994285583496 0.17499923706054688
      vertex -26.03604507446289 11.591994285583496 -0.17499923706054688
    endloop
  endfacet
  facet normal 0.33380767160120706 0.9426412034173877 0
    outer loop
      vertex -8.806983947753906 -27.10511016845703 -0.17499923706054688
      vertex -10.213485717773438 -26.607040405273438 0.17499923706054688
      vertex -8.806983947753906 -27.10511016845703 0.17499923706054688
    endloop
  endfacet
  facet normal 0.33380767160120706 0.9426412034173877 0
    outer loop
      vertex -10.213485717773438 -26.607040405273438 0.17499923706054688
      vertex -8.806983947753906 -27.10511016845703 -0.17499923706054688
      vertex -10.213485717773438 -26.607040405273438 -0.17499923706054688
    endloop
  endfacet
  facet normal -0.8241260038648933 0.56640650574802 0
    outer loop
      vertex 23.056983947753906 -16.75187873840332 -0.17499923706054688
      vertex 23.902111053466797 -15.522212028503418 0.17499923706054688
      vertex 23.902111053466797 -15.522212028503418 -0.17499923706054688
    endloop
  endfacet
  facet normal -0.8241260038648933 0.56640650574802 0
    outer loop
      vertex 23.902111053466797 -15.522212028503418 0.17499923706054688
      vertex 23.056983947753906 -16.75187873840332 -0.17499923706054688
      vertex 23.056983947753906 -16.75187873840332 0.17499923706054688
    endloop
  endfacet
  facet normal -0.43051191459685423 0.9025848942842722 0
    outer loop
      vertex 12.938728332519531 -25.39368438720703 -0.17499923706054688
      vertex 11.591994285583496 -26.03604507446289 0.17499923706054688
      vertex 12.938728332519531 -25.39368438720703 0.17499923706054688
    endloop
  endfacet
  facet normal -0.43051191459685423 0.9025848942842722 0
    outer loop
      vertex 11.591994285583496 -26.03604507446289 0.17499923706054688
      vertex 12.938728332519531 -25.39368438720703 -0.17499923706054688
      vertex 11.591994285583496 -26.03604507446289 -0.17499923706054688
    endloop
  endfacet
  facet normal -0.9996573172939717 -0.026177241654145738 0
    outer loop
      vertex 28.5 0 -0.17499923706054688
      vertex 28.460941314697266 1.4915742874145508 0.17499923706054688
      vertex 28.460941314697266 1.4915742874145508 -0.17499923706054688
    endloop
  endfacet
  facet normal -0.9996573172939717 -0.026177241654145738 0
    outer loop
      vertex 28.460941314697266 1.4915742874145508 0.17499923706054688
      vertex 28.5 0 -0.17499923706054688
      vertex 28.5 0 0.17499923706054688
    endloop
  endfacet
  facet normal 0.47715742132158384 -0.8788178396446766 0
    outer loop
      vertex -14.25 24.681724548339844 -0.17499923706054688
      vertex -12.938728332519531 25.39368438720703 0.17499923706054688
      vertex -14.25 24.681724548339844 0.17499923706054688
    endloop
  endfacet
  facet normal 0.47715742132158384 -0.8788178396446766 0
    outer loop
      vertex -12.938728332519531 25.39368438720703 0.17499923706054688
      vertex -14.25 24.681724548339844 -0.17499923706054688
      vertex -12.938728332519531 25.39368438720703 -0.17499923706054688
    endloop
  endfacet
  facet normal 0.9025848942842722 0.43051191459685423 0
    outer loop
      vertex -25.39368438720703 -12.938728332519531 0.17499923706054688
      vertex -26.03604507446289 -11.591994285583496 -0.17499923706054688
      vertex -26.03604507446289 -11.591994285583496 0.17499923706054688
    endloop
  endfacet
  facet normal 0.9025848942842722 0.43051191459685423 0
    outer loop
      vertex -26.03604507446289 -11.591994285583496 -0.17499923706054688
      vertex -25.39368438720703 -12.938728332519531 0.17499923706054688
      vertex -25.39368438720703 -12.938728332519531 -0.17499923706054688
    endloop
  endfacet
  facet normal -0.9588198266781142 -0.28401503475863976 0
    outer loop
      vertex 27.528884887695312 7.3763427734375 -0.17499923706054688
      vertex 27.10511016845703 8.806983947753906 0.17499923706054688
      vertex 27.10511016845703 8.806983947753906 -0.17499923706054688
    endloop
  endfacet
  facet normal -0.9588198266781142 -0.28401503475863976 0
    outer loop
      vertex 27.10511016845703 8.806983947753906 0.17499923706054688
      vertex 27.528884887695312 7.3763427734375 -0.17499923706054688
      vertex 27.528884887695312 7.3763427734375 0.17499923706054688
    endloop
  endfacet
  facet normal 0.026177241654145738 -0.9996573172939717 0
    outer loop
      vertex -1.4915742874145508 28.460941314697266 -0.17499923706054688
      vertex 0 28.5 0.17499923706054688
      vertex -1.4915742874145508 28.460941314697266 0.17499923706054688
    endloop
  endfacet
  facet normal 0.026177241654145738 -0.9996573172939717 0
    outer loop
      vertex 0 28.5 0.17499923706054688
      vertex -1.4915742874145508 28.460941314697266 -0.17499923706054688
      vertex 0 28.5 -0.17499923706054688
    endloop
  endfacet
  facet normal -0.522499033008813 -0.8526398773836792 0
    outer loop
      vertex 14.25 24.681724548339844 -0.17499923706054688
      vertex 15.522212028503418 23.902111053466797 0.17499923706054688
      vertex 14.25 24.681724548339844 0.17499923706054688
    endloop
  endfacet
  facet normal -0.522499033008813 -0.8526398773836792 0
    outer loop
      vertex 15.522212028503418 23.902111053466797 0.17499923706054688
      vertex 14.25 24.681724548339844 -0.17499923706054688
      vertex 15.522212028503418 23.902111053466797 -0.17499923706054688
    endloop
  endfacet
  facet normal -0.9025848942842722 0.43051191459685423 0
    outer loop
      vertex 25.39368438720703 -12.938728332519531 -0.17499923706054688
      vertex 26.03604507446289 -11.591994285583496 0.17499923706054688
      vertex 26.03604507446289 -11.591994285583496 -0.17499923706054688
    endloop
  endfacet
  facet normal -0.9025848942842722 0.43051191459685423 0
    outer loop
      vertex 26.03604507446289 -11.591994285583496 0.17499923706054688
      vertex 25.39368438720703 -12.938728332519531 -0.17499923706054688
      vertex 25.39368438720703 -12.938728332519531 0.17499923706054688
    endloop
  endfacet
  facet normal -0.8526398773836792 -0.522499033008813 0
    outer loop
      vertex 24.681724548339844 14.25 -0.17499923706054688
      vertex 23.902111053466797 15.522212028503418 0.17499923706054688
      vertex 23.902111053466797 15.522212028503418 -0.17499923706054688
    endloop
  endfacet
  facet normal -0.8526398773836792 -0.522499033008813 0
    outer loop
      vertex 23.902111053466797 15.522212028503418 0.17499923706054688
      vertex 24.681724548339844 14.25 -0.17499923706054688
      vertex 24.681724548339844 14.25 0.17499923706054688
    endloop
  endfacet
  facet normal -0.8526398773836792 0.522499033008813 0
    outer loop
      vertex 23.902111053466797 -15.522212028503418 -0.17499923706054688
      vertex 24.681724548339844 -14.25 0.17499923706054688
      vertex 24.681724548339844 -14.25 -0.17499923706054688
    endloop
  endfacet
  facet normal -0.8526398773836792 0.522499033008813 0
    outer loop
      vertex 24.681724548339844 -14.25 0.17499923706054688
      vertex 23.902111053466797 -15.522212028503418 -0.17499923706054688
      vertex 23.902111053466797 -15.522212028503418 0.17499923706054688
    endloop
  endfacet
  facet normal -0.9588198266781142 0.28401503475863976 0
    outer loop
      vertex 27.10511016845703 -8.806983947753906 -0.17499923706054688
      vertex 27.528884887695312 -7.3763427734375 0.17499923706054688
      vertex 27.528884887695312 -7.3763427734375 -0.17499923706054688
    endloop
  endfacet
  facet normal -0.9588198266781142 0.28401503475863976 0
    outer loop
      vertex 27.528884887695312 -7.3763427734375 0.17499923706054688
      vertex 27.10511016845703 -8.806983947753906 -0.17499923706054688
      vertex 27.10511016845703 -8.806983947753906 0.17499923706054688
    endloop
  endfacet
  facet normal -0.23344494137202232 -0.9723700218269858 0
    outer loop
      vertex 5.925482749938965 27.87720489501953 -0.17499923706054688
      vertex 7.3763427734375 27.528884887695312 0.17499923706054688
      vertex 5.925482749938965 27.87720489501953 0.17499923706054688
    endloop
  endfacet
  facet normal -0.23344494137202232 -0.9723700218269858 0
    outer loop
      vertex 7.3763427734375 27.528884887695312 0.17499923706054688
      vertex 5.925482749938965 27.87720489501953 -0.17499923706054688
      vertex 7.3763427734375 27.528884887695312 -0.17499923706054688
    endloop
  endfacet
  facet normal 0.9426412034173877 0.33380767160120706 0
    outer loop
      vertex -26.607040405273438 -10.213485717773438 0.17499923706054688
      vertex -27.10511016845703 -8.806983947753906 -0.17499923706054688
      vertex -27.10511016845703 -8.806983947753906 0.17499923706054688
    endloop
  endfacet
  facet normal 0.9426412034173877 0.33380767160120706 0
    outer loop
      vertex -27.10511016845703 -8.806983947753906 -0.17499923706054688
      vertex -26.607040405273438 -10.213485717773438 0.17499923706054688
      vertex -26.607040405273438 -10.213485717773438 -0.17499923706054688
    endloop
  endfacet
  facet normal -0.1305269956415957 -0.9914447556010264 0
    outer loop
      vertex 2.9790611267089844 28.343873977661133 -0.17499923706054688
      vertex 4.458381652832031 28.14911651611328 0.17499923706054688
      vertex 2.9790611267089844 28.343873977661133 0.17499923706054688
    endloop
  endfacet
  facet normal -0.1305269956415957 -0.9914447556010264 0
    outer loop
      vertex 4.458381652832031 28.14911651611328 0.17499923706054688
      vertex 2.9790611267089844 28.343873977661133 -0.17499923706054688
      vertex 4.458381652832031 28.14911651611328 -0.17499923706054688
    endloop
  endfacet
  facet normal 0.9588198266781142 0.28401503475863976 0
    outer loop
      vertex -27.10511016845703 -8.806983947753906 0.17499923706054688
      vertex -27.528884887695312 -7.3763427734375 -0.17499923706054688
      vertex -27.528884887695312 -7.3763427734375 0.17499923706054688
    endloop
  endfacet
  facet normal 0.9588198266781142 0.28401503475863976 0
    outer loop
      vertex -27.528884887695312 -7.3763427734375 -0.17499923706054688
      vertex -27.10511016845703 -8.806983947753906 0.17499923706054688
      vertex -27.10511016845703 -8.806983947753906 -0.17499923706054688
    endloop
  endfacet
  facet normal 0.9588198266781142 -0.28401503475863976 0
    outer loop
      vertex -27.528884887695312 7.3763427734375 0.17499923706054688
      vertex -27.10511016845703 8.806983947753906 -0.17499923706054688
      vertex -27.10511016845703 8.806983947753906 0.17499923706054688
    endloop
  endfacet
  facet normal 0.9588198266781142 -0.28401503475863976 0
    outer loop
      vertex -27.10511016845703 8.806983947753906 -0.17499923706054688
      vertex -27.528884887695312 7.3763427734375 0.17499923706054688
      vertex -27.528884887695312 7.3763427734375 -0.17499923706054688
    endloop
  endfacet
  facet normal 0.9832548469261292 0.1822358526642719 0
    outer loop
      vertex -27.87720489501953 -5.925482749938965 0.17499923706054688
      vertex -28.14911651611328 -4.458381652832031 -0.17499923706054688
      vertex -28.14911651611328 -4.458381652832031 0.17499923706054688
    endloop
  endfacet
  facet normal 0.9832548469261292 0.1822358526642719 0
    outer loop
      vertex -28.14911651611328 -4.458381652832031 -0.17499923706054688
      vertex -27.87720489501953 -5.925482749938965 0.17499923706054688
      vertex -27.87720489501953 -5.925482749938965 -0.17499923706054688
    endloop
  endfacet
  facet normal -0.7604057155533434 -0.6494483410971253 0
    outer loop
      vertex 22.148658752441406 17.935630798339844 -0.17499923706054688
      vertex 21.17962646484375 19.070220947265625 0.17499923706054688
      vertex 21.17962646484375 19.070220947265625 -0.17499923706054688
    endloop
  endfacet
  facet normal -0.7604057155533434 -0.6494483410971253 0
    outer loop
      vertex 21.17962646484375 19.070220947265625 0.17499923706054688
      vertex 22.148658752441406 17.935630798339844 -0.17499923706054688
      vertex 22.148658752441406 17.935630798339844 0.17499923706054688
    endloop
  endfacet
  facet normal -0.9996573172939717 0.026177241654145738 0
    outer loop
      vertex 28.460941314697266 -1.4915742874145508 -0.17499923706054688
      vertex 28.5 0 0.17499923706054688
      vertex 28.5 0 -0.17499923706054688
    endloop
  endfacet
  facet normal -0.9996573172939717 0.026177241654145738 0
    outer loop
      vertex 28.5 0 0.17499923706054688
      vertex 28.460941314697266 -1.4915742874145508 -0.17499923706054688
      vertex 28.460941314697266 -1.4915742874145508 0.17499923706054688
    endloop
  endfacet
  facet normal 0.522499033008813 -0.8526398773836792 0
    outer loop
      vertex -15.522212028503418 23.902111053466797 -0.17499923706054688
      vertex -14.25 24.681724548339844 0.17499923706054688
      vertex -15.522212028503418 23.902111053466797 0.17499923706054688
    endloop
  endfacet
  facet normal 0.522499033008813 -0.8526398773836792 0
    outer loop
      vertex -14.25 24.681724548339844 0.17499923706054688
      vertex -15.522212028503418 23.902111053466797 -0.17499923706054688
      vertex -14.25 24.681724548339844 -0.17499923706054688
    endloop
  endfacet
  facet normal 0.9996573172939717 -0.026177241654145738 0
    outer loop
      vertex -28.5 0 0.17499923706054688
      vertex -28.460941314697266 1.4915742874145508 -0.17499923706054688
      vertex -28.460941314697266 1.4915742874145508 0.17499923706054688
    endloop
  endfacet
  facet normal 0.9996573172939717 -0.026177241654145738 0
    outer loop
      vertex -28.460941314697266 1.4915742874145508 -0.17499923706054688
      vertex -28.5 0 0.17499923706054688
      vertex -28.5 0 -0.17499923706054688
    endloop
  endfacet
  facet normal -0.9969173555453906 -0.07845881857627755 0
    outer loop
      vertex 28.460941314697266 1.4915742874145508 -0.17499923706054688
      vertex 28.343873977661133 2.9790611267089844 0.17499923706054688
      vertex 28.343873977661133 2.9790611267089844 -0.17499923706054688
    endloop
  endfacet
  facet normal -0.9969173555453906 -0.07845881857627755 0
    outer loop
      vertex 28.343873977661133 2.9790611267089844 0.17499923706054688
      vertex 28.460941314697266 1.4915742874145508 -0.17499923706054688
      vertex 28.460941314697266 1.4915742874145508 0.17499923706054688
    endloop
  endfacet
  facet normal -0.522499033008813 0.8526398773836792 0
    outer loop
      vertex 15.522212028503418 -23.902111053466797 -0.17499923706054688
      vertex 14.25 -24.681724548339844 0.17499923706054688
      vertex 15.522212028503418 -23.902111053466797 0.17499923706054688
    endloop
  endfacet
  facet normal -0.522499033008813 0.8526398773836792 0
    outer loop
      vertex 14.25 -24.681724548339844 0.17499923706054688
      vertex 15.522212028503418 -23.902111053466797 -0.17499923706054688
      vertex 14.25 -24.681724548339844 -0.17499923706054688
    endloop
  endfacet
  facet normal 0.9996573172939717 0.026177241654145738 0
    outer loop
      vertex -28.460941314697266 -1.4915742874145508 0.17499923706054688
      vertex -28.5 0 -0.17499923706054688
      vertex -28.5 0 0.17499923706054688
    endloop
  endfacet
  facet normal 0.9996573172939717 0.026177241654145738 0
    outer loop
      vertex -28.5 0 -0.17499923706054688
      vertex -28.460941314697266 -1.4915742874145508 0.17499923706054688
      vertex -28.460941314697266 -1.4915742874145508 -0.17499923706054688
    endloop
  endfacet
  facet normal -0.3826825091710795 -0.923879914910226 0
    outer loop
      vertex 10.213485717773438 26.607040405273438 -0.17499923706054688
      vertex 11.591994285583496 26.03604507446289 0.17499923706054688
      vertex 10.213485717773438 26.607040405273438 0.17499923706054688
    endloop
  endfacet
  facet normal -0.3826825091710795 -0.923879914910226 0
    outer loop
      vertex 11.591994285583496 26.03604507446289 0.17499923706054688
      vertex 10.213485717773438 26.607040405273438 -0.17499923706054688
      vertex 11.591994285583496 26.03604507446289 -0.17499923706054688
    endloop
  endfacet
  facet normal 0.33380767160120706 -0.9426412034173877 0
    outer loop
      vertex -10.213485717773438 26.607040405273438 -0.17499923706054688
      vertex -8.806983947753906 27.10511016845703 0.17499923706054688
      vertex -10.213485717773438 26.607040405273438 0.17499923706054688
    endloop
  endfacet
  facet normal 0.33380767160120706 -0.9426412034173877 0
    outer loop
      vertex -8.806983947753906 27.10511016845703 0.17499923706054688
      vertex -10.213485717773438 26.607040405273438 -0.17499923706054688
      vertex -8.806983947753906 27.10511016845703 -0.17499923706054688
    endloop
  endfacet
  facet normal -0.6883545451216534 0.7253744000241267 0
    outer loop
      vertex 20.152542114257812 -20.152542114257812 -0.17499923706054688
      vertex 19.070220947265625 -21.17962646484375 0.17499923706054688
      vertex 20.152542114257812 -20.152542114257812 0.17499923706054688
    endloop
  endfacet
  facet normal -0.6883545451216534 0.7253744000241267 0
    outer loop
      vertex 19.070220947265625 -21.17962646484375 0.17499923706054688
      vertex 20.152542114257812 -20.152542114257812 -0.17499923706054688
      vertex 19.070220947265625 -21.17962646484375 -0.17499923706054688
    endloop
  endfacet
  facet normal 0.7604057155533434 0.6494483410971253 0
    outer loop
      vertex -21.17962646484375 -19.070220947265625 0.17499923706054688
      vertex -22.148658752441406 -17.935630798339844 -0.17499923706054688
      vertex -22.148658752441406 -17.935630798339844 0.17499923706054688
    endloop
  endfacet
  facet normal 0.7604057155533434 0.6494483410971253 0
    outer loop
      vertex -22.148658752441406 -17.935630798339844 -0.17499923706054688
      vertex -21.17962646484375 -19.070220947265625 0.17499923706054688
      vertex -21.17962646484375 -19.070220947265625 -0.17499923706054688
    endloop
  endfacet
  facet normal -0.7604057155533434 0.6494483410971253 0
    outer loop
      vertex 21.17962646484375 -19.070220947265625 -0.17499923706054688
      vertex 22.148658752441406 -17.935630798339844 0.17499923706054688
      vertex 22.148658752441406 -17.935630798339844 -0.17499923706054688
    endloop
  endfacet
  facet normal -0.7604057155533434 0.6494483410971253 0
    outer loop
      vertex 22.148658752441406 -17.935630798339844 0.17499923706054688
      vertex 21.17962646484375 -19.070220947265625 -0.17499923706054688
      vertex 21.17962646484375 -19.070220947265625 0.17499923706054688
    endloop
  endfacet
  facet normal 0.6087615524566993 -0.7933532455662544 0
    outer loop
      vertex -17.935630798339844 22.148658752441406 -0.17499923706054688
      vertex -16.75187873840332 23.056983947753906 0.17499923706054688
      vertex -17.935630798339844 22.148658752441406 0.17499923706054688
    endloop
  endfacet
  facet normal 0.6087615524566993 -0.7933532455662544 0
    outer loop
      vertex -16.75187873840332 23.056983947753906 0.17499923706054688
      vertex -17.935630798339844 22.148658752441406 -0.17499923706054688
      vertex -16.75187873840332 23.056983947753906 -0.17499923706054688
    endloop
  endfacet
  facet normal -0.7933532455662544 0.6087615524566993 0
    outer loop
      vertex 22.148658752441406 -17.935630798339844 -0.17499923706054688
      vertex 23.056983947753906 -16.75187873840332 0.17499923706054688
      vertex 23.056983947753906 -16.75187873840332 -0.17499923706054688
    endloop
  endfacet
  facet normal -0.7933532455662544 0.6087615524566993 0
    outer loop
      vertex 23.056983947753906 -16.75187873840332 0.17499923706054688
      vertex 22.148658752441406 -17.935630798339844 -0.17499923706054688
      vertex 22.148658752441406 -17.935630798339844 0.17499923706054688
    endloop
  endfacet
  facet normal 0.28401503475863976 -0.9588198266781142 0
    outer loop
      vertex -8.806983947753906 27.10511016845703 -0.17499923706054688
      vertex -7.3763427734375 27.528884887695312 0.17499923706054688
      vertex -8.806983947753906 27.10511016845703 0.17499923706054688
    endloop
  endfacet
  facet normal 0.28401503475863976 -0.9588198266781142 0
    outer loop
      vertex -7.3763427734375 27.528884887695312 0.17499923706054688
      vertex -8.806983947753906 27.10511016845703 -0.17499923706054688
      vertex -7.3763427734375 27.528884887695312 -0.17499923706054688
    endloop
  endfacet
  facet normal -0.1305269956415957 0.9914447556010264 0
    outer loop
      vertex 4.458381652832031 -28.14911651611328 -0.17499923706054688
      vertex 2.9790611267089844 -28.343873977661133 0.17499923706054688
      vertex 4.458381652832031 -28.14911651611328 0.17499923706054688
    endloop
  endfacet
  facet normal -0.1305269956415957 0.9914447556010264 0
    outer loop
      vertex 2.9790611267089844 -28.343873977661133 0.17499923706054688
      vertex 4.458381652832031 -28.14911651611328 -0.17499923706054688
      vertex 2.9790611267089844 -28.343873977661133 -0.17499923706054688
    endloop
  endfacet
  facet normal -0.33380767160120706 -0.9426412034173877 0
    outer loop
      vertex 8.806983947753906 27.10511016845703 -0.17499923706054688
      vertex 10.213485717773438 26.607040405273438 0.17499923706054688
      vertex 8.806983947753906 27.10511016845703 0.17499923706054688
    endloop
  endfacet
  facet normal -0.33380767160120706 -0.9426412034173877 0
    outer loop
      vertex 10.213485717773438 26.607040405273438 0.17499923706054688
      vertex 8.806983947753906 27.10511016845703 -0.17499923706054688
      vertex 10.213485717773438 26.607040405273438 -0.17499923706054688
    endloop
  endfacet
  facet normal -0.8788178396446766 0.47715742132158384 0
    outer loop
      vertex 24.681724548339844 -14.25 -0.17499923706054688
      vertex 25.39368438720703 -12.938728332519531 0.17499923706054688
      vertex 25.39368438720703 -12.938728332519531 -0.17499923706054688
    endloop
  endfacet
  facet normal -0.8788178396446766 0.47715742132158384 0
    outer loop
      vertex 25.39368438720703 -12.938728332519531 0.17499923706054688
      vertex 24.681724548339844 -14.25 -0.17499923706054688
      vertex 24.681724548339844 -14.25 0.17499923706054688
    endloop
  endfacet
  facet normal -0.7253744000241267 -0.6883545451216534 0
    outer loop
      vertex 21.17962646484375 19.070220947265625 -0.17499923706054688
      vertex 20.152542114257812 20.152542114257812 0.17499923706054688
      vertex 20.152542114257812 20.152542114257812 -0.17499923706054688
    endloop
  endfacet
  facet normal -0.7253744000241267 -0.6883545451216534 0
    outer loop
      vertex 20.152542114257812 20.152542114257812 0.17499923706054688
      vertex 21.17962646484375 19.070220947265625 -0.17499923706054688
      vertex 21.17962646484375 19.070220947265625 0.17499923706054688
    endloop
  endfacet
  facet normal 0.026177241654145738 0.9996573172939717 0
    outer loop
      vertex 0 -28.5 -0.17499923706054688
      vertex -1.4915742874145508 -28.460941314697266 0.17499923706054688
      vertex 0 -28.5 0.17499923706054688
    endloop
  endfacet
  facet normal 0.026177241654145738 0.9996573172939717 0
    outer loop
      vertex -1.4915742874145508 -28.460941314697266 0.17499923706054688
      vertex 0 -28.5 -0.17499923706054688
      vertex -1.4915742874145508 -28.460941314697266 -0.17499923706054688
    endloop
  endfacet
  facet normal -0.7933532455662544 -0.6087615524566993 0
    outer loop
      vertex 23.056983947753906 16.75187873840332 -0.17499923706054688
      vertex 22.148658752441406 17.935630798339844 0.17499923706054688
      vertex 22.148658752441406 17.935630798339844 -0.17499923706054688
    endloop
  endfacet
  facet normal -0.7933532455662544 -0.6087615524566993 0
    outer loop
      vertex 22.148658752441406 17.935630798339844 0.17499923706054688
      vertex 23.056983947753906 16.75187873840332 -0.17499923706054688
      vertex 23.056983947753906 16.75187873840332 0.17499923706054688
    endloop
  endfacet
  facet normal -0.6494483410971253 -0.7604057155533434 0
    outer loop
      vertex 17.935630798339844 22.148658752441406 -0.17499923706054688
      vertex 19.070220947265625 21.17962646484375 0.17499923706054688
      vertex 17.935630798339844 22.148658752441406 0.17499923706054688
    endloop
  endfacet
  facet normal -0.6494483410971253 -0.7604057155533434 0
    outer loop
      vertex 19.070220947265625 21.17962646484375 0.17499923706054688
      vertex 17.935630798339844 22.148658752441406 -0.17499923706054688
      vertex 19.070220947265625 21.17962646484375 -0.17499923706054688
    endloop
  endfacet
  facet normal -0.9723700218269858 0.23344494137202232 0
    outer loop
      vertex 27.528884887695312 -7.3763427734375 -0.17499923706054688
      vertex 27.87720489501953 -5.925482749938965 0.17499923706054688
      vertex 27.87720489501953 -5.925482749938965 -0.17499923706054688
    endloop
  endfacet
  facet normal -0.9723700218269858 0.23344494137202232 0
    outer loop
      vertex 27.87720489501953 -5.925482749938965 0.17499923706054688
      vertex 27.528884887695312 -7.3763427734375 -0.17499923706054688
      vertex 27.528884887695312 -7.3763427734375 0.17499923706054688
    endloop
  endfacet
  facet normal 0.6883545451216534 0.7253744000241267 0
    outer loop
      vertex -19.070220947265625 -21.17962646484375 -0.17499923706054688
      vertex -20.152542114257812 -20.152542114257812 0.17499923706054688
      vertex -19.070220947265625 -21.17962646484375 0.17499923706054688
    endloop
  endfacet
  facet normal 0.6883545451216534 0.7253744000241267 0
    outer loop
      vertex -20.152542114257812 -20.152542114257812 0.17499923706054688
      vertex -19.070220947265625 -21.17962646484375 -0.17499923706054688
      vertex -20.152542114257812 -20.152542114257812 -0.17499923706054688
    endloop
  endfacet
  facet normal 0.8788178396446766 -0.47715742132158384 0
    outer loop
      vertex -25.39368438720703 12.938728332519531 0.17499923706054688
      vertex -24.681724548339844 14.25 -0.17499923706054688
      vertex -24.681724548339844 14.25 0.17499923706054688
    endloop
  endfacet
  facet normal 0.8788178396446766 -0.47715742132158384 0
    outer loop
      vertex -24.681724548339844 14.25 -0.17499923706054688
      vertex -25.39368438720703 12.938728332519531 0.17499923706054688
      vertex -25.39368438720703 12.938728332519531 -0.17499923706054688
    endloop
  endfacet
  facet normal 0.9914447556010264 -0.1305269956415957 0
    outer loop
      vertex -28.343873977661133 2.9790611267089844 0.17499923706054688
      vertex -28.14911651611328 4.458381652832031 -0.17499923706054688
      vertex -28.14911651611328 4.458381652832031 0.17499923706054688
    endloop
  endfacet
  facet normal 0.9914447556010264 -0.1305269956415957 0
    outer loop
      vertex -28.14911651611328 4.458381652832031 -0.17499923706054688
      vertex -28.343873977661133 2.9790611267089844 0.17499923706054688
      vertex -28.343873977661133 2.9790611267089844 -0.17499923706054688
    endloop
  endfacet
  facet normal -0.6087615524566993 0.7933532455662544 0
    outer loop
      vertex 17.935630798339844 -22.148658752441406 -0.17499923706054688
      vertex 16.75187873840332 -23.056983947753906 0.17499923706054688
      vertex 17.935630798339844 -22.148658752441406 0.17499923706054688
    endloop
  endfacet
  facet normal -0.6087615524566993 0.7933532455662544 0
    outer loop
      vertex 16.75187873840332 -23.056983947753906 0.17499923706054688
      vertex 17.935630798339844 -22.148658752441406 -0.17499923706054688
      vertex 16.75187873840332 -23.056983947753906 -0.17499923706054688
    endloop
  endfacet
  facet normal 0.8526398773836792 -0.522499033008813 0
    outer loop
      vertex -24.681724548339844 14.25 0.17499923706054688
      vertex -23.902111053466797 15.522212028503418 -0.17499923706054688
      vertex -23.902111053466797 15.522212028503418 0.17499923706054688
    endloop
  endfacet
  facet normal 0.8526398773836792 -0.522499033008813 0
    outer loop
      vertex -23.902111053466797 15.522212028503418 -0.17499923706054688
      vertex -24.681724548339844 14.25 0.17499923706054688
      vertex -24.681724548339844 14.25 -0.17499923706054688
    endloop
  endfacet
  facet normal 0.8241260038648933 -0.56640650574802 0
    outer loop
      vertex -23.902111053466797 15.522212028503418 0.17499923706054688
      vertex -23.056983947753906 16.75187873840332 -0.17499923706054688
      vertex -23.056983947753906 16.75187873840332 0.17499923706054688
    endloop
  endfacet
  facet normal 0.8241260038648933 -0.56640650574802 0
    outer loop
      vertex -23.056983947753906 16.75187873840332 -0.17499923706054688
      vertex -23.902111053466797 15.522212028503418 0.17499923706054688
      vertex -23.902111053466797 15.522212028503418 -0.17499923706054688
    endloop
  endfacet
  facet normal 0.923879914910226 -0.3826825091710795 0
    outer loop
      vertex -26.607040405273438 10.213485717773438 0.17499923706054688
      vertex -26.03604507446289 11.591994285583496 -0.17499923706054688
      vertex -26.03604507446289 11.591994285583496 0.17499923706054688
    endloop
  endfacet
  facet normal 0.923879914910226 -0.3826825091710795 0
    outer loop
      vertex -26.03604507446289 11.591994285583496 -0.17499923706054688
      vertex -26.607040405273438 10.213485717773438 0.17499923706054688
      vertex -26.607040405273438 10.213485717773438 -0.17499923706054688
    endloop
  endfacet
  facet normal -0.23344494137202232 0.9723700218269858 0
    outer loop
      vertex 7.3763427734375 -27.528884887695312 -0.17499923706054688
      vertex 5.925482749938965 -27.87720489501953 0.17499923706054688
      vertex 7.3763427734375 -27.528884887695312 0.17499923706054688
    endloop
  endfacet
  facet normal -0.23344494137202232 0.9723700218269858 0
    outer loop
      vertex 5.925482749938965 -27.87720489501953 0.17499923706054688
      vertex 7.3763427734375 -27.528884887695312 -0.17499923706054688
      vertex 5.925482749938965 -27.87720489501953 -0.17499923706054688
    endloop
  endfacet
  facet normal 0.7604057155533434 -0.6494483410971253 0
    outer loop
      vertex -22.148658752441406 17.935630798339844 0.17499923706054688
      vertex -21.17962646484375 19.070220947265625 -0.17499923706054688
      vertex -21.17962646484375 19.070220947265625 0.17499923706054688
    endloop
  endfacet
  facet normal 0.7604057155533434 -0.6494483410971253 0
    outer loop
      vertex -21.17962646484375 19.070220947265625 -0.17499923706054688
      vertex -22.148658752441406 17.935630798339844 0.17499923706054688
      vertex -22.148658752441406 17.935630798339844 -0.17499923706054688
    endloop
  endfacet
  facet normal 0.9832548469261292 -0.1822358526642719 0
    outer loop
      vertex -28.14911651611328 4.458381652832031 0.17499923706054688
      vertex -27.87720489501953 5.925482749938965 -0.17499923706054688
      vertex -27.87720489501953 5.925482749938965 0.17499923706054688
    endloop
  endfacet
  facet normal 0.9832548469261292 -0.1822358526642719 0
    outer loop
      vertex -27.87720489501953 5.925482749938965 -0.17499923706054688
      vertex -28.14911651611328 4.458381652832031 0.17499923706054688
      vertex -28.14911651611328 4.458381652832031 -0.17499923706054688
    endloop
  endfacet
  facet normal -0.1822358526642719 0.9832548469261292 0
    outer loop
      vertex 5.925482749938965 -27.87720489501953 -0.17499923706054688
      vertex 4.458381652832031 -28.14911651611328 0.17499923706054688
      vertex 5.925482749938965 -27.87720489501953 0.17499923706054688
    endloop
  endfacet
  facet normal -0.1822358526642719 0.9832548469261292 0
    outer loop
      vertex 4.458381652832031 -28.14911651611328 0.17499923706054688
      vertex 5.925482749938965 -27.87720489501953 -0.17499923706054688
      vertex 4.458381652832031 -28.14911651611328 -0.17499923706054688
    endloop
  endfacet
  facet normal -0.3826825091710795 0.923879914910226 0
    outer loop
      vertex 11.591994285583496 -26.03604507446289 -0.17499923706054688
      vertex 10.213485717773438 -26.607040405273438 0.17499923706054688
      vertex 11.591994285583496 -26.03604507446289 0.17499923706054688
    endloop
  endfacet
  facet normal -0.3826825091710795 0.923879914910226 0
    outer loop
      vertex 10.213485717773438 -26.607040405273438 0.17499923706054688
      vertex 11.591994285583496 -26.03604507446289 -0.17499923706054688
      vertex 10.213485717773438 -26.607040405273438 -0.17499923706054688
    endloop
  endfacet
  facet normal -0.8241260038648933 -0.56640650574802 0
    outer loop
      vertex 23.902111053466797 15.522212028503418 -0.17499923706054688
      vertex 23.056983947753906 16.75187873840332 0.17499923706054688
      vertex 23.056983947753906 16.75187873840332 -0.17499923706054688
    endloop
  endfacet
  facet normal -0.8241260038648933 -0.56640650574802 0
    outer loop
      vertex 23.056983947753906 16.75187873840332 0.17499923706054688
      vertex 23.902111053466797 15.522212028503418 -0.17499923706054688
      vertex 23.902111053466797 15.522212028503418 0.17499923706054688
    endloop
  endfacet
  facet normal -0.9723700218269858 -0.23344494137202232 0
    outer loop
      vertex 27.87720489501953 5.925482749938965 -0.17499923706054688
      vertex 27.528884887695312 7.3763427734375 0.17499923706054688
      vertex 27.528884887695312 7.3763427734375 -0.17499923706054688
    endloop
  endfacet
  facet normal -0.9723700218269858 -0.23344494137202232 0
    outer loop
      vertex 27.528884887695312 7.3763427734375 0.17499923706054688
      vertex 27.87720489501953 5.925482749938965 -0.17499923706054688
      vertex 27.87720489501953 5.925482749938965 0.17499923706054688
    endloop
  endfacet
  facet normal -0.923879914910226 0.3826825091710795 0
    outer loop
      vertex 26.03604507446289 -11.591994285583496 -0.17499923706054688
      vertex 26.607040405273438 -10.213485717773438 0.17499923706054688
      vertex 26.607040405273438 -10.213485717773438 -0.17499923706054688
    endloop
  endfacet
  facet normal -0.923879914910226 0.3826825091710795 0
    outer loop
      vertex 26.607040405273438 -10.213485717773438 0.17499923706054688
      vertex 26.03604507446289 -11.591994285583496 -0.17499923706054688
      vertex 26.03604507446289 -11.591994285583496 0.17499923706054688
    endloop
  endfacet
  facet normal -0.1822358526642719 -0.9832548469261292 0
    outer loop
      vertex 4.458381652832031 28.14911651611328 -0.17499923706054688
      vertex 5.925482749938965 27.87720489501953 0.17499923706054688
      vertex 4.458381652832031 28.14911651611328 0.17499923706054688
    endloop
  endfacet
  facet normal -0.1822358526642719 -0.9832548469261292 0
    outer loop
      vertex 5.925482749938965 27.87720489501953 0.17499923706054688
      vertex 4.458381652832031 28.14911651611328 -0.17499923706054688
      vertex 5.925482749938965 27.87720489501953 -0.17499923706054688
    endloop
  endfacet
  facet normal -0.9914447556010264 -0.1305269956415957 0
    outer loop
      vertex 28.343873977661133 2.9790611267089844 -0.17499923706054688
      vertex 28.14911651611328 4.458381652832031 0.17499923706054688
      vertex 28.14911651611328 4.458381652832031 -0.17499923706054688
    endloop
  endfacet
  facet normal -0.9914447556010264 -0.1305269956415957 0
    outer loop
      vertex 28.14911651611328 4.458381652832031 0.17499923706054688
      vertex 28.343873977661133 2.9790611267089844 -0.17499923706054688
      vertex 28.343873977661133 2.9790611267089844 0.17499923706054688
    endloop
  endfacet
  facet normal 0.9723700218269858 -0.23344494137202232 0
    outer loop
      vertex -27.87720489501953 5.925482749938965 0.17499923706054688
      vertex -27.528884887695312 7.3763427734375 -0.17499923706054688
      vertex -27.528884887695312 7.3763427734375 0.17499923706054688
    endloop
  endfacet
  facet normal 0.9723700218269858 -0.23344494137202232 0
    outer loop
      vertex -27.528884887695312 7.3763427734375 -0.17499923706054688
      vertex -27.87720489501953 5.925482749938965 0.17499923706054688
      vertex -27.87720489501953 5.925482749938965 -0.17499923706054688
    endloop
  endfacet
  facet normal 0.9969173555453906 0.07845881857627755 0
    outer loop
      vertex -28.343873977661133 -2.9790611267089844 0.17499923706054688
      vertex -28.460941314697266 -1.4915742874145508 -0.17499923706054688
      vertex -28.460941314697266 -1.4915742874145508 0.17499923706054688
    endloop
  endfacet
  facet normal 0.9969173555453906 0.07845881857627755 0
    outer loop
      vertex -28.460941314697266 -1.4915742874145508 -0.17499923706054688
      vertex -28.343873977661133 -2.9790611267089844 0.17499923706054688
      vertex -28.343873977661133 -2.9790611267089844 -0.17499923706054688
    endloop
  endfacet
  facet normal 0.6494483410971253 0.7604057155533434 0
    outer loop
      vertex -17.935630798339844 -22.148658752441406 -0.17499923706054688
      vertex -19.070220947265625 -21.17962646484375 0.17499923706054688
      vertex -17.935630798339844 -22.148658752441406 0.17499923706054688
    endloop
  endfacet
  facet normal 0.6494483410971253 0.7604057155533434 0
    outer loop
      vertex -19.070220947265625 -21.17962646484375 0.17499923706054688
      vertex -17.935630798339844 -22.148658752441406 -0.17499923706054688
      vertex -19.070220947265625 -21.17962646484375 -0.17499923706054688
    endloop
  endfacet
  facet normal 0.522499033008813 0.8526398773836792 0
    outer loop
      vertex -14.25 -24.681724548339844 -0.17499923706054688
      vertex -15.522212028503418 -23.902111053466797 0.17499923706054688
      vertex -14.25 -24.681724548339844 0.17499923706054688
    endloop
  endfacet
  facet normal 0.522499033008813 0.8526398773836792 0
    outer loop
      vertex -15.522212028503418 -23.902111053466797 0.17499923706054688
      vertex -14.25 -24.681724548339844 -0.17499923706054688
      vertex -15.522212028503418 -23.902111053466797 -0.17499923706054688
    endloop
  endfacet
  facet normal 0.07845881857627755 -0.9969173555453906 0
    outer loop
      vertex -2.9790611267089844 28.343873977661133 -0.17499923706054688
      vertex -1.4915742874145508 28.460941314697266 0.17499923706054688
      vertex -2.9790611267089844 28.343873977661133 0.17499923706054688
    endloop
  endfacet
  facet normal 0.07845881857627755 -0.9969173555453906 0
    outer loop
      vertex -1.4915742874145508 28.460941314697266 0.17499923706054688
      vertex -2.9790611267089844 28.343873977661133 -0.17499923706054688
      vertex -1.4915742874145508 28.460941314697266 -0.17499923706054688
    endloop
  endfacet
  facet normal 0.3826825091710795 -0.923879914910226 0
    outer loop
      vertex -11.591994285583496 26.03604507446289 -0.17499923706054688
      vertex -10.213485717773438 26.607040405273438 0.17499923706054688
      vertex -11.591994285583496 26.03604507446289 0.17499923706054688
    endloop
  endfacet
  facet normal 0.3826825091710795 -0.923879914910226 0
    outer loop
      vertex -10.213485717773438 26.607040405273438 0.17499923706054688
      vertex -11.591994285583496 26.03604507446289 -0.17499923706054688
      vertex -10.213485717773438 26.607040405273438 -0.17499923706054688
    endloop
  endfacet
  facet normal -0.07845881857627755 -0.9969173555453906 0
    outer loop
      vertex 1.4915742874145508 28.460941314697266 -0.17499923706054688
      vertex 2.9790611267089844 28.343873977661133 0.17499923706054688
      vertex 1.4915742874145508 28.460941314697266 0.17499923706054688
    endloop
  endfacet
  facet normal -0.07845881857627755 -0.9969173555453906 0
    outer loop
      vertex 2.9790611267089844 28.343873977661133 0.17499923706054688
      vertex 1.4915742874145508 28.460941314697266 -0.17499923706054688
      vertex 2.9790611267089844 28.343873977661133 -0.17499923706054688
    endloop
  endfacet
  facet normal -0.026177241654145738 -0.9996573172939717 0
    outer loop
      vertex 0 28.5 -0.17499923706054688
      vertex 1.4915742874145508 28.460941314697266 0.17499923706054688
      vertex 0 28.5 0.17499923706054688
    endloop
  endfacet
  facet normal -0.026177241654145738 -0.9996573172939717 0
    outer loop
      vertex 1.4915742874145508 28.460941314697266 0.17499923706054688
      vertex 0 28.5 -0.17499923706054688
      vertex 1.4915742874145508 28.460941314697266 -0.17499923706054688
    endloop
  endfacet
  facet normal -0.9426412034173877 -0.33380767160120706 0
    outer loop
      vertex 27.10511016845703 8.806983947753906 -0.17499923706054688
      vertex 26.607040405273438 10.213485717773438 0.17499923706054688
      vertex 26.607040405273438 10.213485717773438 -0.17499923706054688
    endloop
  endfacet
  facet normal -0.9426412034173877 -0.33380767160120706 0
    outer loop
      vertex 26.607040405273438 10.213485717773438 0.17499923706054688
      vertex 27.10511016845703 8.806983947753906 -0.17499923706054688
      vertex 27.10511016845703 8.806983947753906 0.17499923706054688
    endloop
  endfacet
  facet normal 0.1305269956415957 -0.9914447556010264 0
    outer loop
      vertex -4.458381652832031 28.14911651611328 -0.17499923706054688
      vertex -2.9790611267089844 28.343873977661133 0.17499923706054688
      vertex -4.458381652832031 28.14911651611328 0.17499923706054688
    endloop
  endfacet
  facet normal 0.1305269956415957 -0.9914447556010264 0
    outer loop
      vertex -2.9790611267089844 28.343873977661133 0.17499923706054688
      vertex -4.458381652832031 28.14911651611328 -0.17499923706054688
      vertex -2.9790611267089844 28.343873977661133 -0.17499923706054688
    endloop
  endfacet
  facet normal 0.28401503475863976 0.9588198266781142 0
    outer loop
      vertex -7.3763427734375 -27.528884887695312 -0.17499923706054688
      vertex -8.806983947753906 -27.10511016845703 0.17499923706054688
      vertex -7.3763427734375 -27.528884887695312 0.17499923706054688
    endloop
  endfacet
  facet normal 0.28401503475863976 0.9588198266781142 0
    outer loop
      vertex -8.806983947753906 -27.10511016845703 0.17499923706054688
      vertex -7.3763427734375 -27.528884887695312 -0.17499923706054688
      vertex -8.806983947753906 -27.10511016845703 -0.17499923706054688
    endloop
  endfacet
  facet normal -0.47715742132158384 0.8788178396446766 0
    outer loop
      vertex 14.25 -24.681724548339844 -0.17499923706054688
      vertex 12.938728332519531 -25.39368438720703 0.17499923706054688
      vertex 14.25 -24.681724548339844 0.17499923706054688
    endloop
  endfacet
  facet normal -0.47715742132158384 0.8788178396446766 0
    outer loop
      vertex 12.938728332519531 -25.39368438720703 0.17499923706054688
      vertex 14.25 -24.681724548339844 -0.17499923706054688
      vertex 12.938728332519531 -25.39368438720703 -0.17499923706054688
    endloop
  endfacet
  facet normal -0.9832548469261292 0.1822358526642719 0
    outer loop
      vertex 27.87720489501953 -5.925482749938965 -0.17499923706054688
      vertex 28.14911651611328 -4.458381652832031 0.17499923706054688
      vertex 28.14911651611328 -4.458381652832031 -0.17499923706054688
    endloop
  endfacet
  facet normal -0.9832548469261292 0.1822358526642719 0
    outer loop
      vertex 28.14911651611328 -4.458381652832031 0.17499923706054688
      vertex 27.87720489501953 -5.925482749938965 -0.17499923706054688
      vertex 27.87720489501953 -5.925482749938965 0.17499923706054688
    endloop
  endfacet
  facet normal -0.47715742132158384 -0.8788178396446766 0
    outer loop
      vertex 12.938728332519531 25.39368438720703 -0.17499923706054688
      vertex 14.25 24.681724548339844 0.17499923706054688
      vertex 12.938728332519531 25.39368438720703 0.17499923706054688
    endloop
  endfacet
  facet normal -0.47715742132158384 -0.8788178396446766 0
    outer loop
      vertex 14.25 24.681724548339844 0.17499923706054688
      vertex 12.938728332519531 25.39368438720703 -0.17499923706054688
      vertex 14.25 24.681724548339844 -0.17499923706054688
    endloop
  endfacet
  facet normal -0.9969173555453906 0.07845881857627755 0
    outer loop
      vertex 28.343873977661133 -2.9790611267089844 -0.17499923706054688
      vertex 28.460941314697266 -1.4915742874145508 0.17499923706054688
      vertex 28.460941314697266 -1.4915742874145508 -0.17499923706054688
    endloop
  endfacet
  facet normal -0.9969173555453906 0.07845881857627755 0
    outer loop
      vertex 28.460941314697266 -1.4915742874145508 0.17499923706054688
      vertex 28.343873977661133 -2.9790611267089844 -0.17499923706054688
      vertex 28.343873977661133 -2.9790611267089844 0.17499923706054688
    endloop
  endfacet
  facet normal 0.7253744000241267 -0.6883545451216534 0
    outer loop
      vertex -21.17962646484375 19.070220947265625 0.17499923706054688
      vertex -20.152542114257812 20.152542114257812 -0.17499923706054688
      vertex -20.152542114257812 20.152542114257812 0.17499923706054688
    endloop
  endfacet
  facet normal 0.7253744000241267 -0.6883545451216534 0
    outer loop
      vertex -20.152542114257812 20.152542114257812 -0.17499923706054688
      vertex -21.17962646484375 19.070220947265625 0.17499923706054688
      vertex -21.17962646484375 19.070220947265625 -0.17499923706054688
    endloop
  endfacet
  facet normal -0.6883545451216534 -0.7253744000241267 0
    outer loop
      vertex 19.070220947265625 21.17962646484375 -0.17499923706054688
      vertex 20.152542114257812 20.152542114257812 0.17499923706054688
      vertex 19.070220947265625 21.17962646484375 0.17499923706054688
    endloop
  endfacet
  facet normal -0.6883545451216534 -0.7253744000241267 0
    outer loop
      vertex 20.152542114257812 20.152542114257812 0.17499923706054688
      vertex 19.070220947265625 21.17962646484375 -0.17499923706054688
      vertex 20.152542114257812 20.152542114257812 -0.17499923706054688
    endloop
  endfacet
  facet normal 0.1822358526642719 -0.9832548469261292 0
    outer loop
      vertex -5.925482749938965 27.87720489501953 -0.17499923706054688
      vertex -4.458381652832031 28.14911651611328 0.17499923706054688
      vertex -5.925482749938965 27.87720489501953 0.17499923706054688
    endloop
  endfacet
  facet normal 0.1822358526642719 -0.9832548469261292 0
    outer loop
      vertex -4.458381652832031 28.14911651611328 0.17499923706054688
      vertex -5.925482749938965 27.87720489501953 -0.17499923706054688
      vertex -4.458381652832031 28.14911651611328 -0.17499923706054688
    endloop
  endfacet
  facet normal -0.9426412034173877 0.33380767160120706 0
    outer loop
      vertex 26.607040405273438 -10.213485717773438 -0.17499923706054688
      vertex 27.10511016845703 -8.806983947753906 0.17499923706054688
      vertex 27.10511016845703 -8.806983947753906 -0.17499923706054688
    endloop
  endfacet
  facet normal -0.9426412034173877 0.33380767160120706 0
    outer loop
      vertex 27.10511016845703 -8.806983947753906 0.17499923706054688
      vertex 26.607040405273438 -10.213485717773438 -0.17499923706054688
      vertex 26.607040405273438 -10.213485717773438 0.17499923706054688
    endloop
  endfacet
  facet normal 0.7253744000241267 0.6883545451216534 0
    outer loop
      vertex -20.152542114257812 -20.152542114257812 0.17499923706054688
      vertex -21.17962646484375 -19.070220947265625 -0.17499923706054688
      vertex -21.17962646484375 -19.070220947265625 0.17499923706054688
    endloop
  endfacet
  facet normal 0.7253744000241267 0.6883545451216534 0
    outer loop
      vertex -21.17962646484375 -19.070220947265625 -0.17499923706054688
      vertex -20.152542114257812 -20.152542114257812 0.17499923706054688
      vertex -20.152542114257812 -20.152542114257812 -0.17499923706054688
    endloop
  endfacet
  facet normal -0.923879914910226 -0.3826825091710795 0
    outer loop
      vertex 26.607040405273438 10.213485717773438 -0.17499923706054688
      vertex 26.03604507446289 11.591994285583496 0.17499923706054688
      vertex 26.03604507446289 11.591994285583496 -0.17499923706054688
    endloop
  endfacet
  facet normal -0.923879914910226 -0.3826825091710795 0
    outer loop
      vertex 26.03604507446289 11.591994285583496 0.17499923706054688
      vertex 26.607040405273438 10.213485717773438 -0.17499923706054688
      vertex 26.607040405273438 10.213485717773438 0.17499923706054688
    endloop
  endfacet
  facet normal -0.7253744000241267 0.6883545451216534 0
    outer loop
      vertex 20.152542114257812 -20.152542114257812 -0.17499923706054688
      vertex 21.17962646484375 -19.070220947265625 0.17499923706054688
      vertex 21.17962646484375 -19.070220947265625 -0.17499923706054688
    endloop
  endfacet
  facet normal -0.7253744000241267 0.6883545451216534 0
    outer loop
      vertex 21.17962646484375 -19.070220947265625 0.17499923706054688
      vertex 20.152542114257812 -20.152542114257812 -0.17499923706054688
      vertex 20.152542114257812 -20.152542114257812 0.17499923706054688
    endloop
  endfacet
  facet normal 0.1822358526642719 0.9832548469261292 0
    outer loop
      vertex -4.458381652832031 -28.14911651611328 -0.17499923706054688
      vertex -5.925482749938965 -27.87720489501953 0.17499923706054688
      vertex -4.458381652832031 -28.14911651611328 0.17499923706054688
    endloop
  endfacet
  facet normal 0.1822358526642719 0.9832548469261292 0
    outer loop
      vertex -5.925482749938965 -27.87720489501953 0.17499923706054688
      vertex -4.458381652832031 -28.14911651611328 -0.17499923706054688
      vertex -5.925482749938965 -27.87720489501953 -0.17499923706054688
    endloop
  endfacet
  facet normal -0.9832548469261292 -0.1822358526642719 0
    outer loop
      vertex 28.14911651611328 4.458381652832031 -0.17499923706054688
      vertex 27.87720489501953 5.925482749938965 0.17499923706054688
      vertex 27.87720489501953 5.925482749938965 -0.17499923706054688
    endloop
  endfacet
  facet normal -0.9832548469261292 -0.1822358526642719 0
    outer loop
      vertex 27.87720489501953 5.925482749938965 0.17499923706054688
      vertex 28.14911651611328 4.458381652832031 -0.17499923706054688
      vertex 28.14911651611328 4.458381652832031 0.17499923706054688
    endloop
  endfacet
  facet normal -0.6494483410971253 0.7604057155533434 0
    outer loop
      vertex 19.070220947265625 -21.17962646484375 -0.17499923706054688
      vertex 17.935630798339844 -22.148658752441406 0.17499923706054688
      vertex 19.070220947265625 -21.17962646484375 0.17499923706054688
    endloop
  endfacet
  facet normal -0.6494483410971253 0.7604057155533434 0
    outer loop
      vertex 17.935630798339844 -22.148658752441406 0.17499923706054688
      vertex 19.070220947265625 -21.17962646484375 -0.17499923706054688
      vertex 17.935630798339844 -22.148658752441406 -0.17499923706054688
    endloop
  endfacet
  facet normal -0.56640650574802 -0.8241260038648933 0
    outer loop
      vertex 15.522212028503418 23.902111053466797 -0.17499923706054688
      vertex 16.75187873840332 23.056983947753906 0.17499923706054688
      vertex 15.522212028503418 23.902111053466797 0.17499923706054688
    endloop
  endfacet
  facet normal -0.56640650574802 -0.8241260038648933 0
    outer loop
      vertex 16.75187873840332 23.056983947753906 0.17499923706054688
      vertex 15.522212028503418 23.902111053466797 -0.17499923706054688
      vertex 16.75187873840332 23.056983947753906 -0.17499923706054688
    endloop
  endfacet
  facet normal 0.923879914910226 0.3826825091710795 0
    outer loop
      vertex -26.03604507446289 -11.591994285583496 0.17499923706054688
      vertex -26.607040405273438 -10.213485717773438 -0.17499923706054688
      vertex -26.607040405273438 -10.213485717773438 0.17499923706054688
    endloop
  endfacet
  facet normal 0.923879914910226 0.3826825091710795 0
    outer loop
      vertex -26.607040405273438 -10.213485717773438 -0.17499923706054688
      vertex -26.03604507446289 -11.591994285583496 0.17499923706054688
      vertex -26.03604507446289 -11.591994285583496 -0.17499923706054688
    endloop
  endfacet
  facet normal 0.47715742132158384 0.8788178396446766 0
    outer loop
      vertex -12.938728332519531 -25.39368438720703 -0.17499923706054688
      vertex -14.25 -24.681724548339844 0.17499923706054688
      vertex -12.938728332519531 -25.39368438720703 0.17499923706054688
    endloop
  endfacet
  facet normal 0.47715742132158384 0.8788178396446766 0
    outer loop
      vertex -14.25 -24.681724548339844 0.17499923706054688
      vertex -12.938728332519531 -25.39368438720703 -0.17499923706054688
      vertex -14.25 -24.681724548339844 -0.17499923706054688
    endloop
  endfacet
  facet normal -0.56640650574802 0.8241260038648933 0
    outer loop
      vertex 16.75187873840332 -23.056983947753906 -0.17499923706054688
      vertex 15.522212028503418 -23.902111053466797 0.17499923706054688
      vertex 16.75187873840332 -23.056983947753906 0.17499923706054688
    endloop
  endfacet
  facet normal -0.56640650574802 0.8241260038648933 0
    outer loop
      vertex 15.522212028503418 -23.902111053466797 0.17499923706054688
      vertex 16.75187873840332 -23.056983947753906 -0.17499923706054688
      vertex 15.522212028503418 -23.902111053466797 -0.17499923706054688
    endloop
  endfacet
  facet normal 0.1305269956415957 0.9914447556010264 0
    outer loop
      vertex -2.9790611267089844 -28.343873977661133 -0.17499923706054688
      vertex -4.458381652832031 -28.14911651611328 0.17499923706054688
      vertex -2.9790611267089844 -28.343873977661133 0.17499923706054688
    endloop
  endfacet
  facet normal 0.1305269956415957 0.9914447556010264 0
    outer loop
      vertex -4.458381652832031 -28.14911651611328 0.17499923706054688
      vertex -2.9790611267089844 -28.343873977661133 -0.17499923706054688
      vertex -4.458381652832031 -28.14911651611328 -0.17499923706054688
    endloop
  endfacet
  facet normal 0.8526398773836792 0.522499033008813 0
    outer loop
      vertex -23.902111053466797 -15.522212028503418 0.17499923706054688
      vertex -24.681724548339844 -14.25 -0.17499923706054688
      vertex -24.681724548339844 -14.25 0.17499923706054688
    endloop
  endfacet
  facet normal 0.8526398773836792 0.522499033008813 0
    outer loop
      vertex -24.681724548339844 -14.25 -0.17499923706054688
      vertex -23.902111053466797 -15.522212028503418 0.17499923706054688
      vertex -23.902111053466797 -15.522212028503418 -0.17499923706054688
    endloop
  endfacet
  facet normal 0.9723700218269858 0.23344494137202232 0
    outer loop
      vertex -27.528884887695312 -7.3763427734375 0.17499923706054688
      vertex -27.87720489501953 -5.925482749938965 -0.17499923706054688
      vertex -27.87720489501953 -5.925482749938965 0.17499923706054688
    endloop
  endfacet
  facet normal 0.9723700218269858 0.23344494137202232 0
    outer loop
      vertex -27.87720489501953 -5.925482749938965 -0.17499923706054688
      vertex -27.528884887695312 -7.3763427734375 0.17499923706054688
      vertex -27.528884887695312 -7.3763427734375 -0.17499923706054688
    endloop
  endfacet
  facet normal 0.9426412034173877 -0.33380767160120706 0
    outer loop
      vertex -27.10511016845703 8.806983947753906 0.17499923706054688
      vertex -26.607040405273438 10.213485717773438 -0.17499923706054688
      vertex -26.607040405273438 10.213485717773438 0.17499923706054688
    endloop
  endfacet
  facet normal 0.9426412034173877 -0.33380767160120706 0
    outer loop
      vertex -26.607040405273438 10.213485717773438 -0.17499923706054688
      vertex -27.10511016845703 8.806983947753906 0.17499923706054688
      vertex -27.10511016845703 8.806983947753906 -0.17499923706054688
    endloop
  endfacet
  facet normal -0.026177241654145738 0.9996573172939717 0
    outer loop
      vertex 1.4915742874145508 -28.460941314697266 -0.17499923706054688
      vertex 0 -28.5 0.17499923706054688
      vertex 1.4915742874145508 -28.460941314697266 0.17499923706054688
    endloop
  endfacet
  facet normal -0.026177241654145738 0.9996573172939717 0
    outer loop
      vertex 0 -28.5 0.17499923706054688
      vertex 1.4915742874145508 -28.460941314697266 -0.17499923706054688
      vertex 0 -28.5 -0.17499923706054688
    endloop
  endfacet
  facet normal -0.07845881857627755 0.9969173555453906 0
    outer loop
      vertex 2.9790611267089844 -28.343873977661133 -0.17499923706054688
      vertex 1.4915742874145508 -28.460941314697266 0.17499923706054688
      vertex 2.9790611267089844 -28.343873977661133 0.17499923706054688
    endloop
  endfacet
  facet normal -0.07845881857627755 0.9969173555453906 0
    outer loop
      vertex 1.4915742874145508 -28.460941314697266 0.17499923706054688
      vertex 2.9790611267089844 -28.343873977661133 -0.17499923706054688
      vertex 1.4915742874145508 -28.460941314697266 -0.17499923706054688
    endloop
  endfacet
  facet normal -0.33380767160120706 0.9426412034173877 0
    outer loop
      vertex 10.213485717773438 -26.607040405273438 -0.17499923706054688
      vertex 8.806983947753906 -27.10511016845703 0.17499923706054688
      vertex 10.213485717773438 -26.607040405273438 0.17499923706054688
    endloop
  endfacet
  facet normal -0.33380767160120706 0.9426412034173877 0
    outer loop
      vertex 8.806983947753906 -27.10511016845703 0.17499923706054688
      vertex 10.213485717773438 -26.607040405273438 -0.17499923706054688
      vertex 8.806983947753906 -27.10511016845703 -0.17499923706054688
    endloop
  endfacet
  facet normal 0.6494483410971253 -0.7604057155533434 0
    outer loop
      vertex -19.070220947265625 21.17962646484375 -0.17499923706054688
      vertex -17.935630798339844 22.148658752441406 0.17499923706054688
      vertex -19.070220947265625 21.17962646484375 0.17499923706054688
    endloop
  endfacet
  facet normal 0.6494483410971253 -0.7604057155533434 0
    outer loop
      vertex -17.935630798339844 22.148658752441406 0.17499923706054688
      vertex -19.070220947265625 21.17962646484375 -0.17499923706054688
      vertex -17.935630798339844 22.148658752441406 -0.17499923706054688
    endloop
  endfacet
  facet normal -0.6087615524566993 -0.7933532455662544 0
    outer loop
      vertex 16.75187873840332 23.056983947753906 -0.17499923706054688
      vertex 17.935630798339844 22.148658752441406 0.17499923706054688
      vertex 16.75187873840332 23.056983947753906 0.17499923706054688
    endloop
  endfacet
  facet normal -0.6087615524566993 -0.7933532455662544 0
    outer loop
      vertex 17.935630798339844 22.148658752441406 0.17499923706054688
      vertex 16.75187873840332 23.056983947753906 -0.17499923706054688
      vertex 17.935630798339844 22.148658752441406 -0.17499923706054688
    endloop
  endfacet
  facet normal 0.23344494137202232 0.9723700218269858 0
    outer loop
      vertex -5.925482749938965 -27.87720489501953 -0.17499923706054688
      vertex -7.3763427734375 -27.528884887695312 0.17499923706054688
      vertex -5.925482749938965 -27.87720489501953 0.17499923706054688
    endloop
  endfacet
  facet normal 0.23344494137202232 0.9723700218269858 0
    outer loop
      vertex -7.3763427734375 -27.528884887695312 0.17499923706054688
      vertex -5.925482749938965 -27.87720489501953 -0.17499923706054688
      vertex -7.3763427734375 -27.528884887695312 -0.17499923706054688
    endloop
  endfacet
  facet normal -0.43051191459685423 -0.9025848942842722 0
    outer loop
      vertex 11.591994285583496 26.03604507446289 -0.17499923706054688
      vertex 12.938728332519531 25.39368438720703 0.17499923706054688
      vertex 11.591994285583496 26.03604507446289 0.17499923706054688
    endloop
  endfacet
  facet normal -0.43051191459685423 -0.9025848942842722 0
    outer loop
      vertex 12.938728332519531 25.39368438720703 0.17499923706054688
      vertex 11.591994285583496 26.03604507446289 -0.17499923706054688
      vertex 12.938728332519531 25.39368438720703 -0.17499923706054688
    endloop
  endfacet
  facet normal -0.9025848942842722 -0.43051191459685423 0
    outer loop
      vertex 26.03604507446289 11.591994285583496 -0.17499923706054688
      vertex 25.39368438720703 12.938728332519531 0.17499923706054688
      vertex 25.39368438720703 12.938728332519531 -0.17499923706054688
    endloop
  endfacet
  facet normal -0.9025848942842722 -0.43051191459685423 0
    outer loop
      vertex 25.39368438720703 12.938728332519531 0.17499923706054688
      vertex 26.03604507446289 11.591994285583496 -0.17499923706054688
      vertex 26.03604507446289 11.591994285583496 0.17499923706054688
    endloop
  endfacet
  facet normal 0.7933532455662544 0.6087615524566993 0
    outer loop
      vertex -22.148658752441406 -17.935630798339844 0.17499923706054688
      vertex -23.056983947753906 -16.75187873840332 -0.17499923706054688
      vertex -23.056983947753906 -16.75187873840332 0.17499923706054688
    endloop
  endfacet
  facet normal 0.7933532455662544 0.6087615524566993 0
    outer loop
      vertex -23.056983947753906 -16.75187873840332 -0.17499923706054688
      vertex -22.148658752441406 -17.935630798339844 0.17499923706054688
      vertex -22.148658752441406 -17.935630798339844 -0.17499923706054688
    endloop
  endfacet
  facet normal 0.8241260038648933 0.56640650574802 0
    outer loop
      vertex -23.056983947753906 -16.75187873840332 0.17499923706054688
      vertex -23.902111053466797 -15.522212028503418 -0.17499923706054688
      vertex -23.902111053466797 -15.522212028503418 0.17499923706054688
    endloop
  endfacet
  facet normal 0.8241260038648933 0.56640650574802 0
    outer loop
      vertex -23.902111053466797 -15.522212028503418 -0.17499923706054688
      vertex -23.056983947753906 -16.75187873840332 0.17499923706054688
      vertex -23.056983947753906 -16.75187873840332 -0.17499923706054688
    endloop
  endfacet
  facet normal 0.43051191459685423 0.9025848942842722 0
    outer loop
      vertex -11.591994285583496 -26.03604507446289 -0.17499923706054688
      vertex -12.938728332519531 -25.39368438720703 0.17499923706054688
      vertex -11.591994285583496 -26.03604507446289 0.17499923706054688
    endloop
  endfacet
  facet normal 0.43051191459685423 0.9025848942842722 0
    outer loop
      vertex -12.938728332519531 -25.39368438720703 0.17499923706054688
      vertex -11.591994285583496 -26.03604507446289 -0.17499923706054688
      vertex -12.938728332519531 -25.39368438720703 -0.17499923706054688
    endloop
  endfacet
  facet normal 0.23344494137202232 -0.9723700218269858 0
    outer loop
      vertex -7.3763427734375 27.528884887695312 -0.17499923706054688
      vertex -5.925482749938965 27.87720489501953 0.17499923706054688
      vertex -7.3763427734375 27.528884887695312 0.17499923706054688
    endloop
  endfacet
  facet normal 0.23344494137202232 -0.9723700218269858 0
    outer loop
      vertex -5.925482749938965 27.87720489501953 0.17499923706054688
      vertex -7.3763427734375 27.528884887695312 -0.17499923706054688
      vertex -5.925482749938965 27.87720489501953 -0.17499923706054688
    endloop
  endfacet
  facet normal -0.28401503475863976 0.9588198266781142 0
    outer loop
      vertex 8.806983947753906 -27.10511016845703 -0.17499923706054688
      vertex 7.3763427734375 -27.528884887695312 0.17499923706054688
      vertex 8.806983947753906 -27.10511016845703 0.17499923706054688
    endloop
  endfacet
  facet normal -0.28401503475863976 0.9588198266781142 0
    outer loop
      vertex 7.3763427734375 -27.528884887695312 0.17499923706054688
      vertex 8.806983947753906 -27.10511016845703 -0.17499923706054688
      vertex 7.3763427734375 -27.528884887695312 -0.17499923706054688
    endloop
  endfacet
  facet normal 0.6883545451216534 -0.7253744000241267 0
    outer loop
      vertex -20.152542114257812 20.152542114257812 -0.17499923706054688
      vertex -19.070220947265625 21.17962646484375 0.17499923706054688
      vertex -20.152542114257812 20.152542114257812 0.17499923706054688
    endloop
  endfacet
  facet normal 0.6883545451216534 -0.7253744000241267 0
    outer loop
      vertex -19.070220947265625 21.17962646484375 0.17499923706054688
      vertex -20.152542114257812 20.152542114257812 -0.17499923706054688
      vertex -19.070220947265625 21.17962646484375 -0.17499923706054688
    endloop
  endfacet
  facet normal 0.43051191459685423 -0.9025848942842722 0
    outer loop
      vertex -12.938728332519531 25.39368438720703 -0.17499923706054688
      vertex -11.591994285583496 26.03604507446289 0.17499923706054688
      vertex -12.938728332519531 25.39368438720703 0.17499923706054688
    endloop
  endfacet
  facet normal 0.43051191459685423 -0.9025848942842722 0
    outer loop
      vertex -11.591994285583496 26.03604507446289 0.17499923706054688
      vertex -12.938728332519531 25.39368438720703 -0.17499923706054688
      vertex -11.591994285583496 26.03604507446289 -0.17499923706054688
    endloop
  endfacet
  facet normal 0.56640650574802 0.8241260038648933 0
    outer loop
      vertex -15.522212028503418 -23.902111053466797 -0.17499923706054688
      vertex -16.75187873840332 -23.056983947753906 0.17499923706054688
      vertex -15.522212028503418 -23.902111053466797 0.17499923706054688
    endloop
  endfacet
  facet normal 0.56640650574802 0.8241260038648933 0
    outer loop
      vertex -16.75187873840332 -23.056983947753906 0.17499923706054688
      vertex -15.522212028503418 -23.902111053466797 -0.17499923706054688
      vertex -16.75187873840332 -23.056983947753906 -0.17499923706054688
    endloop
  endfacet
  facet normal 0.56640650574802 -0.8241260038648933 0
    outer loop
      vertex -16.75187873840332 23.056983947753906 -0.17499923706054688
      vertex -15.522212028503418 23.902111053466797 0.17499923706054688
      vertex -16.75187873840332 23.056983947753906 0.17499923706054688
    endloop
  endfacet
  facet normal 0.56640650574802 -0.8241260038648933 0
    outer loop
      vertex -15.522212028503418 23.902111053466797 0.17499923706054688
      vertex -16.75187873840332 23.056983947753906 -0.17499923706054688
      vertex -15.522212028503418 23.902111053466797 -0.17499923706054688
    endloop
  endfacet
  facet normal -0.991444757409814 -0.13052698190257486 0
    outer loop
      vertex -43.45828628540039 -6.883115768432617 -0.125
      vertex -43.75896453857422 -4.599251747131348 0.125
      vertex -43.75896453857422 -4.599251747131348 -0.125
    endloop
  endfacet
  facet normal -0.991444757409814 -0.13052698190257486 0
    outer loop
      vertex -43.75896453857422 -4.599251747131348 0.125
      vertex -43.45828628540039 -6.883115768432617 -0.125
      vertex -43.45828628540039 -6.883115768432617 0.125
    endloop
  endfacet
  facet normal 0.9996572992566807 0.02617793045370636 0
    outer loop
      vertex 44 0 0.125
      vertex 43.939697265625 2.3027820587158203 -0.125
      vertex 43.939697265625 2.3027820587158203 0.125
    endloop
  endfacet
  facet normal 0.9996572992566807 0.02617793045370636 0
    outer loop
      vertex 43.939697265625 2.3027820587158203 -0.125
      vertex 44 0 0.125
      vertex 44 0 -0.125
    endloop
  endfacet
  facet normal -0.02617793045370636 0.9996572992566807 0
    outer loop
      vertex 0 44 -0.125
      vertex -2.3027820587158203 43.939697265625 0.125
      vertex 0 44 0.125
    endloop
  endfacet
  facet normal -0.02617793045370636 0.9996572992566807 0
    outer loop
      vertex -2.3027820587158203 43.939697265625 0.125
      vertex 0 44 -0.125
      vertex -2.3027820587158203 43.939697265625 -0.125
    endloop
  endfacet
  facet normal 0.958819560609796 0.28401593298974936 0
    outer loop
      vertex 42.500736236572266 11.38803768157959 0.125
      vertex 41.84648513793945 13.596747398376465 -0.125
      vertex 41.84648513793945 13.596747398376465 0.125
    endloop
  endfacet
  facet normal 0.958819560609796 0.28401593298974936 0
    outer loop
      vertex 41.84648513793945 13.596747398376465 -0.125
      vertex 42.500736236572266 11.38803768157959 0.125
      vertex 42.500736236572266 11.38803768157959 -0.125
    endloop
  endfacet
  facet normal 0.9969174477216186 0.0784576473532933 0
    outer loop
      vertex 43.939697265625 2.3027820587158203 0.125
      vertex 43.75896453857422 4.599251747131348 -0.125
      vertex 43.75896453857422 4.599251747131348 0.125
    endloop
  endfacet
  facet normal 0.9969174477216186 0.0784576473532933 0
    outer loop
      vertex 43.75896453857422 4.599251747131348 -0.125
      vertex 43.939697265625 2.3027820587158203 0.125
      vertex 43.939697265625 2.3027820587158203 -0.125
    endloop
  endfacet
  facet normal 0.9426415390836618 0.33380672370997183 0
    outer loop
      vertex 41.84648513793945 13.596747398376465 0.125
      vertex 41.077537536621094 15.768189430236816 -0.125
      vertex 41.077537536621094 15.768189430236816 0.125
    endloop
  endfacet
  facet normal 0.9426415390836618 0.33380672370997183 0
    outer loop
      vertex 41.077537536621094 15.768189430236816 -0.125
      vertex 41.84648513793945 13.596747398376465 0.125
      vertex 41.84648513793945 13.596747398376465 -0.125
    endloop
  endfacet
  facet normal 0.02617793045370636 0.9996572992566807 0
    outer loop
      vertex 2.3027820587158203 43.939697265625 -0.125
      vertex 0 44 0.125
      vertex 2.3027820587158203 43.939697265625 0.125
    endloop
  endfacet
  facet normal 0.02617793045370636 0.9996572992566807 0
    outer loop
      vertex 0 44 0.125
      vertex 2.3027820587158203 43.939697265625 -0.125
      vertex 0 44 -0.125
    endloop
  endfacet
  facet normal 0.33380672370997183 -0.9426415390836618 0
    outer loop
      vertex 13.596747398376465 -41.84648513793945 -0.125
      vertex 15.768189430236816 -41.077537536621094 0.125
      vertex 13.596747398376465 -41.84648513793945 0.125
    endloop
  endfacet
  facet normal 0.33380672370997183 -0.9426415390836618 0
    outer loop
      vertex 15.768189430236816 -41.077537536621094 0.125
      vertex 13.596747398376465 -41.84648513793945 -0.125
      vertex 15.768189430236816 -41.077537536621094 -0.125
    endloop
  endfacet
  facet normal -0.8788175413147995 0.4771579707784528 0
    outer loop
      vertex -39.20428466796875 19.975582122802734 -0.125
      vertex -38.10511779785156 22 0.125
      vertex -38.10511779785156 22 -0.125
    endloop
  endfacet
  facet normal -0.8788175413147995 0.4771579707784528 0
    outer loop
      vertex -38.10511779785156 22 0.125
      vertex -39.20428466796875 19.975582122802734 -0.125
      vertex -39.20428466796875 19.975582122802734 0.125
    endloop
  endfacet
  facet normal 0.649447870734408 -0.7604061172811168 0
    outer loop
      vertex 27.69009780883789 -34.194419860839844 -0.125
      vertex 29.44174575805664 -32.69837188720703 0.125
      vertex 27.69009780883789 -34.194419860839844 0.125
    endloop
  endfacet
  facet normal 0.649447870734408 -0.7604061172811168 0
    outer loop
      vertex 29.44174575805664 -32.69837188720703 0.125
      vertex 27.69009780883789 -34.194419860839844 -0.125
      vertex 29.44174575805664 -32.69837188720703 -0.125
    endloop
  endfacet
  facet normal 0.8241264233828702 -0.5664058953455182 0
    outer loop
      vertex 35.59674835205078 -25.862550735473633 0.125
      vertex 36.90150451660156 -23.9641170501709 -0.125
      vertex 36.90150451660156 -23.9641170501709 0.125
    endloop
  endfacet
  facet normal 0.8241264233828702 -0.5664058953455182 0
    outer loop
      vertex 36.90150451660156 -23.9641170501709 -0.125
      vertex 35.59674835205078 -25.862550735473633 0.125
      vertex 35.59674835205078 -25.862550735473633 -0.125
    endloop
  endfacet
  facet normal -0.23344529190427837 0.9723699376717311 0
    outer loop
      vertex -9.148114204406738 43.03849411010742 -0.125
      vertex -11.38803768157959 42.500736236572266 0.125
      vertex -9.148114204406738 43.03849411010742 0.125
    endloop
  endfacet
  facet normal -0.23344529190427837 0.9723699376717311 0
    outer loop
      vertex -11.38803768157959 42.500736236572266 0.125
      vertex -9.148114204406738 43.03849411010742 -0.125
      vertex -11.38803768157959 42.500736236572266 -0.125
    endloop
  endfacet
  facet normal -0.7933528580739304 0.608762057446032 0
    outer loop
      vertex -35.59674835205078 25.862550735473633 -0.125
      vertex -34.194419860839844 27.69009780883789 0.125
      vertex -34.194419860839844 27.69009780883789 -0.125
    endloop
  endfacet
  facet normal -0.7933528580739304 0.608762057446032 0
    outer loop
      vertex -34.194419860839844 27.69009780883789 0.125
      vertex -35.59674835205078 25.862550735473633 -0.125
      vertex -35.59674835205078 25.862550735473633 0.125
    endloop
  endfacet
  facet normal 0.23344529190427837 -0.9723699376717311 0
    outer loop
      vertex 9.148114204406738 -43.03849411010742 -0.125
      vertex 11.38803768157959 -42.500736236572266 0.125
      vertex 9.148114204406738 -43.03849411010742 0.125
    endloop
  endfacet
  facet normal 0.23344529190427837 -0.9723699376717311 0
    outer loop
      vertex 11.38803768157959 -42.500736236572266 0.125
      vertex 9.148114204406738 -43.03849411010742 -0.125
      vertex 11.38803768157959 -42.500736236572266 -0.125
    endloop
  endfacet
  facet normal 0.9723699376717311 0.23344529190427837 0
    outer loop
      vertex 43.03849411010742 9.148114204406738 0.125
      vertex 42.500736236572266 11.38803768157959 -0.125
      vertex 42.500736236572266 11.38803768157959 0.125
    endloop
  endfacet
  facet normal 0.9723699376717311 0.23344529190427837 0
    outer loop
      vertex 42.500736236572266 11.38803768157959 -0.125
      vertex 43.03849411010742 9.148114204406738 0.125
      vertex 43.03849411010742 9.148114204406738 -0.125
    endloop
  endfacet
  facet normal -0.8526400086877913 0.5224988187401799 0
    outer loop
      vertex -38.10511779785156 22 -0.125
      vertex -36.90150451660156 23.9641170501709 0.125
      vertex -36.90150451660156 23.9641170501709 -0.125
    endloop
  endfacet
  facet normal -0.8526400086877913 0.5224988187401799 0
    outer loop
      vertex -36.90150451660156 23.9641170501709 0.125
      vertex -38.10511779785156 22 -0.125
      vertex -38.10511779785156 22 0.125
    endloop
  endfacet
  facet normal -0.6883546199938165 -0.7253743289730954 0
    outer loop
      vertex -31.11269760131836 -31.11269760131836 -0.125
      vertex -29.44174575805664 -32.69837188720703 0.125
      vertex -31.11269760131836 -31.11269760131836 0.125
    endloop
  endfacet
  facet normal -0.6883546199938165 -0.7253743289730954 0
    outer loop
      vertex -29.44174575805664 -32.69837188720703 0.125
      vertex -31.11269760131836 -31.11269760131836 -0.125
      vertex -29.44174575805664 -32.69837188720703 -0.125
    endloop
  endfacet
  facet normal 0.9025850902091734 -0.4305115038324739 0
    outer loop
      vertex 39.20428466796875 -19.975582122802734 0.125
      vertex 40.19599914550781 -17.896411895751953 -0.125
      vertex 40.19599914550781 -17.896411895751953 0.125
    endloop
  endfacet
  facet normal 0.9025850902091734 -0.4305115038324739 0
    outer loop
      vertex 40.19599914550781 -17.896411895751953 -0.125
      vertex 39.20428466796875 -19.975582122802734 0.125
      vertex 39.20428466796875 -19.975582122802734 -0.125
    endloop
  endfacet
  facet normal 0.7604061172811168 -0.649447870734408 0
    outer loop
      vertex 32.69837188720703 -29.44174575805664 0.125
      vertex 34.194419860839844 -27.69009780883789 -0.125
      vertex 34.194419860839844 -27.69009780883789 0.125
    endloop
  endfacet
  facet normal 0.7604061172811168 -0.649447870734408 0
    outer loop
      vertex 34.194419860839844 -27.69009780883789 -0.125
      vertex 32.69837188720703 -29.44174575805664 0.125
      vertex 32.69837188720703 -29.44174575805664 -0.125
    endloop
  endfacet
  facet normal 0.5664058953455182 -0.8241264233828702 0
    outer loop
      vertex 23.9641170501709 -36.90150451660156 -0.125
      vertex 25.862550735473633 -35.59674835205078 0.125
      vertex 23.9641170501709 -36.90150451660156 0.125
    endloop
  endfacet
  facet normal 0.5664058953455182 -0.8241264233828702 0
    outer loop
      vertex 25.862550735473633 -35.59674835205078 0.125
      vertex 23.9641170501709 -36.90150451660156 -0.125
      vertex 25.862550735473633 -35.59674835205078 -0.125
    endloop
  endfacet
  facet normal 0.991444757409814 -0.13052698190257486 0
    outer loop
      vertex 43.45828628540039 -6.883115768432617 0.125
      vertex 43.75896453857422 -4.599251747131348 -0.125
      vertex 43.75896453857422 -4.599251747131348 0.125
    endloop
  endfacet
  facet normal 0.991444757409814 -0.13052698190257486 0
    outer loop
      vertex 43.75896453857422 -4.599251747131348 -0.125
      vertex 43.45828628540039 -6.883115768432617 0.125
      vertex 43.45828628540039 -6.883115768432617 -0.125
    endloop
  endfacet
  facet normal 0.18223532756469876 0.9832549442476183 0
    outer loop
      vertex 9.148114204406738 43.03849411010742 -0.125
      vertex 6.883115768432617 43.45828628540039 0.125
      vertex 9.148114204406738 43.03849411010742 0.125
    endloop
  endfacet
  facet normal 0.18223532756469876 0.9832549442476183 0
    outer loop
      vertex 6.883115768432617 43.45828628540039 0.125
      vertex 9.148114204406738 43.03849411010742 -0.125
      vertex 6.883115768432617 43.45828628540039 -0.125
    endloop
  endfacet
  facet normal -0.13052698190257486 0.991444757409814 0
    outer loop
      vertex -4.599251747131348 43.75896453857422 -0.125
      vertex -6.883115768432617 43.45828628540039 0.125
      vertex -4.599251747131348 43.75896453857422 0.125
    endloop
  endfacet
  facet normal -0.13052698190257486 0.991444757409814 0
    outer loop
      vertex -6.883115768432617 43.45828628540039 0.125
      vertex -4.599251747131348 43.75896453857422 -0.125
      vertex -6.883115768432617 43.45828628540039 -0.125
    endloop
  endfacet
  facet normal 0.38268335164400474 -0.9238795659470509 0
    outer loop
      vertex 15.768189430236816 -41.077537536621094 -0.125
      vertex 17.896411895751953 -40.19599914550781 0.125
      vertex 15.768189430236816 -41.077537536621094 0.125
    endloop
  endfacet
  facet normal 0.38268335164400474 -0.9238795659470509 0
    outer loop
      vertex 17.896411895751953 -40.19599914550781 0.125
      vertex 15.768189430236816 -41.077537536621094 -0.125
      vertex 17.896411895751953 -40.19599914550781 -0.125
    endloop
  endfacet
  facet normal 0.38268335164400474 0.9238795659470509 0
    outer loop
      vertex 17.896411895751953 40.19599914550781 -0.125
      vertex 15.768189430236816 41.077537536621094 0.125
      vertex 17.896411895751953 40.19599914550781 0.125
    endloop
  endfacet
  facet normal 0.38268335164400474 0.9238795659470509 0
    outer loop
      vertex 15.768189430236816 41.077537536621094 0.125
      vertex 17.896411895751953 40.19599914550781 -0.125
      vertex 15.768189430236816 41.077537536621094 -0.125
    endloop
  endfacet
  facet normal 0.9238795659470509 -0.38268335164400474 0
    outer loop
      vertex 40.19599914550781 -17.896411895751953 0.125
      vertex 41.077537536621094 -15.768189430236816 -0.125
      vertex 41.077537536621094 -15.768189430236816 0.125
    endloop
  endfacet
  facet normal 0.9238795659470509 -0.38268335164400474 0
    outer loop
      vertex 41.077537536621094 -15.768189430236816 -0.125
      vertex 40.19599914550781 -17.896411895751953 0.125
      vertex 40.19599914550781 -17.896411895751953 -0.125
    endloop
  endfacet
  facet normal -0.9996572992566807 0.02617793045370636 0
    outer loop
      vertex -44 0 -0.125
      vertex -43.939697265625 2.3027820587158203 0.125
      vertex -43.939697265625 2.3027820587158203 -0.125
    endloop
  endfacet
  facet normal -0.9996572992566807 0.02617793045370636 0
    outer loop
      vertex -43.939697265625 2.3027820587158203 0.125
      vertex -44 0 -0.125
      vertex -44 0 0.125
    endloop
  endfacet
  facet normal 0.608762057446032 -0.7933528580739304 0
    outer loop
      vertex 25.862550735473633 -35.59674835205078 -0.125
      vertex 27.69009780883789 -34.194419860839844 0.125
      vertex 25.862550735473633 -35.59674835205078 0.125
    endloop
  endfacet
  facet normal 0.608762057446032 -0.7933528580739304 0
    outer loop
      vertex 27.69009780883789 -34.194419860839844 0.125
      vertex 25.862550735473633 -35.59674835205078 -0.125
      vertex 27.69009780883789 -34.194419860839844 -0.125
    endloop
  endfacet
  facet normal 0.4771579707784528 0.8788175413147995 0
    outer loop
      vertex 22 38.10511779785156 -0.125
      vertex 19.975582122802734 39.20428466796875 0.125
      vertex 22 38.10511779785156 0.125
    endloop
  endfacet
  facet normal 0.4771579707784528 0.8788175413147995 0
    outer loop
      vertex 19.975582122802734 39.20428466796875 0.125
      vertex 22 38.10511779785156 -0.125
      vertex 19.975582122802734 39.20428466796875 -0.125
    endloop
  endfacet
  facet normal -0.991444757409814 0.13052698190257486 0
    outer loop
      vertex -43.75896453857422 4.599251747131348 -0.125
      vertex -43.45828628540039 6.883115768432617 0.125
      vertex -43.45828628540039 6.883115768432617 -0.125
    endloop
  endfacet
  facet normal -0.991444757409814 0.13052698190257486 0
    outer loop
      vertex -43.45828628540039 6.883115768432617 0.125
      vertex -43.75896453857422 4.599251747131348 -0.125
      vertex -43.75896453857422 4.599251747131348 0.125
    endloop
  endfacet
  facet normal -0.7604061172811168 0.649447870734408 0
    outer loop
      vertex -34.194419860839844 27.69009780883789 -0.125
      vertex -32.69837188720703 29.44174575805664 0.125
      vertex -32.69837188720703 29.44174575805664 -0.125
    endloop
  endfacet
  facet normal -0.7604061172811168 0.649447870734408 0
    outer loop
      vertex -32.69837188720703 29.44174575805664 0.125
      vertex -34.194419860839844 27.69009780883789 -0.125
      vertex -34.194419860839844 27.69009780883789 0.125
    endloop
  endfacet
  facet normal 0.991444757409814 0.13052698190257486 0
    outer loop
      vertex 43.75896453857422 4.599251747131348 0.125
      vertex 43.45828628540039 6.883115768432617 -0.125
      vertex 43.45828628540039 6.883115768432617 0.125
    endloop
  endfacet
  facet normal 0.991444757409814 0.13052698190257486 0
    outer loop
      vertex 43.45828628540039 6.883115768432617 -0.125
      vertex 43.75896453857422 4.599251747131348 0.125
      vertex 43.75896453857422 4.599251747131348 -0.125
    endloop
  endfacet
  facet normal -0.9723699376717311 0.23344529190427837 0
    outer loop
      vertex -43.03849411010742 9.148114204406738 -0.125
      vertex -42.500736236572266 11.38803768157959 0.125
      vertex -42.500736236572266 11.38803768157959 -0.125
    endloop
  endfacet
  facet normal -0.9723699376717311 0.23344529190427837 0
    outer loop
      vertex -42.500736236572266 11.38803768157959 0.125
      vertex -43.03849411010742 9.148114204406738 -0.125
      vertex -43.03849411010742 9.148114204406738 0.125
    endloop
  endfacet
  facet normal -0.5664058953455182 -0.8241264233828702 0
    outer loop
      vertex -25.862550735473633 -35.59674835205078 -0.125
      vertex -23.9641170501709 -36.90150451660156 0.125
      vertex -25.862550735473633 -35.59674835205078 0.125
    endloop
  endfacet
  facet normal -0.5664058953455182 -0.8241264233828702 0
    outer loop
      vertex -23.9641170501709 -36.90150451660156 0.125
      vertex -25.862550735473633 -35.59674835205078 -0.125
      vertex -23.9641170501709 -36.90150451660156 -0.125
    endloop
  endfacet
  facet normal 0.33380672370997183 0.9426415390836618 0
    outer loop
      vertex 15.768189430236816 41.077537536621094 -0.125
      vertex 13.596747398376465 41.84648513793945 0.125
      vertex 15.768189430236816 41.077537536621094 0.125
    endloop
  endfacet
  facet normal 0.33380672370997183 0.9426415390836618 0
    outer loop
      vertex 13.596747398376465 41.84648513793945 0.125
      vertex 15.768189430236816 41.077537536621094 -0.125
      vertex 13.596747398376465 41.84648513793945 -0.125
    endloop
  endfacet
  facet normal 0.6883546199938165 -0.7253743289730954 0
    outer loop
      vertex 29.44174575805664 -32.69837188720703 -0.125
      vertex 31.11269760131836 -31.11269760131836 0.125
      vertex 29.44174575805664 -32.69837188720703 0.125
    endloop
  endfacet
  facet normal 0.6883546199938165 -0.7253743289730954 0
    outer loop
      vertex 31.11269760131836 -31.11269760131836 0.125
      vertex 29.44174575805664 -32.69837188720703 -0.125
      vertex 31.11269760131836 -31.11269760131836 -0.125
    endloop
  endfacet
  facet normal 0.9996572992566807 -0.02617793045370636 0
    outer loop
      vertex 43.939697265625 -2.3027820587158203 0.125
      vertex 44 0 -0.125
      vertex 44 0 0.125
    endloop
  endfacet
  facet normal 0.9996572992566807 -0.02617793045370636 0
    outer loop
      vertex 44 0 -0.125
      vertex 43.939697265625 -2.3027820587158203 0.125
      vertex 43.939697265625 -2.3027820587158203 -0.125
    endloop
  endfacet
  facet normal -0.4305115038324739 -0.9025850902091734 0
    outer loop
      vertex -19.975582122802734 -39.20428466796875 -0.125
      vertex -17.896411895751953 -40.19599914550781 0.125
      vertex -19.975582122802734 -39.20428466796875 0.125
    endloop
  endfacet
  facet normal -0.4305115038324739 -0.9025850902091734 0
    outer loop
      vertex -17.896411895751953 -40.19599914550781 0.125
      vertex -19.975582122802734 -39.20428466796875 -0.125
      vertex -17.896411895751953 -40.19599914550781 -0.125
    endloop
  endfacet
  facet normal -0.8526400086877913 -0.5224988187401799 0
    outer loop
      vertex -36.90150451660156 -23.9641170501709 -0.125
      vertex -38.10511779785156 -22 0.125
      vertex -38.10511779785156 -22 -0.125
    endloop
  endfacet
  facet normal -0.8526400086877913 -0.5224988187401799 0
    outer loop
      vertex -38.10511779785156 -22 0.125
      vertex -36.90150451660156 -23.9641170501709 -0.125
      vertex -36.90150451660156 -23.9641170501709 0.125
    endloop
  endfacet
  facet normal 0.9238795659470509 0.38268335164400474 0
    outer loop
      vertex 41.077537536621094 15.768189430236816 0.125
      vertex 40.19599914550781 17.896411895751953 -0.125
      vertex 40.19599914550781 17.896411895751953 0.125
    endloop
  endfacet
  facet normal 0.9238795659470509 0.38268335164400474 0
    outer loop
      vertex 40.19599914550781 17.896411895751953 -0.125
      vertex 41.077537536621094 15.768189430236816 0.125
      vertex 41.077537536621094 15.768189430236816 -0.125
    endloop
  endfacet
  facet normal 0 0 -1
    outer loop
      vertex 40 0 -0.125
      vertex 44 0 -0.125
      vertex 43.939697265625 -2.3027820587158203 -0.125
    endloop
  endfacet
  facet normal 0 0 -1
    outer loop
      vertex 39.94518280029297 -2.093438148498535 -0.125
      vertex 43.939697265625 -2.3027820587158203 -0.125
      vertex 43.75896453857422 -4.599251747131348 -0.125
    endloop
  endfacet
  facet normal 0 0 -1
    outer loop
      vertex 44 0 -0.125
      vertex 40 0 -0.125
      vertex 43.939697265625 2.3027820587158203 -0.125
    endloop
  endfacet
  facet normal 0 0 -1
    outer loop
      vertex 39.78087615966797 -4.181138038635254 -0.125
      vertex 43.75896453857422 -4.599251747131348 -0.125
      vertex 43.45828628540039 -6.883115768432617 -0.125
    endloop
  endfacet
  facet normal 0 0 -1
    outer loop
      vertex 39.94518280029297 2.093438148498535 -0.125
      vertex 43.939697265625 2.3027820587158203 -0.125
      vertex 40 0 -0.125
    endloop
  endfacet
  facet normal 0 0 -1
    outer loop
      vertex 39.50753402709961 -6.257378578186035 -0.125
      vertex 43.45828628540039 -6.883115768432617 -0.125
      vertex 43.03849411010742 -9.148114204406738 -0.125
    endloop
  endfacet
  facet normal 0 0 -1
    outer loop
      vertex 43.939697265625 2.3027820587158203 -0.125
      vertex 39.94518280029297 2.093438148498535 -0.125
      vertex 43.75896453857422 4.599251747131348 -0.125
    endloop
  endfacet
  facet normal 0 0 -1
    outer loop
      vertex 39.12590408325195 -8.31646728515625 -0.125
      vertex 43.03849411010742 -9.148114204406738 -0.125
      vertex 42.500736236572266 -11.38803768157959 -0.125
    endloop
  endfacet
  facet normal 0 0 -1
    outer loop
      vertex 39.78087615966797 4.181138038635254 -0.125
      vertex 43.75896453857422 4.599251747131348 -0.125
      vertex 39.94518280029297 2.093438148498535 -0.125
    endloop
  endfacet
  facet normal 0 0 -1
    outer loop
      vertex 38.63703155517578 -10.352761268615723 -0.125
      vertex 42.500736236572266 -11.38803768157959 -0.125
      vertex 41.84648513793945 -13.596747398376465 -0.125
    endloop
  endfacet
  facet normal 0 0 -1
    outer loop
      vertex 43.75896453857422 4.599251747131348 -0.125
      vertex 39.78087615966797 4.181138038635254 -0.125
      vertex 43.45828628540039 6.883115768432617 -0.125
    endloop
  endfacet
  facet normal 0 0 -1
    outer loop
      vertex 38.042259216308594 -12.360679626464844 -0.125
      vertex 41.84648513793945 -13.596747398376465 -0.125
      vertex 41.077537536621094 -15.768189430236816 -0.125
    endloop
  endfacet
  facet normal 0 0 -1
    outer loop
      vertex 39.50753402709961 6.257378578186035 -0.125
      vertex 43.45828628540039 6.883115768432617 -0.125
      vertex 39.78087615966797 4.181138038635254 -0.125
    endloop
  endfacet
  facet normal 0 0 -1
    outer loop
      vertex 37.34321594238281 -14.334717750549316 -0.125
      vertex 41.077537536621094 -15.768189430236816 -0.125
      vertex 40.19599914550781 -17.896411895751953 -0.125
    endloop
  endfacet
  facet normal 0 0 -1
    outer loop
      vertex 43.45828628540039 6.883115768432617 -0.125
      vertex 39.50753402709961 6.257378578186035 -0.125
      vertex 43.03849411010742 9.148114204406738 -0.125
    endloop
  endfacet
  facet normal 0 0 -1
    outer loop
      vertex 39.12590408325195 8.31646728515625 -0.125
      vertex 43.03849411010742 9.148114204406738 -0.125
      vertex 39.50753402709961 6.257378578186035 -0.125
    endloop
  endfacet
  facet normal 0 0 -1
    outer loop
      vertex 43.939697265625 -2.3027820587158203 -0.125
      vertex 39.94518280029297 -2.093438148498535 -0.125
      vertex 40 0 -0.125
    endloop
  endfacet
  facet normal 0 0 -1
    outer loop
      vertex 43.75896453857422 -4.599251747131348 -0.125
      vertex 39.78087615966797 -4.181138038635254 -0.125
      vertex 39.94518280029297 -2.093438148498535 -0.125
    endloop
  endfacet
  facet normal 0 0 -1
    outer loop
      vertex 43.45828628540039 -6.883115768432617 -0.125
      vertex 39.50753402709961 -6.257378578186035 -0.125
      vertex 39.78087615966797 -4.181138038635254 -0.125
    endloop
  endfacet
  facet normal 0 0 -1
    outer loop
      vertex 36.54181671142578 -16.269466400146484 -0.125
      vertex 40.19599914550781 -17.896411895751953 -0.125
      vertex 39.20428466796875 -19.975582122802734 -0.125
    endloop
  endfacet
  facet normal 0 0 -1
    outer loop
      vertex 43.03849411010742 -9.148114204406738 -0.125
      vertex 39.12590408325195 -8.31646728515625 -0.125
      vertex 39.50753402709961 -6.257378578186035 -0.125
    endloop
  endfacet
  facet normal 0 0 -1
    outer loop
      vertex 42.500736236572266 -11.38803768157959 -0.125
      vertex 38.63703155517578 -10.352761268615723 -0.125
      vertex 39.12590408325195 -8.31646728515625 -0.125
    endloop
  endfacet
  facet normal 0 0 -1
    outer loop
      vertex 35.6402587890625 -18.159618377685547 -0.125
      vertex 39.20428466796875 -19.975582122802734 -0.125
      vertex 38.10511779785156 -22 -0.125
    endloop
  endfacet
  facet normal 0 0 -1
    outer loop
      vertex 41.84648513793945 -13.596747398376465 -0.125
      vertex 38.042259216308594 -12.360679626464844 -0.125
      vertex 38.63703155517578 -10.352761268615723 -0.125
    endloop
  endfacet
  facet normal 0 0 -1
    outer loop
      vertex 41.077537536621094 -15.768189430236816 -0.125
      vertex 37.34321594238281 -14.334717750549316 -0.125
      vertex 38.042259216308594 -12.360679626464844 -0.125
    endloop
  endfacet
  facet normal 0 0 -1
    outer loop
      vertex 34.641014099121094 -20 -0.125
      vertex 38.10511779785156 -22 -0.125
      vertex 36.90150451660156 -23.9641170501709 -0.125
    endloop
  endfacet
  facet normal 0 0 -1
    outer loop
      vertex 40.19599914550781 -17.896411895751953 -0.125
      vertex 36.54181671142578 -16.269466400146484 -0.125
      vertex 37.34321594238281 -14.334717750549316 -0.125
    endloop
  endfacet
  facet normal 0 0 -1
    outer loop
      vertex 39.20428466796875 -19.975582122802734 -0.125
      vertex 35.6402587890625 -18.159618377685547 -0.125
      vertex 36.54181671142578 -16.269466400146484 -0.125
    endloop
  endfacet
  facet normal 0 0 -1
    outer loop
      vertex 33.54682159423828 -21.785560607910156 -0.125
      vertex 36.90150451660156 -23.9641170501709 -0.125
      vertex 35.59674835205078 -25.862550735473633 -0.125
    endloop
  endfacet
  facet normal 0 0 -1
    outer loop
      vertex 38.10511779785156 -22 -0.125
      vertex 34.641014099121094 -20 -0.125
      vertex 35.6402587890625 -18.159618377685547 -0.125
    endloop
  endfacet
  facet normal 0 0 -1
    outer loop
      vertex 32.360679626464844 -23.511409759521484 -0.125
      vertex 35.59674835205078 -25.862550735473633 -0.125
      vertex 34.194419860839844 -27.69009780883789 -0.125
    endloop
  endfacet
  facet normal 0 0 -1
    outer loop
      vertex 36.90150451660156 -23.9641170501709 -0.125
      vertex 33.54682159423828 -21.785560607910156 -0.125
      vertex 34.641014099121094 -20 -0.125
    endloop
  endfacet
  facet normal 0 0 -1
    outer loop
      vertex 31.085838317871094 -25.172815322875977 -0.125
      vertex 34.194419860839844 -27.69009780883789 -0.125
      vertex 32.69837188720703 -29.44174575805664 -0.125
    endloop
  endfacet
  facet normal 0 0 -1
    outer loop
      vertex 35.59674835205078 -25.862550735473633 -0.125
      vertex 32.360679626464844 -23.511409759521484 -0.125
      vertex 33.54682159423828 -21.785560607910156 -0.125
    endloop
  endfacet
  facet normal 0 0 -1
    outer loop
      vertex 29.725791931152344 -26.76522445678711 -0.125
      vertex 32.69837188720703 -29.44174575805664 -0.125
      vertex 31.11269760131836 -31.11269760131836 -0.125
    endloop
  endfacet
  facet normal 0 0 -1
    outer loop
      vertex 34.194419860839844 -27.69009780883789 -0.125
      vertex 31.085838317871094 -25.172815322875977 -0.125
      vertex 32.360679626464844 -23.511409759521484 -0.125
    endloop
  endfacet
  facet normal 0 0 -1
    outer loop
      vertex 32.69837188720703 -29.44174575805664 -0.125
      vertex 29.725791931152344 -26.76522445678711 -0.125
      vertex 31.085838317871094 -25.172815322875977 -0.125
    endloop
  endfacet
  facet normal 0 0 -1
    outer loop
      vertex 28.284271240234375 -28.284271240234375 -0.125
      vertex 31.11269760131836 -31.11269760131836 -0.125
      vertex 29.44174575805664 -32.69837188720703 -0.125
    endloop
  endfacet
  facet normal 0 0 -1
    outer loop
      vertex 31.11269760131836 -31.11269760131836 -0.125
      vertex 28.284271240234375 -28.284271240234375 -0.125
      vertex 29.725791931152344 -26.76522445678711 -0.125
    endloop
  endfacet
  facet normal 0 0 -1
    outer loop
      vertex 26.76522445678711 -29.725791931152344 -0.125
      vertex 29.44174575805664 -32.69837188720703 -0.125
      vertex 27.69009780883789 -34.194419860839844 -0.125
    endloop
  endfacet
  facet normal 0 0 -1
    outer loop
      vertex 29.44174575805664 -32.69837188720703 -0.125
      vertex 26.76522445678711 -29.725791931152344 -0.125
      vertex 28.284271240234375 -28.284271240234375 -0.125
    endloop
  endfacet
  facet normal 0 0 -1
    outer loop
      vertex 25.172815322875977 -31.085838317871094 -0.125
      vertex 27.69009780883789 -34.194419860839844 -0.125
      vertex 25.862550735473633 -35.59674835205078 -0.125
    endloop
  endfacet
  facet normal 0 0 -1
    outer loop
      vertex 27.69009780883789 -34.194419860839844 -0.125
      vertex 25.172815322875977 -31.085838317871094 -0.125
      vertex 26.76522445678711 -29.725791931152344 -0.125
    endloop
  endfacet
  facet normal 0 0 -1
    outer loop
      vertex 23.511409759521484 -32.360679626464844 -0.125
      vertex 25.862550735473633 -35.59674835205078 -0.125
      vertex 23.9641170501709 -36.90150451660156 -0.125
    endloop
  endfacet
  facet normal 0 0 -1
    outer loop
      vertex 25.862550735473633 -35.59674835205078 -0.125
      vertex 23.511409759521484 -32.360679626464844 -0.125
      vertex 25.172815322875977 -31.085838317871094 -0.125
    endloop
  endfacet
  facet normal 0 0 -1
    outer loop
      vertex 21.785560607910156 -33.54682159423828 -0.125
      vertex 23.9641170501709 -36.90150451660156 -0.125
      vertex 22 -38.10511779785156 -0.125
    endloop
  endfacet
  facet normal 0 0 -1
    outer loop
      vertex 23.9641170501709 -36.90150451660156 -0.125
      vertex 21.785560607910156 -33.54682159423828 -0.125
      vertex 23.511409759521484 -32.360679626464844 -0.125
    endloop
  endfacet
  facet normal 0 0 -1
    outer loop
      vertex 22 -38.10511779785156 -0.125
      vertex 20 -34.641014099121094 -0.125
      vertex 21.785560607910156 -33.54682159423828 -0.125
    endloop
  endfacet
  facet normal 0 0 -1
    outer loop
      vertex 19.975582122802734 -39.20428466796875 -0.125
      vertex 20 -34.641014099121094 -0.125
      vertex 22 -38.10511779785156 -0.125
    endloop
  endfacet
  facet normal 0 0 -1
    outer loop
      vertex 19.975582122802734 -39.20428466796875 -0.125
      vertex 18.159618377685547 -35.6402587890625 -0.125
      vertex 20 -34.641014099121094 -0.125
    endloop
  endfacet
  facet normal 0 0 -1
    outer loop
      vertex 17.896411895751953 -40.19599914550781 -0.125
      vertex 18.159618377685547 -35.6402587890625 -0.125
      vertex 19.975582122802734 -39.20428466796875 -0.125
    endloop
  endfacet
  facet normal 0 0 -1
    outer loop
      vertex 17.896411895751953 -40.19599914550781 -0.125
      vertex 16.269466400146484 -36.54181671142578 -0.125
      vertex 18.159618377685547 -35.6402587890625 -0.125
    endloop
  endfacet
  facet normal 0 0 -1
    outer loop
      vertex 15.768189430236816 -41.077537536621094 -0.125
      vertex 16.269466400146484 -36.54181671142578 -0.125
      vertex 17.896411895751953 -40.19599914550781 -0.125
    endloop
  endfacet
  facet normal 0 0 -1
    outer loop
      vertex 15.768189430236816 -41.077537536621094 -0.125
      vertex 14.334717750549316 -37.34321594238281 -0.125
      vertex 16.269466400146484 -36.54181671142578 -0.125
    endloop
  endfacet
  facet normal 0 0 -1
    outer loop
      vertex 13.596747398376465 -41.84648513793945 -0.125
      vertex 14.334717750549316 -37.34321594238281 -0.125
      vertex 15.768189430236816 -41.077537536621094 -0.125
    endloop
  endfacet
  facet normal 0 0 -1
    outer loop
      vertex 13.596747398376465 -41.84648513793945 -0.125
      vertex 12.360679626464844 -38.042259216308594 -0.125
      vertex 14.334717750549316 -37.34321594238281 -0.125
    endloop
  endfacet
  facet normal 0 0 -1
    outer loop
      vertex 11.38803768157959 -42.500736236572266 -0.125
      vertex 12.360679626464844 -38.042259216308594 -0.125
      vertex 13.596747398376465 -41.84648513793945 -0.125
    endloop
  endfacet
  facet normal 0 0 -1
    outer loop
      vertex 11.38803768157959 -42.500736236572266 -0.125
      vertex 10.352761268615723 -38.63703155517578 -0.125
      vertex 12.360679626464844 -38.042259216308594 -0.125
    endloop
  endfacet
  facet normal 0 0 -1
    outer loop
      vertex 9.148114204406738 -43.03849411010742 -0.125
      vertex 10.352761268615723 -38.63703155517578 -0.125
      vertex 11.38803768157959 -42.500736236572266 -0.125
    endloop
  endfacet
  facet normal 0 0 -1
    outer loop
      vertex 9.148114204406738 -43.03849411010742 -0.125
      vertex 8.31646728515625 -39.12590408325195 -0.125
      vertex 10.352761268615723 -38.63703155517578 -0.125
    endloop
  endfacet
  facet normal 0 0 -1
    outer loop
      vertex 6.883115768432617 -43.45828628540039 -0.125
      vertex 8.31646728515625 -39.12590408325195 -0.125
      vertex 9.148114204406738 -43.03849411010742 -0.125
    endloop
  endfacet
  facet normal 0 0 -1
    outer loop
      vertex 6.883115768432617 -43.45828628540039 -0.125
      vertex 6.257378578186035 -39.50753402709961 -0.125
      vertex 8.31646728515625 -39.12590408325195 -0.125
    endloop
  endfacet
  facet normal 0 0 -1
    outer loop
      vertex 4.599251747131348 -43.75896453857422 -0.125
      vertex 6.257378578186035 -39.50753402709961 -0.125
      vertex 6.883115768432617 -43.45828628540039 -0.125
    endloop
  endfacet
  facet normal 0 0 -1
    outer loop
      vertex 4.599251747131348 -43.75896453857422 -0.125
      vertex 4.181138038635254 -39.78087615966797 -0.125
      vertex 6.257378578186035 -39.50753402709961 -0.125
    endloop
  endfacet
  facet normal 0 0 -1
    outer loop
      vertex 2.3027820587158203 -43.939697265625 -0.125
      vertex 4.181138038635254 -39.78087615966797 -0.125
      vertex 4.599251747131348 -43.75896453857422 -0.125
    endloop
  endfacet
  facet normal 0 0 -1
    outer loop
      vertex 2.3027820587158203 -43.939697265625 -0.125
      vertex 2.093438148498535 -39.94518280029297 -0.125
      vertex 4.181138038635254 -39.78087615966797 -0.125
    endloop
  endfacet
  facet normal 0 0 -1
    outer loop
      vertex 0 -44 -0.125
      vertex 2.093438148498535 -39.94518280029297 -0.125
      vertex 2.3027820587158203 -43.939697265625 -0.125
    endloop
  endfacet
  facet normal 0 0 -1
    outer loop
      vertex 0 -44 -0.125
      vertex 0 -40 -0.125
      vertex 2.093438148498535 -39.94518280029297 -0.125
    endloop
  endfacet
  facet normal 0 0 -1
    outer loop
      vertex 0 -44 -0.125
      vertex -2.093438148498535 -39.94518280029297 -0.125
      vertex 0 -40 -0.125
    endloop
  endfacet
  facet normal 0 0 -1
    outer loop
      vertex -2.3027820587158203 -43.939697265625 -0.125
      vertex -2.093438148498535 -39.94518280029297 -0.125
      vertex 0 -44 -0.125
    endloop
  endfacet
  facet normal 0 0 -1
    outer loop
      vertex -2.3027820587158203 -43.939697265625 -0.125
      vertex -4.181138038635254 -39.78087615966797 -0.125
      vertex -2.093438148498535 -39.94518280029297 -0.125
    endloop
  endfacet
  facet normal 0 0 -1
    outer loop
      vertex -4.599251747131348 -43.75896453857422 -0.125
      vertex -4.181138038635254 -39.78087615966797 -0.125
      vertex -2.3027820587158203 -43.939697265625 -0.125
    endloop
  endfacet
  facet normal 0 0 -1
    outer loop
      vertex -4.599251747131348 -43.75896453857422 -0.125
      vertex -6.257378578186035 -39.50753402709961 -0.125
      vertex -4.181138038635254 -39.78087615966797 -0.125
    endloop
  endfacet
  facet normal 0 0 -1
    outer loop
      vertex -6.883115768432617 -43.45828628540039 -0.125
      vertex -6.257378578186035 -39.50753402709961 -0.125
      vertex -4.599251747131348 -43.75896453857422 -0.125
    endloop
  endfacet
  facet normal 0 0 -1
    outer loop
      vertex -6.883115768432617 -43.45828628540039 -0.125
      vertex -8.31646728515625 -39.12590408325195 -0.125
      vertex -6.257378578186035 -39.50753402709961 -0.125
    endloop
  endfacet
  facet normal 0 0 -1
    outer loop
      vertex -9.148114204406738 -43.03849411010742 -0.125
      vertex -8.31646728515625 -39.12590408325195 -0.125
      vertex -6.883115768432617 -43.45828628540039 -0.125
    endloop
  endfacet
  facet normal 0 0 -1
    outer loop
      vertex -9.148114204406738 -43.03849411010742 -0.125
      vertex -10.352761268615723 -38.63703155517578 -0.125
      vertex -8.31646728515625 -39.12590408325195 -0.125
    endloop
  endfacet
  facet normal 0 0 -1
    outer loop
      vertex -11.38803768157959 -42.500736236572266 -0.125
      vertex -10.352761268615723 -38.63703155517578 -0.125
      vertex -9.148114204406738 -43.03849411010742 -0.125
    endloop
  endfacet
  facet normal 0 0 -1
    outer loop
      vertex -11.38803768157959 -42.500736236572266 -0.125
      vertex -12.360679626464844 -38.042259216308594 -0.125
      vertex -10.352761268615723 -38.63703155517578 -0.125
    endloop
  endfacet
  facet normal 0 0 -1
    outer loop
      vertex -13.596747398376465 -41.84648513793945 -0.125
      vertex -12.360679626464844 -38.042259216308594 -0.125
      vertex -11.38803768157959 -42.500736236572266 -0.125
    endloop
  endfacet
  facet normal 0 0 -1
    outer loop
      vertex -13.596747398376465 -41.84648513793945 -0.125
      vertex -14.334717750549316 -37.34321594238281 -0.125
      vertex -12.360679626464844 -38.042259216308594 -0.125
    endloop
  endfacet
  facet normal 0 0 -1
    outer loop
      vertex -15.768189430236816 -41.077537536621094 -0.125
      vertex -14.334717750549316 -37.34321594238281 -0.125
      vertex -13.596747398376465 -41.84648513793945 -0.125
    endloop
  endfacet
  facet normal 0 0 -1
    outer loop
      vertex -15.768189430236816 -41.077537536621094 -0.125
      vertex -16.269466400146484 -36.54181671142578 -0.125
      vertex -14.334717750549316 -37.34321594238281 -0.125
    endloop
  endfacet
  facet normal 0 0 -1
    outer loop
      vertex -17.896411895751953 -40.19599914550781 -0.125
      vertex -16.269466400146484 -36.54181671142578 -0.125
      vertex -15.768189430236816 -41.077537536621094 -0.125
    endloop
  endfacet
  facet normal 0 0 -1
    outer loop
      vertex -17.896411895751953 -40.19599914550781 -0.125
      vertex -18.159618377685547 -35.6402587890625 -0.125
      vertex -16.269466400146484 -36.54181671142578 -0.125
    endloop
  endfacet
  facet normal 0 0 -1
    outer loop
      vertex -19.975582122802734 -39.20428466796875 -0.125
      vertex -18.159618377685547 -35.6402587890625 -0.125
      vertex -17.896411895751953 -40.19599914550781 -0.125
    endloop
  endfacet
  facet normal 0 0 -1
    outer loop
      vertex -19.975582122802734 -39.20428466796875 -0.125
      vertex -20 -34.641014099121094 -0.125
      vertex -18.159618377685547 -35.6402587890625 -0.125
    endloop
  endfacet
  facet normal 0 0 -1
    outer loop
      vertex -22 -38.10511779785156 -0.125
      vertex -20 -34.641014099121094 -0.125
      vertex -19.975582122802734 -39.20428466796875 -0.125
    endloop
  endfacet
  facet normal 0 0 -1
    outer loop
      vertex -20 -34.641014099121094 -0.125
      vertex -22 -38.10511779785156 -0.125
      vertex -21.785560607910156 -33.54682159423828 -0.125
    endloop
  endfacet
  facet normal 0 0 -1
    outer loop
      vertex -23.9641170501709 -36.90150451660156 -0.125
      vertex -21.785560607910156 -33.54682159423828 -0.125
      vertex -22 -38.10511779785156 -0.125
    endloop
  endfacet
  facet normal 0 0 -1
    outer loop
      vertex -21.785560607910156 -33.54682159423828 -0.125
      vertex -23.9641170501709 -36.90150451660156 -0.125
      vertex -23.511409759521484 -32.360679626464844 -0.125
    endloop
  endfacet
  facet normal 0 0 -1
    outer loop
      vertex -25.862550735473633 -35.59674835205078 -0.125
      vertex -23.511409759521484 -32.360679626464844 -0.125
      vertex -23.9641170501709 -36.90150451660156 -0.125
    endloop
  endfacet
  facet normal 0 0 -1
    outer loop
      vertex -23.511409759521484 -32.360679626464844 -0.125
      vertex -25.862550735473633 -35.59674835205078 -0.125
      vertex -25.172815322875977 -31.085838317871094 -0.125
    endloop
  endfacet
  facet normal 0 0 -1
    outer loop
      vertex -27.69009780883789 -34.194419860839844 -0.125
      vertex -25.172815322875977 -31.085838317871094 -0.125
      vertex -25.862550735473633 -35.59674835205078 -0.125
    endloop
  endfacet
  facet normal 0 0 -1
    outer loop
      vertex -25.172815322875977 -31.085838317871094 -0.125
      vertex -27.69009780883789 -34.194419860839844 -0.125
      vertex -26.76522445678711 -29.725791931152344 -0.125
    endloop
  endfacet
  facet normal 0 0 -1
    outer loop
      vertex -29.44174575805664 -32.69837188720703 -0.125
      vertex -26.76522445678711 -29.725791931152344 -0.125
      vertex -27.69009780883789 -34.194419860839844 -0.125
    endloop
  endfacet
  facet normal 0 0 -1
    outer loop
      vertex -26.76522445678711 -29.725791931152344 -0.125
      vertex -29.44174575805664 -32.69837188720703 -0.125
      vertex -28.284271240234375 -28.284271240234375 -0.125
    endloop
  endfacet
  facet normal 0 0 -1
    outer loop
      vertex -31.11269760131836 -31.11269760131836 -0.125
      vertex -28.284271240234375 -28.284271240234375 -0.125
      vertex -29.44174575805664 -32.69837188720703 -0.125
    endloop
  endfacet
  facet normal 0 0 -1
    outer loop
      vertex -28.284271240234375 -28.284271240234375 -0.125
      vertex -31.11269760131836 -31.11269760131836 -0.125
      vertex -29.725791931152344 -26.76522445678711 -0.125
    endloop
  endfacet
  facet normal 0 0 -1
    outer loop
      vertex -32.69837188720703 -29.44174575805664 -0.125
      vertex -29.725791931152344 -26.76522445678711 -0.125
      vertex -31.11269760131836 -31.11269760131836 -0.125
    endloop
  endfacet
  facet normal 0 0 -1
    outer loop
      vertex -29.725791931152344 -26.76522445678711 -0.125
      vertex -32.69837188720703 -29.44174575805664 -0.125
      vertex -31.085838317871094 -25.172815322875977 -0.125
    endloop
  endfacet
  facet normal 0 0 -1
    outer loop
      vertex -34.194419860839844 -27.69009780883789 -0.125
      vertex -31.085838317871094 -25.172815322875977 -0.125
      vertex -32.69837188720703 -29.44174575805664 -0.125
    endloop
  endfacet
  facet normal 0 0 -1
    outer loop
      vertex -31.085838317871094 -25.172815322875977 -0.125
      vertex -34.194419860839844 -27.69009780883789 -0.125
      vertex -32.360679626464844 -23.511409759521484 -0.125
    endloop
  endfacet
  facet normal 0 0 -1
    outer loop
      vertex -35.59674835205078 -25.862550735473633 -0.125
      vertex -32.360679626464844 -23.511409759521484 -0.125
      vertex -34.194419860839844 -27.69009780883789 -0.125
    endloop
  endfacet
  facet normal 0 0 -1
    outer loop
      vertex -32.360679626464844 -23.511409759521484 -0.125
      vertex -35.59674835205078 -25.862550735473633 -0.125
      vertex -33.54682159423828 -21.785560607910156 -0.125
    endloop
  endfacet
  facet normal 0 0 -1
    outer loop
      vertex -36.90150451660156 -23.9641170501709 -0.125
      vertex -33.54682159423828 -21.785560607910156 -0.125
      vertex -35.59674835205078 -25.862550735473633 -0.125
    endloop
  endfacet
  facet normal 0 0 -1
    outer loop
      vertex -33.54682159423828 -21.785560607910156 -0.125
      vertex -36.90150451660156 -23.9641170501709 -0.125
      vertex -34.641014099121094 -20 -0.125
    endloop
  endfacet
  facet normal 0 0 -1
    outer loop
      vertex -38.10511779785156 -22 -0.125
      vertex -34.641014099121094 -20 -0.125
      vertex -36.90150451660156 -23.9641170501709 -0.125
    endloop
  endfacet
  facet normal 0 0 -1
    outer loop
      vertex -34.641014099121094 -20 -0.125
      vertex -38.10511779785156 -22 -0.125
      vertex -35.6402587890625 -18.159618377685547 -0.125
    endloop
  endfacet
  facet normal 0 0 -1
    outer loop
      vertex -39.20428466796875 -19.975582122802734 -0.125
      vertex -35.6402587890625 -18.159618377685547 -0.125
      vertex -38.10511779785156 -22 -0.125
    endloop
  endfacet
  facet normal 0 0 -1
    outer loop
      vertex -35.6402587890625 -18.159618377685547 -0.125
      vertex -39.20428466796875 -19.975582122802734 -0.125
      vertex -36.54181671142578 -16.269466400146484 -0.125
    endloop
  endfacet
  facet normal 0 0 -1
    outer loop
      vertex -40.19599914550781 -17.896411895751953 -0.125
      vertex -36.54181671142578 -16.269466400146484 -0.125
      vertex -39.20428466796875 -19.975582122802734 -0.125
    endloop
  endfacet
  facet normal 0 0 -1
    outer loop
      vertex -36.54181671142578 -16.269466400146484 -0.125
      vertex -40.19599914550781 -17.896411895751953 -0.125
      vertex -37.34321594238281 -14.334717750549316 -0.125
    endloop
  endfacet
  facet normal 0 0 -1
    outer loop
      vertex -41.077537536621094 -15.768189430236816 -0.125
      vertex -37.34321594238281 -14.334717750549316 -0.125
      vertex -40.19599914550781 -17.896411895751953 -0.125
    endloop
  endfacet
  facet normal 0 0 -1
    outer loop
      vertex -37.34321594238281 -14.334717750549316 -0.125
      vertex -41.077537536621094 -15.768189430236816 -0.125
      vertex -38.042259216308594 -12.360679626464844 -0.125
    endloop
  endfacet
  facet normal 0 0 -1
    outer loop
      vertex -41.84648513793945 -13.596747398376465 -0.125
      vertex -38.042259216308594 -12.360679626464844 -0.125
      vertex -41.077537536621094 -15.768189430236816 -0.125
    endloop
  endfacet
  facet normal 0 0 -1
    outer loop
      vertex -38.042259216308594 -12.360679626464844 -0.125
      vertex -41.84648513793945 -13.596747398376465 -0.125
      vertex -38.63703155517578 -10.352761268615723 -0.125
    endloop
  endfacet
  facet normal 0 0 -1
    outer loop
      vertex -42.500736236572266 -11.38803768157959 -0.125
      vertex -38.63703155517578 -10.352761268615723 -0.125
      vertex -41.84648513793945 -13.596747398376465 -0.125
    endloop
  endfacet
  facet normal 0 0 -1
    outer loop
      vertex -43.03849411010742 -9.148114204406738 -0.125
      vertex -39.12590408325195 -8.31646728515625 -0.125
      vertex -42.500736236572266 -11.38803768157959 -0.125
    endloop
  endfacet
  facet normal 0 0 -1
    outer loop
      vertex -38.63703155517578 -10.352761268615723 -0.125
      vertex -42.500736236572266 -11.38803768157959 -0.125
      vertex -39.12590408325195 -8.31646728515625 -0.125
    endloop
  endfacet
  facet normal 0 0 -1
    outer loop
      vertex 43.03849411010742 9.148114204406738 -0.125
      vertex 39.12590408325195 8.31646728515625 -0.125
      vertex 42.500736236572266 11.38803768157959 -0.125
    endloop
  endfacet
  facet normal 0 0 -1
    outer loop
      vertex 38.63703155517578 10.352761268615723 -0.125
      vertex 42.500736236572266 11.38803768157959 -0.125
      vertex 39.12590408325195 8.31646728515625 -0.125
    endloop
  endfacet
  facet normal 0 0 -1
    outer loop
      vertex 42.500736236572266 11.38803768157959 -0.125
      vertex 38.63703155517578 10.352761268615723 -0.125
      vertex 41.84648513793945 13.596747398376465 -0.125
    endloop
  endfacet
  facet normal 0 0 -1
    outer loop
      vertex 38.042259216308594 12.360679626464844 -0.125
      vertex 41.84648513793945 13.596747398376465 -0.125
      vertex 38.63703155517578 10.352761268615723 -0.125
    endloop
  endfacet
  facet normal 0 0 -1
    outer loop
      vertex 41.84648513793945 13.596747398376465 -0.125
      vertex 38.042259216308594 12.360679626464844 -0.125
      vertex 41.077537536621094 15.768189430236816 -0.125
    endloop
  endfacet
  facet normal 0 0 -1
    outer loop
      vertex 37.34321594238281 14.334717750549316 -0.125
      vertex 41.077537536621094 15.768189430236816 -0.125
      vertex 38.042259216308594 12.360679626464844 -0.125
    endloop
  endfacet
  facet normal 0 0 -1
    outer loop
      vertex 41.077537536621094 15.768189430236816 -0.125
      vertex 37.34321594238281 14.334717750549316 -0.125
      vertex 40.19599914550781 17.896411895751953 -0.125
    endloop
  endfacet
  facet normal 0 0 -1
    outer loop
      vertex 36.54181671142578 16.269466400146484 -0.125
      vertex 40.19599914550781 17.896411895751953 -0.125
      vertex 37.34321594238281 14.334717750549316 -0.125
    endloop
  endfacet
  facet normal 0 0 -1
    outer loop
      vertex 40.19599914550781 17.896411895751953 -0.125
      vertex 36.54181671142578 16.269466400146484 -0.125
      vertex 39.20428466796875 19.975582122802734 -0.125
    endloop
  endfacet
  facet normal 0 0 -1
    outer loop
      vertex 35.6402587890625 18.159618377685547 -0.125
      vertex 39.20428466796875 19.975582122802734 -0.125
      vertex 36.54181671142578 16.269466400146484 -0.125
    endloop
  endfacet
  facet normal 0 0 -1
    outer loop
      vertex 39.20428466796875 19.975582122802734 -0.125
      vertex 35.6402587890625 18.159618377685547 -0.125
      vertex 38.10511779785156 22 -0.125
    endloop
  endfacet
  facet normal 0 0 -1
    outer loop
      vertex 34.641014099121094 20 -0.125
      vertex 38.10511779785156 22 -0.125
      vertex 35.6402587890625 18.159618377685547 -0.125
    endloop
  endfacet
  facet normal 0 0 -1
    outer loop
      vertex 38.10511779785156 22 -0.125
      vertex 34.641014099121094 20 -0.125
      vertex 36.90150451660156 23.9641170501709 -0.125
    endloop
  endfacet
  facet normal 0 0 -1
    outer loop
      vertex 33.54682159423828 21.785560607910156 -0.125
      vertex 36.90150451660156 23.9641170501709 -0.125
      vertex 34.641014099121094 20 -0.125
    endloop
  endfacet
  facet normal 0 0 -1
    outer loop
      vertex 36.90150451660156 23.9641170501709 -0.125
      vertex 33.54682159423828 21.785560607910156 -0.125
      vertex 35.59674835205078 25.862550735473633 -0.125
    endloop
  endfacet
  facet normal 0 0 -1
    outer loop
      vertex 32.360679626464844 23.511409759521484 -0.125
      vertex 35.59674835205078 25.862550735473633 -0.125
      vertex 33.54682159423828 21.785560607910156 -0.125
    endloop
  endfacet
  facet normal 0 0 -1
    outer loop
      vertex 35.59674835205078 25.862550735473633 -0.125
      vertex 32.360679626464844 23.511409759521484 -0.125
      vertex 34.194419860839844 27.69009780883789 -0.125
    endloop
  endfacet
  facet normal 0 0 -1
    outer loop
      vertex 31.085838317871094 25.172815322875977 -0.125
      vertex 34.194419860839844 27.69009780883789 -0.125
      vertex 32.360679626464844 23.511409759521484 -0.125
    endloop
  endfacet
  facet normal 0 0 -1
    outer loop
      vertex 34.194419860839844 27.69009780883789 -0.125
      vertex 31.085838317871094 25.172815322875977 -0.125
      vertex 32.69837188720703 29.44174575805664 -0.125
    endloop
  endfacet
  facet normal 0 0 -1
    outer loop
      vertex 29.725791931152344 26.76522445678711 -0.125
      vertex 32.69837188720703 29.44174575805664 -0.125
      vertex 31.085838317871094 25.172815322875977 -0.125
    endloop
  endfacet
  facet normal 0 0 -1
    outer loop
      vertex 32.69837188720703 29.44174575805664 -0.125
      vertex 29.725791931152344 26.76522445678711 -0.125
      vertex 31.11269760131836 31.11269760131836 -0.125
    endloop
  endfacet
  facet normal 0 0 -1
    outer loop
      vertex 28.284271240234375 28.284271240234375 -0.125
      vertex 31.11269760131836 31.11269760131836 -0.125
      vertex 29.725791931152344 26.76522445678711 -0.125
    endloop
  endfacet
  facet normal 0 0 -1
    outer loop
      vertex 31.11269760131836 31.11269760131836 -0.125
      vertex 28.284271240234375 28.284271240234375 -0.125
      vertex 29.44174575805664 32.69837188720703 -0.125
    endloop
  endfacet
  facet normal 0 0 -1
    outer loop
      vertex 26.76522445678711 29.725791931152344 -0.125
      vertex 29.44174575805664 32.69837188720703 -0.125
      vertex 28.284271240234375 28.284271240234375 -0.125
    endloop
  endfacet
  facet normal 0 0 -1
    outer loop
      vertex 29.44174575805664 32.69837188720703 -0.125
      vertex 26.76522445678711 29.725791931152344 -0.125
      vertex 27.69009780883789 34.194419860839844 -0.125
    endloop
  endfacet
  facet normal 0 0 -1
    outer loop
      vertex 25.172815322875977 31.085838317871094 -0.125
      vertex 27.69009780883789 34.194419860839844 -0.125
      vertex 26.76522445678711 29.725791931152344 -0.125
    endloop
  endfacet
  facet normal 0 0 -1
    outer loop
      vertex 27.69009780883789 34.194419860839844 -0.125
      vertex 25.172815322875977 31.085838317871094 -0.125
      vertex 25.862550735473633 35.59674835205078 -0.125
    endloop
  endfacet
  facet normal 0 0 -1
    outer loop
      vertex 23.511409759521484 32.360679626464844 -0.125
      vertex 25.862550735473633 35.59674835205078 -0.125
      vertex 25.172815322875977 31.085838317871094 -0.125
    endloop
  endfacet
  facet normal 0 0 -1
    outer loop
      vertex 25.862550735473633 35.59674835205078 -0.125
      vertex 23.511409759521484 32.360679626464844 -0.125
      vertex 23.9641170501709 36.90150451660156 -0.125
    endloop
  endfacet
  facet normal 0 0 -1
    outer loop
      vertex 21.785560607910156 33.54682159423828 -0.125
      vertex 23.9641170501709 36.90150451660156 -0.125
      vertex 23.511409759521484 32.360679626464844 -0.125
    endloop
  endfacet
  facet normal 0 0 -1
    outer loop
      vertex 23.9641170501709 36.90150451660156 -0.125
      vertex 21.785560607910156 33.54682159423828 -0.125
      vertex 22 38.10511779785156 -0.125
    endloop
  endfacet
  facet normal 0 0 -1
    outer loop
      vertex 20 34.641014099121094 -0.125
      vertex 22 38.10511779785156 -0.125
      vertex 21.785560607910156 33.54682159423828 -0.125
    endloop
  endfacet
  facet normal 0 0 -1
    outer loop
      vertex 20 34.641014099121094 -0.125
      vertex 19.975582122802734 39.20428466796875 -0.125
      vertex 22 38.10511779785156 -0.125
    endloop
  endfacet
  facet normal 0 0 -1
    outer loop
      vertex 18.159618377685547 35.6402587890625 -0.125
      vertex 19.975582122802734 39.20428466796875 -0.125
      vertex 20 34.641014099121094 -0.125
    endloop
  endfacet
  facet normal 0 0 -1
    outer loop
      vertex 18.159618377685547 35.6402587890625 -0.125
      vertex 17.896411895751953 40.19599914550781 -0.125
      vertex 19.975582122802734 39.20428466796875 -0.125
    endloop
  endfacet
  facet normal 0 0 -1
    outer loop
      vertex 16.269466400146484 36.54181671142578 -0.125
      vertex 17.896411895751953 40.19599914550781 -0.125
      vertex 18.159618377685547 35.6402587890625 -0.125
    endloop
  endfacet
  facet normal 0 0 -1
    outer loop
      vertex 16.269466400146484 36.54181671142578 -0.125
      vertex 15.768189430236816 41.077537536621094 -0.125
      vertex 17.896411895751953 40.19599914550781 -0.125
    endloop
  endfacet
  facet normal 0 0 -1
    outer loop
      vertex 14.334717750549316 37.34321594238281 -0.125
      vertex 15.768189430236816 41.077537536621094 -0.125
      vertex 16.269466400146484 36.54181671142578 -0.125
    endloop
  endfacet
  facet normal 0 0 -1
    outer loop
      vertex 14.334717750549316 37.34321594238281 -0.125
      vertex 13.596747398376465 41.84648513793945 -0.125
      vertex 15.768189430236816 41.077537536621094 -0.125
    endloop
  endfacet
  facet normal 0 0 -1
    outer loop
      vertex 12.360679626464844 38.042259216308594 -0.125
      vertex 13.596747398376465 41.84648513793945 -0.125
      vertex 14.334717750549316 37.34321594238281 -0.125
    endloop
  endfacet
  facet normal 0 0 -1
    outer loop
      vertex 12.360679626464844 38.042259216308594 -0.125
      vertex 11.38803768157959 42.500736236572266 -0.125
      vertex 13.596747398376465 41.84648513793945 -0.125
    endloop
  endfacet
  facet normal 0 0 -1
    outer loop
      vertex 10.352761268615723 38.63703155517578 -0.125
      vertex 11.38803768157959 42.500736236572266 -0.125
      vertex 12.360679626464844 38.042259216308594 -0.125
    endloop
  endfacet
  facet normal 0 0 -1
    outer loop
      vertex 10.352761268615723 38.63703155517578 -0.125
      vertex 9.148114204406738 43.03849411010742 -0.125
      vertex 11.38803768157959 42.500736236572266 -0.125
    endloop
  endfacet
  facet normal 0 0 -1
    outer loop
      vertex 8.31646728515625 39.12590408325195 -0.125
      vertex 9.148114204406738 43.03849411010742 -0.125
      vertex 10.352761268615723 38.63703155517578 -0.125
    endloop
  endfacet
  facet normal 0 0 -1
    outer loop
      vertex 8.31646728515625 39.12590408325195 -0.125
      vertex 6.883115768432617 43.45828628540039 -0.125
      vertex 9.148114204406738 43.03849411010742 -0.125
    endloop
  endfacet
  facet normal 0 0 -1
    outer loop
      vertex 6.257378578186035 39.50753402709961 -0.125
      vertex 6.883115768432617 43.45828628540039 -0.125
      vertex 8.31646728515625 39.12590408325195 -0.125
    endloop
  endfacet
  facet normal 0 0 -1
    outer loop
      vertex 6.257378578186035 39.50753402709961 -0.125
      vertex 4.599251747131348 43.75896453857422 -0.125
      vertex 6.883115768432617 43.45828628540039 -0.125
    endloop
  endfacet
  facet normal 0 0 -1
    outer loop
      vertex 4.181138038635254 39.78087615966797 -0.125
      vertex 4.599251747131348 43.75896453857422 -0.125
      vertex 6.257378578186035 39.50753402709961 -0.125
    endloop
  endfacet
  facet normal 0 0 -1
    outer loop
      vertex 4.181138038635254 39.78087615966797 -0.125
      vertex 2.3027820587158203 43.939697265625 -0.125
      vertex 4.599251747131348 43.75896453857422 -0.125
    endloop
  endfacet
  facet normal 0 0 -1
    outer loop
      vertex 2.093438148498535 39.94518280029297 -0.125
      vertex 2.3027820587158203 43.939697265625 -0.125
      vertex 4.181138038635254 39.78087615966797 -0.125
    endloop
  endfacet
  facet normal 0 0 -1
    outer loop
      vertex 0 40 -0.125
      vertex 2.3027820587158203 43.939697265625 -0.125
      vertex 2.093438148498535 39.94518280029297 -0.125
    endloop
  endfacet
  facet normal 0 0 -1
    outer loop
      vertex 0 40 -0.125
      vertex 0 44 -0.125
      vertex 2.3027820587158203 43.939697265625 -0.125
    endloop
  endfacet
  facet normal 0 0 -1
    outer loop
      vertex -2.093438148498535 39.94518280029297 -0.125
      vertex 0 44 -0.125
      vertex 0 40 -0.125
    endloop
  endfacet
  facet normal 0 0 -1
    outer loop
      vertex -2.093438148498535 39.94518280029297 -0.125
      vertex -2.3027820587158203 43.939697265625 -0.125
      vertex 0 44 -0.125
    endloop
  endfacet
  facet normal 0 0 -1
    outer loop
      vertex -4.181138038635254 39.78087615966797 -0.125
      vertex -2.3027820587158203 43.939697265625 -0.125
      vertex -2.093438148498535 39.94518280029297 -0.125
    endloop
  endfacet
  facet normal 0 0 -1
    outer loop
      vertex -4.181138038635254 39.78087615966797 -0.125
      vertex -4.599251747131348 43.75896453857422 -0.125
      vertex -2.3027820587158203 43.939697265625 -0.125
    endloop
  endfacet
  facet normal 0 0 -1
    outer loop
      vertex -6.257378578186035 39.50753402709961 -0.125
      vertex -4.599251747131348 43.75896453857422 -0.125
      vertex -4.181138038635254 39.78087615966797 -0.125
    endloop
  endfacet
  facet normal 0 0 -1
    outer loop
      vertex -6.257378578186035 39.50753402709961 -0.125
      vertex -6.883115768432617 43.45828628540039 -0.125
      vertex -4.599251747131348 43.75896453857422 -0.125
    endloop
  endfacet
  facet normal 0 0 -1
    outer loop
      vertex -8.31646728515625 39.12590408325195 -0.125
      vertex -6.883115768432617 43.45828628540039 -0.125
      vertex -6.257378578186035 39.50753402709961 -0.125
    endloop
  endfacet
  facet normal 0 0 -1
    outer loop
      vertex -8.31646728515625 39.12590408325195 -0.125
      vertex -9.148114204406738 43.03849411010742 -0.125
      vertex -6.883115768432617 43.45828628540039 -0.125
    endloop
  endfacet
  facet normal 0 0 -1
    outer loop
      vertex -10.352761268615723 38.63703155517578 -0.125
      vertex -9.148114204406738 43.03849411010742 -0.125
      vertex -8.31646728515625 39.12590408325195 -0.125
    endloop
  endfacet
  facet normal 0 0 -1
    outer loop
      vertex -10.352761268615723 38.63703155517578 -0.125
      vertex -11.38803768157959 42.500736236572266 -0.125
      vertex -9.148114204406738 43.03849411010742 -0.125
    endloop
  endfacet
  facet normal 0 0 -1
    outer loop
      vertex -12.360679626464844 38.042259216308594 -0.125
      vertex -11.38803768157959 42.500736236572266 -0.125
      vertex -10.352761268615723 38.63703155517578 -0.125
    endloop
  endfacet
  facet normal 0 0 -1
    outer loop
      vertex -12.360679626464844 38.042259216308594 -0.125
      vertex -13.596747398376465 41.84648513793945 -0.125
      vertex -11.38803768157959 42.500736236572266 -0.125
    endloop
  endfacet
  facet normal 0 0 -1
    outer loop
      vertex -14.334717750549316 37.34321594238281 -0.125
      vertex -13.596747398376465 41.84648513793945 -0.125
      vertex -12.360679626464844 38.042259216308594 -0.125
    endloop
  endfacet
  facet normal 0 0 -1
    outer loop
      vertex -14.334717750549316 37.34321594238281 -0.125
      vertex -15.768189430236816 41.077537536621094 -0.125
      vertex -13.596747398376465 41.84648513793945 -0.125
    endloop
  endfacet
  facet normal 0 0 -1
    outer loop
      vertex -16.269466400146484 36.54181671142578 -0.125
      vertex -15.768189430236816 41.077537536621094 -0.125
      vertex -14.334717750549316 37.34321594238281 -0.125
    endloop
  endfacet
  facet normal 0 0 -1
    outer loop
      vertex -16.269466400146484 36.54181671142578 -0.125
      vertex -17.896411895751953 40.19599914550781 -0.125
      vertex -15.768189430236816 41.077537536621094 -0.125
    endloop
  endfacet
  facet normal 0 0 -1
    outer loop
      vertex -18.159618377685547 35.6402587890625 -0.125
      vertex -17.896411895751953 40.19599914550781 -0.125
      vertex -16.269466400146484 36.54181671142578 -0.125
    endloop
  endfacet
  facet normal 0 0 -1
    outer loop
      vertex -18.159618377685547 35.6402587890625 -0.125
      vertex -19.975582122802734 39.20428466796875 -0.125
      vertex -17.896411895751953 40.19599914550781 -0.125
    endloop
  endfacet
  facet normal 0 0 -1
    outer loop
      vertex -20 34.641014099121094 -0.125
      vertex -19.975582122802734 39.20428466796875 -0.125
      vertex -18.159618377685547 35.6402587890625 -0.125
    endloop
  endfacet
  facet normal 0 0 -1
    outer loop
      vertex -22 38.10511779785156 -0.125
      vertex -20 34.641014099121094 -0.125
      vertex -21.785560607910156 33.54682159423828 -0.125
    endloop
  endfacet
  facet normal 0 0 -1
    outer loop
      vertex -20 34.641014099121094 -0.125
      vertex -22 38.10511779785156 -0.125
      vertex -19.975582122802734 39.20428466796875 -0.125
    endloop
  endfacet
  facet normal 0 0 -1
    outer loop
      vertex -23.9641170501709 36.90150451660156 -0.125
      vertex -21.785560607910156 33.54682159423828 -0.125
      vertex -23.511409759521484 32.360679626464844 -0.125
    endloop
  endfacet
  facet normal 0 0 -1
    outer loop
      vertex -21.785560607910156 33.54682159423828 -0.125
      vertex -23.9641170501709 36.90150451660156 -0.125
      vertex -22 38.10511779785156 -0.125
    endloop
  endfacet
  facet normal 0 0 -1
    outer loop
      vertex -25.862550735473633 35.59674835205078 -0.125
      vertex -23.511409759521484 32.360679626464844 -0.125
      vertex -25.172815322875977 31.085838317871094 -0.125
    endloop
  endfacet
  facet normal 0 0 -1
    outer loop
      vertex -23.511409759521484 32.360679626464844 -0.125
      vertex -25.862550735473633 35.59674835205078 -0.125
      vertex -23.9641170501709 36.90150451660156 -0.125
    endloop
  endfacet
  facet normal 0 0 -1
    outer loop
      vertex -27.69009780883789 34.194419860839844 -0.125
      vertex -25.172815322875977 31.085838317871094 -0.125
      vertex -26.76522445678711 29.725791931152344 -0.125
    endloop
  endfacet
  facet normal 0 0 -1
    outer loop
      vertex -25.172815322875977 31.085838317871094 -0.125
      vertex -27.69009780883789 34.194419860839844 -0.125
      vertex -25.862550735473633 35.59674835205078 -0.125
    endloop
  endfacet
  facet normal 0 0 -1
    outer loop
      vertex -29.44174575805664 32.69837188720703 -0.125
      vertex -26.76522445678711 29.725791931152344 -0.125
      vertex -28.284271240234375 28.284271240234375 -0.125
    endloop
  endfacet
  facet normal 0 0 -1
    outer loop
      vertex -26.76522445678711 29.725791931152344 -0.125
      vertex -29.44174575805664 32.69837188720703 -0.125
      vertex -27.69009780883789 34.194419860839844 -0.125
    endloop
  endfacet
  facet normal 0 0 -1
    outer loop
      vertex -31.11269760131836 31.11269760131836 -0.125
      vertex -28.284271240234375 28.284271240234375 -0.125
      vertex -29.725791931152344 26.76522445678711 -0.125
    endloop
  endfacet
  facet normal 0 0 -1
    outer loop
      vertex -32.69837188720703 29.44174575805664 -0.125
      vertex -29.725791931152344 26.76522445678711 -0.125
      vertex -31.085838317871094 25.172815322875977 -0.125
    endloop
  endfacet
  facet normal 0 0 -1
    outer loop
      vertex -28.284271240234375 28.284271240234375 -0.125
      vertex -31.11269760131836 31.11269760131836 -0.125
      vertex -29.44174575805664 32.69837188720703 -0.125
    endloop
  endfacet
  facet normal 0 0 -1
    outer loop
      vertex -34.194419860839844 27.69009780883789 -0.125
      vertex -31.085838317871094 25.172815322875977 -0.125
      vertex -32.360679626464844 23.511409759521484 -0.125
    endloop
  endfacet
  facet normal 0 0 -1
    outer loop
      vertex -29.725791931152344 26.76522445678711 -0.125
      vertex -32.69837188720703 29.44174575805664 -0.125
      vertex -31.11269760131836 31.11269760131836 -0.125
    endloop
  endfacet
  facet normal 0 0 -1
    outer loop
      vertex -35.59674835205078 25.862550735473633 -0.125
      vertex -32.360679626464844 23.511409759521484 -0.125
      vertex -33.54682159423828 21.785560607910156 -0.125
    endloop
  endfacet
  facet normal 0 0 -1
    outer loop
      vertex -31.085838317871094 25.172815322875977 -0.125
      vertex -34.194419860839844 27.69009780883789 -0.125
      vertex -32.69837188720703 29.44174575805664 -0.125
    endloop
  endfacet
  facet normal 0 0 -1
    outer loop
      vertex -36.90150451660156 23.9641170501709 -0.125
      vertex -33.54682159423828 21.785560607910156 -0.125
      vertex -34.641014099121094 20 -0.125
    endloop
  endfacet
  facet normal 0 0 -1
    outer loop
      vertex -32.360679626464844 23.511409759521484 -0.125
      vertex -35.59674835205078 25.862550735473633 -0.125
      vertex -34.194419860839844 27.69009780883789 -0.125
    endloop
  endfacet
  facet normal 0 0 -1
    outer loop
      vertex -38.10511779785156 22 -0.125
      vertex -34.641014099121094 20 -0.125
      vertex -35.6402587890625 18.159618377685547 -0.125
    endloop
  endfacet
  facet normal 0 0 -1
    outer loop
      vertex -39.20428466796875 19.975582122802734 -0.125
      vertex -35.6402587890625 18.159618377685547 -0.125
      vertex -36.54181671142578 16.269466400146484 -0.125
    endloop
  endfacet
  facet normal 0 0 -1
    outer loop
      vertex -33.54682159423828 21.785560607910156 -0.125
      vertex -36.90150451660156 23.9641170501709 -0.125
      vertex -35.59674835205078 25.862550735473633 -0.125
    endloop
  endfacet
  facet normal 0 0 -1
    outer loop
      vertex -40.19599914550781 17.896411895751953 -0.125
      vertex -36.54181671142578 16.269466400146484 -0.125
      vertex -37.34321594238281 14.334717750549316 -0.125
    endloop
  endfacet
  facet normal 0 0 -1
    outer loop
      vertex -41.077537536621094 15.768189430236816 -0.125
      vertex -37.34321594238281 14.334717750549316 -0.125
      vertex -38.042259216308594 12.360679626464844 -0.125
    endloop
  endfacet
  facet normal 0 0 -1
    outer loop
      vertex -34.641014099121094 20 -0.125
      vertex -38.10511779785156 22 -0.125
      vertex -36.90150451660156 23.9641170501709 -0.125
    endloop
  endfacet
  facet normal 0 0 -1
    outer loop
      vertex -41.84648513793945 13.596747398376465 -0.125
      vertex -38.042259216308594 12.360679626464844 -0.125
      vertex -38.63703155517578 10.352761268615723 -0.125
    endloop
  endfacet
  facet normal 0 0 -1
    outer loop
      vertex -42.500736236572266 11.38803768157959 -0.125
      vertex -38.63703155517578 10.352761268615723 -0.125
      vertex -39.12590408325195 8.31646728515625 -0.125
    endloop
  endfacet
  facet normal 0 0 -1
    outer loop
      vertex -35.6402587890625 18.159618377685547 -0.125
      vertex -39.20428466796875 19.975582122802734 -0.125
      vertex -38.10511779785156 22 -0.125
    endloop
  endfacet
  facet normal 0 0 -1
    outer loop
      vertex -43.03849411010742 9.148114204406738 -0.125
      vertex -39.12590408325195 8.31646728515625 -0.125
      vertex -39.50753402709961 6.257378578186035 -0.125
    endloop
  endfacet
  facet normal 0 0 -1
    outer loop
      vertex -43.45828628540039 6.883115768432617 -0.125
      vertex -39.50753402709961 6.257378578186035 -0.125
      vertex -39.78087615966797 4.181138038635254 -0.125
    endloop
  endfacet
  facet normal 0 0 -1
    outer loop
      vertex -43.75896453857422 4.599251747131348 -0.125
      vertex -39.78087615966797 4.181138038635254 -0.125
      vertex -39.94518280029297 2.093438148498535 -0.125
    endloop
  endfacet
  facet normal 0 0 -1
    outer loop
      vertex -36.54181671142578 16.269466400146484 -0.125
      vertex -40.19599914550781 17.896411895751953 -0.125
      vertex -39.20428466796875 19.975582122802734 -0.125
    endloop
  endfacet
  facet normal 0 0 -1
    outer loop
      vertex -43.939697265625 2.3027820587158203 -0.125
      vertex -39.94518280029297 2.093438148498535 -0.125
      vertex -40 0 -0.125
    endloop
  endfacet
  facet normal 0 0 -1
    outer loop
      vertex -39.12590408325195 -8.31646728515625 -0.125
      vertex -43.03849411010742 -9.148114204406738 -0.125
      vertex -39.50753402709961 -6.257378578186035 -0.125
    endloop
  endfacet
  facet normal 0 0 -1
    outer loop
      vertex -43.45828628540039 -6.883115768432617 -0.125
      vertex -39.50753402709961 -6.257378578186035 -0.125
      vertex -43.03849411010742 -9.148114204406738 -0.125
    endloop
  endfacet
  facet normal 0 0 -1
    outer loop
      vertex -37.34321594238281 14.334717750549316 -0.125
      vertex -41.077537536621094 15.768189430236816 -0.125
      vertex -40.19599914550781 17.896411895751953 -0.125
    endloop
  endfacet
  facet normal 0 0 -1
    outer loop
      vertex -39.50753402709961 -6.257378578186035 -0.125
      vertex -43.45828628540039 -6.883115768432617 -0.125
      vertex -39.78087615966797 -4.181138038635254 -0.125
    endloop
  endfacet
  facet normal 0 0 -1
    outer loop
      vertex -38.042259216308594 12.360679626464844 -0.125
      vertex -41.84648513793945 13.596747398376465 -0.125
      vertex -41.077537536621094 15.768189430236816 -0.125
    endloop
  endfacet
  facet normal 0 0 -1
    outer loop
      vertex -43.75896453857422 -4.599251747131348 -0.125
      vertex -39.78087615966797 -4.181138038635254 -0.125
      vertex -43.45828628540039 -6.883115768432617 -0.125
    endloop
  endfacet
  facet normal 0 0 -1
    outer loop
      vertex -38.63703155517578 10.352761268615723 -0.125
      vertex -42.500736236572266 11.38803768157959 -0.125
      vertex -41.84648513793945 13.596747398376465 -0.125
    endloop
  endfacet
  facet normal 0 0 -1
    outer loop
      vertex -39.78087615966797 -4.181138038635254 -0.125
      vertex -43.75896453857422 -4.599251747131348 -0.125
      vertex -39.94518280029297 -2.093438148498535 -0.125
    endloop
  endfacet
  facet normal 0 0 -1
    outer loop
      vertex -39.12590408325195 8.31646728515625 -0.125
      vertex -43.03849411010742 9.148114204406738 -0.125
      vertex -42.500736236572266 11.38803768157959 -0.125
    endloop
  endfacet
  facet normal 0 0 -1
    outer loop
      vertex -43.939697265625 -2.3027820587158203 -0.125
      vertex -39.94518280029297 -2.093438148498535 -0.125
      vertex -43.75896453857422 -4.599251747131348 -0.125
    endloop
  endfacet
  facet normal 0 0 -1
    outer loop
      vertex -39.50753402709961 6.257378578186035 -0.125
      vertex -43.45828628540039 6.883115768432617 -0.125
      vertex -43.03849411010742 9.148114204406738 -0.125
    endloop
  endfacet
  facet normal 0 0 -1
    outer loop
      vertex -39.94518280029297 -2.093438148498535 -0.125
      vertex -43.939697265625 -2.3027820587158203 -0.125
      vertex -40 0 -0.125
    endloop
  endfacet
  facet normal 0 0 -1
    outer loop
      vertex -39.78087615966797 4.181138038635254 -0.125
      vertex -43.75896453857422 4.599251747131348 -0.125
      vertex -43.45828628540039 6.883115768432617 -0.125
    endloop
  endfacet
  facet normal 0 0 -1
    outer loop
      vertex -44 0 -0.125
      vertex -40 0 -0.125
      vertex -43.939697265625 -2.3027820587158203 -0.125
    endloop
  endfacet
  facet normal 0 0 -1
    outer loop
      vertex -39.94518280029297 2.093438148498535 -0.125
      vertex -43.939697265625 2.3027820587158203 -0.125
      vertex -43.75896453857422 4.599251747131348 -0.125
    endloop
  endfacet
  facet normal 0 0 -1
    outer loop
      vertex -40 0 -0.125
      vertex -44 0 -0.125
      vertex -43.939697265625 2.3027820587158203 -0.125
    endloop
  endfacet
  facet normal 0.9832549442476183 -0.18223532756469876 0
    outer loop
      vertex 43.03849411010742 -9.148114204406738 0.125
      vertex 43.45828628540039 -6.883115768432617 -0.125
      vertex 43.45828628540039 -6.883115768432617 0.125
    endloop
  endfacet
  facet normal 0.9832549442476183 -0.18223532756469876 0
    outer loop
      vertex 43.45828628540039 -6.883115768432617 -0.125
      vertex 43.03849411010742 -9.148114204406738 0.125
      vertex 43.03849411010742 -9.148114204406738 -0.125
    endloop
  endfacet
  facet normal -0.9238795659470509 -0.38268335164400474 0
    outer loop
      vertex -40.19599914550781 -17.896411895751953 -0.125
      vertex -41.077537536621094 -15.768189430236816 0.125
      vertex -41.077537536621094 -15.768189430236816 -0.125
    endloop
  endfacet
  facet normal -0.9238795659470509 -0.38268335164400474 0
    outer loop
      vertex -41.077537536621094 -15.768189430236816 0.125
      vertex -40.19599914550781 -17.896411895751953 -0.125
      vertex -40.19599914550781 -17.896411895751953 0.125
    endloop
  endfacet
  facet normal 0.7253743289730954 -0.6883546199938165 0
    outer loop
      vertex 31.11269760131836 -31.11269760131836 0.125
      vertex 32.69837188720703 -29.44174575805664 -0.125
      vertex 32.69837188720703 -29.44174575805664 0.125
    endloop
  endfacet
  facet normal 0.7253743289730954 -0.6883546199938165 0
    outer loop
      vertex 32.69837188720703 -29.44174575805664 -0.125
      vertex 31.11269760131836 -31.11269760131836 0.125
      vertex 31.11269760131836 -31.11269760131836 -0.125
    endloop
  endfacet
  facet normal 0.13052698190257486 0.991444757409814 0
    outer loop
      vertex 6.883115768432617 43.45828628540039 -0.125
      vertex 4.599251747131348 43.75896453857422 0.125
      vertex 6.883115768432617 43.45828628540039 0.125
    endloop
  endfacet
  facet normal 0.13052698190257486 0.991444757409814 0
    outer loop
      vertex 4.599251747131348 43.75896453857422 0.125
      vertex 6.883115768432617 43.45828628540039 -0.125
      vertex 4.599251747131348 43.75896453857422 -0.125
    endloop
  endfacet
  facet normal 0.7933528580739304 -0.608762057446032 0
    outer loop
      vertex 34.194419860839844 -27.69009780883789 0.125
      vertex 35.59674835205078 -25.862550735473633 -0.125
      vertex 35.59674835205078 -25.862550735473633 0.125
    endloop
  endfacet
  facet normal 0.7933528580739304 -0.608762057446032 0
    outer loop
      vertex 35.59674835205078 -25.862550735473633 -0.125
      vertex 34.194419860839844 -27.69009780883789 0.125
      vertex 34.194419860839844 -27.69009780883789 -0.125
    endloop
  endfacet
  facet normal 0.23344529190427837 0.9723699376717311 0
    outer loop
      vertex 11.38803768157959 42.500736236572266 -0.125
      vertex 9.148114204406738 43.03849411010742 0.125
      vertex 11.38803768157959 42.500736236572266 0.125
    endloop
  endfacet
  facet normal 0.23344529190427837 0.9723699376717311 0
    outer loop
      vertex 9.148114204406738 43.03849411010742 0.125
      vertex 11.38803768157959 42.500736236572266 -0.125
      vertex 9.148114204406738 43.03849411010742 -0.125
    endloop
  endfacet
  facet normal -0.18223532756469876 0.9832549442476183 0
    outer loop
      vertex -6.883115768432617 43.45828628540039 -0.125
      vertex -9.148114204406738 43.03849411010742 0.125
      vertex -6.883115768432617 43.45828628540039 0.125
    endloop
  endfacet
  facet normal -0.18223532756469876 0.9832549442476183 0
    outer loop
      vertex -9.148114204406738 43.03849411010742 0.125
      vertex -6.883115768432617 43.45828628540039 -0.125
      vertex -9.148114204406738 43.03849411010742 -0.125
    endloop
  endfacet
  facet normal -0.9426415390836618 -0.33380672370997183 0
    outer loop
      vertex -41.077537536621094 -15.768189430236816 -0.125
      vertex -41.84648513793945 -13.596747398376465 0.125
      vertex -41.84648513793945 -13.596747398376465 -0.125
    endloop
  endfacet
  facet normal -0.9426415390836618 -0.33380672370997183 0
    outer loop
      vertex -41.84648513793945 -13.596747398376465 0.125
      vertex -41.077537536621094 -15.768189430236816 -0.125
      vertex -41.077537536621094 -15.768189430236816 0.125
    endloop
  endfacet
  facet normal 0.7933528580739304 0.608762057446032 0
    outer loop
      vertex 35.59674835205078 25.862550735473633 0.125
      vertex 34.194419860839844 27.69009780883789 -0.125
      vertex 34.194419860839844 27.69009780883789 0.125
    endloop
  endfacet
  facet normal 0.7933528580739304 0.608762057446032 0
    outer loop
      vertex 34.194419860839844 27.69009780883789 -0.125
      vertex 35.59674835205078 25.862550735473633 0.125
      vertex 35.59674835205078 25.862550735473633 -0.125
    endloop
  endfacet
  facet normal -0.9025850902091734 0.4305115038324739 0
    outer loop
      vertex -40.19599914550781 17.896411895751953 -0.125
      vertex -39.20428466796875 19.975582122802734 0.125
      vertex -39.20428466796875 19.975582122802734 -0.125
    endloop
  endfacet
  facet normal -0.9025850902091734 0.4305115038324739 0
    outer loop
      vertex -39.20428466796875 19.975582122802734 0.125
      vertex -40.19599914550781 17.896411895751953 -0.125
      vertex -40.19599914550781 17.896411895751953 0.125
    endloop
  endfacet
  facet normal -0.18223532756469876 -0.9832549442476183 0
    outer loop
      vertex -9.148114204406738 -43.03849411010742 -0.125
      vertex -6.883115768432617 -43.45828628540039 0.125
      vertex -9.148114204406738 -43.03849411010742 0.125
    endloop
  endfacet
  facet normal -0.18223532756469876 -0.9832549442476183 0
    outer loop
      vertex -6.883115768432617 -43.45828628540039 0.125
      vertex -9.148114204406738 -43.03849411010742 -0.125
      vertex -6.883115768432617 -43.45828628540039 -0.125
    endloop
  endfacet
  facet normal 0.9969174477216186 -0.0784576473532933 0
    outer loop
      vertex 43.75896453857422 -4.599251747131348 0.125
      vertex 43.939697265625 -2.3027820587158203 -0.125
      vertex 43.939697265625 -2.3027820587158203 0.125
    endloop
  endfacet
  facet normal 0.9969174477216186 -0.0784576473532933 0
    outer loop
      vertex 43.939697265625 -2.3027820587158203 -0.125
      vertex 43.75896453857422 -4.599251747131348 0.125
      vertex 43.75896453857422 -4.599251747131348 -0.125
    endloop
  endfacet
  facet normal 0.9832549442476183 0.18223532756469876 0
    outer loop
      vertex 43.45828628540039 6.883115768432617 0.125
      vertex 43.03849411010742 9.148114204406738 -0.125
      vertex 43.03849411010742 9.148114204406738 0.125
    endloop
  endfacet
  facet normal 0.9832549442476183 0.18223532756469876 0
    outer loop
      vertex 43.03849411010742 9.148114204406738 -0.125
      vertex 43.45828628540039 6.883115768432617 0.125
      vertex 43.45828628540039 6.883115768432617 -0.125
    endloop
  endfacet
  facet normal 0.28401593298974936 0.958819560609796 0
    outer loop
      vertex 13.596747398376465 41.84648513793945 -0.125
      vertex 11.38803768157959 42.500736236572266 0.125
      vertex 13.596747398376465 41.84648513793945 0.125
    endloop
  endfacet
  facet normal 0.28401593298974936 0.958819560609796 0
    outer loop
      vertex 11.38803768157959 42.500736236572266 0.125
      vertex 13.596747398376465 41.84648513793945 -0.125
      vertex 11.38803768157959 42.500736236572266 -0.125
    endloop
  endfacet
  facet normal -0.649447870734408 -0.7604061172811168 0
    outer loop
      vertex -29.44174575805664 -32.69837188720703 -0.125
      vertex -27.69009780883789 -34.194419860839844 0.125
      vertex -29.44174575805664 -32.69837188720703 0.125
    endloop
  endfacet
  facet normal -0.649447870734408 -0.7604061172811168 0
    outer loop
      vertex -27.69009780883789 -34.194419860839844 0.125
      vertex -29.44174575805664 -32.69837188720703 -0.125
      vertex -27.69009780883789 -34.194419860839844 -0.125
    endloop
  endfacet
  facet normal 0.8788175413147995 0.4771579707784528 0
    outer loop
      vertex 39.20428466796875 19.975582122802734 0.125
      vertex 38.10511779785156 22 -0.125
      vertex 38.10511779785156 22 0.125
    endloop
  endfacet
  facet normal 0.8788175413147995 0.4771579707784528 0
    outer loop
      vertex 38.10511779785156 22 -0.125
      vertex 39.20428466796875 19.975582122802734 0.125
      vertex 39.20428466796875 19.975582122802734 -0.125
    endloop
  endfacet
  facet normal -0.9969174477216186 0.0784576473532933 0
    outer loop
      vertex -43.939697265625 2.3027820587158203 -0.125
      vertex -43.75896453857422 4.599251747131348 0.125
      vertex -43.75896453857422 4.599251747131348 -0.125
    endloop
  endfacet
  facet normal -0.9969174477216186 0.0784576473532933 0
    outer loop
      vertex -43.75896453857422 4.599251747131348 0.125
      vertex -43.939697265625 2.3027820587158203 -0.125
      vertex -43.939697265625 2.3027820587158203 0.125
    endloop
  endfacet
  facet normal 0.9426415390836618 -0.33380672370997183 0
    outer loop
      vertex 41.077537536621094 -15.768189430236816 0.125
      vertex 41.84648513793945 -13.596747398376465 -0.125
      vertex 41.84648513793945 -13.596747398376465 0.125
    endloop
  endfacet
  facet normal 0.9426415390836618 -0.33380672370997183 0
    outer loop
      vertex 41.84648513793945 -13.596747398376465 -0.125
      vertex 41.077537536621094 -15.768189430236816 0.125
      vertex 41.077537536621094 -15.768189430236816 -0.125
    endloop
  endfacet
  facet normal -0.7253743289730954 0.6883546199938165 0
    outer loop
      vertex -32.69837188720703 29.44174575805664 -0.125
      vertex -31.11269760131836 31.11269760131836 0.125
      vertex -31.11269760131836 31.11269760131836 -0.125
    endloop
  endfacet
  facet normal -0.7253743289730954 0.6883546199938165 0
    outer loop
      vertex -31.11269760131836 31.11269760131836 0.125
      vertex -32.69837188720703 29.44174575805664 -0.125
      vertex -32.69837188720703 29.44174575805664 0.125
    endloop
  endfacet
  facet normal 0.8788175413147995 -0.4771579707784528 0
    outer loop
      vertex 38.10511779785156 -22 0.125
      vertex 39.20428466796875 -19.975582122802734 -0.125
      vertex 39.20428466796875 -19.975582122802734 0.125
    endloop
  endfacet
  facet normal 0.8788175413147995 -0.4771579707784528 0
    outer loop
      vertex 39.20428466796875 -19.975582122802734 -0.125
      vertex 38.10511779785156 -22 0.125
      vertex 38.10511779785156 -22 -0.125
    endloop
  endfacet
  facet normal 0.9025850902091734 0.4305115038324739 0
    outer loop
      vertex 40.19599914550781 17.896411895751953 0.125
      vertex 39.20428466796875 19.975582122802734 -0.125
      vertex 39.20428466796875 19.975582122802734 0.125
    endloop
  endfacet
  facet normal 0.9025850902091734 0.4305115038324739 0
    outer loop
      vertex 39.20428466796875 19.975582122802734 -0.125
      vertex 40.19599914550781 17.896411895751953 0.125
      vertex 40.19599914550781 17.896411895751953 -0.125
    endloop
  endfacet
  facet normal -0.9996572992566807 -0.02617793045370636 0
    outer loop
      vertex -43.939697265625 -2.3027820587158203 -0.125
      vertex -44 0 0.125
      vertex -44 0 -0.125
    endloop
  endfacet
  facet normal -0.9996572992566807 -0.02617793045370636 0
    outer loop
      vertex -44 0 0.125
      vertex -43.939697265625 -2.3027820587158203 -0.125
      vertex -43.939697265625 -2.3027820587158203 0.125
    endloop
  endfacet
  facet normal 0.0784576473532933 0.9969174477216186 0
    outer loop
      vertex 4.599251747131348 43.75896453857422 -0.125
      vertex 2.3027820587158203 43.939697265625 0.125
      vertex 4.599251747131348 43.75896453857422 0.125
    endloop
  endfacet
  facet normal 0.0784576473532933 0.9969174477216186 0
    outer loop
      vertex 2.3027820587158203 43.939697265625 0.125
      vertex 4.599251747131348 43.75896453857422 -0.125
      vertex 2.3027820587158203 43.939697265625 -0.125
    endloop
  endfacet
  facet normal -0.28401593298974936 0.958819560609796 0
    outer loop
      vertex -11.38803768157959 42.500736236572266 -0.125
      vertex -13.596747398376465 41.84648513793945 0.125
      vertex -11.38803768157959 42.500736236572266 0.125
    endloop
  endfacet
  facet normal -0.28401593298974936 0.958819560609796 0
    outer loop
      vertex -13.596747398376465 41.84648513793945 0.125
      vertex -11.38803768157959 42.500736236572266 -0.125
      vertex -13.596747398376465 41.84648513793945 -0.125
    endloop
  endfacet
  facet normal -0.7933528580739304 -0.608762057446032 0
    outer loop
      vertex -34.194419860839844 -27.69009780883789 -0.125
      vertex -35.59674835205078 -25.862550735473633 0.125
      vertex -35.59674835205078 -25.862550735473633 -0.125
    endloop
  endfacet
  facet normal -0.7933528580739304 -0.608762057446032 0
    outer loop
      vertex -35.59674835205078 -25.862550735473633 0.125
      vertex -34.194419860839844 -27.69009780883789 -0.125
      vertex -34.194419860839844 -27.69009780883789 0.125
    endloop
  endfacet
  facet normal -0.9238795659470509 0.38268335164400474 0
    outer loop
      vertex -41.077537536621094 15.768189430236816 -0.125
      vertex -40.19599914550781 17.896411895751953 0.125
      vertex -40.19599914550781 17.896411895751953 -0.125
    endloop
  endfacet
  facet normal -0.9238795659470509 0.38268335164400474 0
    outer loop
      vertex -40.19599914550781 17.896411895751953 0.125
      vertex -41.077537536621094 15.768189430236816 -0.125
      vertex -41.077537536621094 15.768189430236816 0.125
    endloop
  endfacet
  facet normal -0.9723699376717311 -0.23344529190427837 0
    outer loop
      vertex -42.500736236572266 -11.38803768157959 -0.125
      vertex -43.03849411010742 -9.148114204406738 0.125
      vertex -43.03849411010742 -9.148114204406738 -0.125
    endloop
  endfacet
  facet normal -0.9723699376717311 -0.23344529190427837 0
    outer loop
      vertex -43.03849411010742 -9.148114204406738 0.125
      vertex -42.500736236572266 -11.38803768157959 -0.125
      vertex -42.500736236572266 -11.38803768157959 0.125
    endloop
  endfacet
  facet normal 0.649447870734408 0.7604061172811168 0
    outer loop
      vertex 29.44174575805664 32.69837188720703 -0.125
      vertex 27.69009780883789 34.194419860839844 0.125
      vertex 29.44174575805664 32.69837188720703 0.125
    endloop
  endfacet
  facet normal 0.649447870734408 0.7604061172811168 0
    outer loop
      vertex 27.69009780883789 34.194419860839844 0.125
      vertex 29.44174575805664 32.69837188720703 -0.125
      vertex 27.69009780883789 34.194419860839844 -0.125
    endloop
  endfacet
  facet normal -0.8241264233828702 0.5664058953455182 0
    outer loop
      vertex -36.90150451660156 23.9641170501709 -0.125
      vertex -35.59674835205078 25.862550735473633 0.125
      vertex -35.59674835205078 25.862550735473633 -0.125
    endloop
  endfacet
  facet normal -0.8241264233828702 0.5664058953455182 0
    outer loop
      vertex -35.59674835205078 25.862550735473633 0.125
      vertex -36.90150451660156 23.9641170501709 -0.125
      vertex -36.90150451660156 23.9641170501709 0.125
    endloop
  endfacet
  facet normal -0.4305115038324739 0.9025850902091734 0
    outer loop
      vertex -17.896411895751953 40.19599914550781 -0.125
      vertex -19.975582122802734 39.20428466796875 0.125
      vertex -17.896411895751953 40.19599914550781 0.125
    endloop
  endfacet
  facet normal -0.4305115038324739 0.9025850902091734 0
    outer loop
      vertex -19.975582122802734 39.20428466796875 0.125
      vertex -17.896411895751953 40.19599914550781 -0.125
      vertex -19.975582122802734 39.20428466796875 -0.125
    endloop
  endfacet
  facet normal 0.5224988187401799 0.8526400086877913 0
    outer loop
      vertex 23.9641170501709 36.90150451660156 -0.125
      vertex 22 38.10511779785156 0.125
      vertex 23.9641170501709 36.90150451660156 0.125
    endloop
  endfacet
  facet normal 0.5224988187401799 0.8526400086877913 0
    outer loop
      vertex 22 38.10511779785156 0.125
      vertex 23.9641170501709 36.90150451660156 -0.125
      vertex 22 38.10511779785156 -0.125
    endloop
  endfacet
  facet normal 0.5664058953455182 0.8241264233828702 0
    outer loop
      vertex 25.862550735473633 35.59674835205078 -0.125
      vertex 23.9641170501709 36.90150451660156 0.125
      vertex 25.862550735473633 35.59674835205078 0.125
    endloop
  endfacet
  facet normal 0.5664058953455182 0.8241264233828702 0
    outer loop
      vertex 23.9641170501709 36.90150451660156 0.125
      vertex 25.862550735473633 35.59674835205078 -0.125
      vertex 23.9641170501709 36.90150451660156 -0.125
    endloop
  endfacet
  facet normal -0.5664058953455182 0.8241264233828702 0
    outer loop
      vertex -23.9641170501709 36.90150451660156 -0.125
      vertex -25.862550735473633 35.59674835205078 0.125
      vertex -23.9641170501709 36.90150451660156 0.125
    endloop
  endfacet
  facet normal -0.5664058953455182 0.8241264233828702 0
    outer loop
      vertex -25.862550735473633 35.59674835205078 0.125
      vertex -23.9641170501709 36.90150451660156 -0.125
      vertex -25.862550735473633 35.59674835205078 -0.125
    endloop
  endfacet
  facet normal -0.0784576473532933 0.9969174477216186 0
    outer loop
      vertex -2.3027820587158203 43.939697265625 -0.125
      vertex -4.599251747131348 43.75896453857422 0.125
      vertex -2.3027820587158203 43.939697265625 0.125
    endloop
  endfacet
  facet normal -0.0784576473532933 0.9969174477216186 0
    outer loop
      vertex -4.599251747131348 43.75896453857422 0.125
      vertex -2.3027820587158203 43.939697265625 -0.125
      vertex -4.599251747131348 43.75896453857422 -0.125
    endloop
  endfacet
  facet normal -0.23344529190427837 -0.9723699376717311 0
    outer loop
      vertex -11.38803768157959 -42.500736236572266 -0.125
      vertex -9.148114204406738 -43.03849411010742 0.125
      vertex -11.38803768157959 -42.500736236572266 0.125
    endloop
  endfacet
  facet normal -0.23344529190427837 -0.9723699376717311 0
    outer loop
      vertex -9.148114204406738 -43.03849411010742 0.125
      vertex -11.38803768157959 -42.500736236572266 -0.125
      vertex -9.148114204406738 -43.03849411010742 -0.125
    endloop
  endfacet
  facet normal -0.9832549442476183 0.18223532756469876 0
    outer loop
      vertex -43.45828628540039 6.883115768432617 -0.125
      vertex -43.03849411010742 9.148114204406738 0.125
      vertex -43.03849411010742 9.148114204406738 -0.125
    endloop
  endfacet
  facet normal -0.9832549442476183 0.18223532756469876 0
    outer loop
      vertex -43.03849411010742 9.148114204406738 0.125
      vertex -43.45828628540039 6.883115768432617 -0.125
      vertex -43.45828628540039 6.883115768432617 0.125
    endloop
  endfacet
  facet normal 0.0784576473532933 -0.9969174477216186 0
    outer loop
      vertex 2.3027820587158203 -43.939697265625 -0.125
      vertex 4.599251747131348 -43.75896453857422 0.125
      vertex 2.3027820587158203 -43.939697265625 0.125
    endloop
  endfacet
  facet normal 0.0784576473532933 -0.9969174477216186 0
    outer loop
      vertex 4.599251747131348 -43.75896453857422 0.125
      vertex 2.3027820587158203 -43.939697265625 -0.125
      vertex 4.599251747131348 -43.75896453857422 -0.125
    endloop
  endfacet
  facet normal 0.4305115038324739 -0.9025850902091734 0
    outer loop
      vertex 17.896411895751953 -40.19599914550781 -0.125
      vertex 19.975582122802734 -39.20428466796875 0.125
      vertex 17.896411895751953 -40.19599914550781 0.125
    endloop
  endfacet
  facet normal 0.4305115038324739 -0.9025850902091734 0
    outer loop
      vertex 19.975582122802734 -39.20428466796875 0.125
      vertex 17.896411895751953 -40.19599914550781 -0.125
      vertex 19.975582122802734 -39.20428466796875 -0.125
    endloop
  endfacet
  facet normal -0.33380672370997183 -0.9426415390836618 0
    outer loop
      vertex -15.768189430236816 -41.077537536621094 -0.125
      vertex -13.596747398376465 -41.84648513793945 0.125
      vertex -15.768189430236816 -41.077537536621094 0.125
    endloop
  endfacet
  facet normal -0.33380672370997183 -0.9426415390836618 0
    outer loop
      vertex -13.596747398376465 -41.84648513793945 0.125
      vertex -15.768189430236816 -41.077537536621094 -0.125
      vertex -13.596747398376465 -41.84648513793945 -0.125
    endloop
  endfacet
  facet normal -0.9832549442476183 -0.18223532756469876 0
    outer loop
      vertex -43.03849411010742 -9.148114204406738 -0.125
      vertex -43.45828628540039 -6.883115768432617 0.125
      vertex -43.45828628540039 -6.883115768432617 -0.125
    endloop
  endfacet
  facet normal -0.9832549442476183 -0.18223532756469876 0
    outer loop
      vertex -43.45828628540039 -6.883115768432617 0.125
      vertex -43.03849411010742 -9.148114204406738 -0.125
      vertex -43.03849411010742 -9.148114204406738 0.125
    endloop
  endfacet
  facet normal -0.9426415390836618 0.33380672370997183 0
    outer loop
      vertex -41.84648513793945 13.596747398376465 -0.125
      vertex -41.077537536621094 15.768189430236816 0.125
      vertex -41.077537536621094 15.768189430236816 -0.125
    endloop
  endfacet
  facet normal -0.9426415390836618 0.33380672370997183 0
    outer loop
      vertex -41.077537536621094 15.768189430236816 0.125
      vertex -41.84648513793945 13.596747398376465 -0.125
      vertex -41.84648513793945 13.596747398376465 0.125
    endloop
  endfacet
  facet normal 0.02617793045370636 -0.9996572992566807 0
    outer loop
      vertex 0 -44 -0.125
      vertex 2.3027820587158203 -43.939697265625 0.125
      vertex 0 -44 0.125
    endloop
  endfacet
  facet normal 0.02617793045370636 -0.9996572992566807 0
    outer loop
      vertex 2.3027820587158203 -43.939697265625 0.125
      vertex 0 -44 -0.125
      vertex 2.3027820587158203 -43.939697265625 -0.125
    endloop
  endfacet
  facet normal 0.958819560609796 -0.28401593298974936 0
    outer loop
      vertex 41.84648513793945 -13.596747398376465 0.125
      vertex 42.500736236572266 -11.38803768157959 -0.125
      vertex 42.500736236572266 -11.38803768157959 0.125
    endloop
  endfacet
  facet normal 0.958819560609796 -0.28401593298974936 0
    outer loop
      vertex 42.500736236572266 -11.38803768157959 -0.125
      vertex 41.84648513793945 -13.596747398376465 0.125
      vertex 41.84648513793945 -13.596747398376465 -0.125
    endloop
  endfacet
  facet normal 0.7604061172811168 0.649447870734408 0
    outer loop
      vertex 34.194419860839844 27.69009780883789 0.125
      vertex 32.69837188720703 29.44174575805664 -0.125
      vertex 32.69837188720703 29.44174575805664 0.125
    endloop
  endfacet
  facet normal 0.7604061172811168 0.649447870734408 0
    outer loop
      vertex 32.69837188720703 29.44174575805664 -0.125
      vertex 34.194419860839844 27.69009780883789 0.125
      vertex 34.194419860839844 27.69009780883789 -0.125
    endloop
  endfacet
  facet normal 0.8241264233828702 0.5664058953455182 0
    outer loop
      vertex 36.90150451660156 23.9641170501709 0.125
      vertex 35.59674835205078 25.862550735473633 -0.125
      vertex 35.59674835205078 25.862550735473633 0.125
    endloop
  endfacet
  facet normal 0.8241264233828702 0.5664058953455182 0
    outer loop
      vertex 35.59674835205078 25.862550735473633 -0.125
      vertex 36.90150451660156 23.9641170501709 0.125
      vertex 36.90150451660156 23.9641170501709 -0.125
    endloop
  endfacet
  facet normal -0.33380672370997183 0.9426415390836618 0
    outer loop
      vertex -13.596747398376465 41.84648513793945 -0.125
      vertex -15.768189430236816 41.077537536621094 0.125
      vertex -13.596747398376465 41.84648513793945 0.125
    endloop
  endfacet
  facet normal -0.33380672370997183 0.9426415390836618 0
    outer loop
      vertex -15.768189430236816 41.077537536621094 0.125
      vertex -13.596747398376465 41.84648513793945 -0.125
      vertex -15.768189430236816 41.077537536621094 -0.125
    endloop
  endfacet
  facet normal -0.608762057446032 0.7933528580739304 0
    outer loop
      vertex -25.862550735473633 35.59674835205078 -0.125
      vertex -27.69009780883789 34.194419860839844 0.125
      vertex -25.862550735473633 35.59674835205078 0.125
    endloop
  endfacet
  facet normal -0.608762057446032 0.7933528580739304 0
    outer loop
      vertex -27.69009780883789 34.194419860839844 0.125
      vertex -25.862550735473633 35.59674835205078 -0.125
      vertex -27.69009780883789 34.194419860839844 -0.125
    endloop
  endfacet
  facet normal -0.5224988187401799 0.8526400086877913 0
    outer loop
      vertex -22 38.10511779785156 -0.125
      vertex -23.9641170501709 36.90150451660156 0.125
      vertex -22 38.10511779785156 0.125
    endloop
  endfacet
  facet normal -0.5224988187401799 0.8526400086877913 0
    outer loop
      vertex -23.9641170501709 36.90150451660156 0.125
      vertex -22 38.10511779785156 -0.125
      vertex -23.9641170501709 36.90150451660156 -0.125
    endloop
  endfacet
  facet normal 0.6883546199938165 0.7253743289730954 0
    outer loop
      vertex 31.11269760131836 31.11269760131836 -0.125
      vertex 29.44174575805664 32.69837188720703 0.125
      vertex 31.11269760131836 31.11269760131836 0.125
    endloop
  endfacet
  facet normal 0.6883546199938165 0.7253743289730954 0
    outer loop
      vertex 29.44174575805664 32.69837188720703 0.125
      vertex 31.11269760131836 31.11269760131836 -0.125
      vertex 29.44174575805664 32.69837188720703 -0.125
    endloop
  endfacet
  facet normal 0.9723699376717311 -0.23344529190427837 0
    outer loop
      vertex 42.500736236572266 -11.38803768157959 0.125
      vertex 43.03849411010742 -9.148114204406738 -0.125
      vertex 43.03849411010742 -9.148114204406738 0.125
    endloop
  endfacet
  facet normal 0.9723699376717311 -0.23344529190427837 0
    outer loop
      vertex 43.03849411010742 -9.148114204406738 -0.125
      vertex 42.500736236572266 -11.38803768157959 0.125
      vertex 42.500736236572266 -11.38803768157959 -0.125
    endloop
  endfacet
  facet normal 0.28401593298974936 -0.958819560609796 0
    outer loop
      vertex 11.38803768157959 -42.500736236572266 -0.125
      vertex 13.596747398376465 -41.84648513793945 0.125
      vertex 11.38803768157959 -42.500736236572266 0.125
    endloop
  endfacet
  facet normal 0.28401593298974936 -0.958819560609796 0
    outer loop
      vertex 13.596747398376465 -41.84648513793945 0.125
      vertex 11.38803768157959 -42.500736236572266 -0.125
      vertex 13.596747398376465 -41.84648513793945 -0.125
    endloop
  endfacet
  facet normal 0.8526400086877913 -0.5224988187401799 0
    outer loop
      vertex 36.90150451660156 -23.9641170501709 0.125
      vertex 38.10511779785156 -22 -0.125
      vertex 38.10511779785156 -22 0.125
    endloop
  endfacet
  facet normal 0.8526400086877913 -0.5224988187401799 0
    outer loop
      vertex 38.10511779785156 -22 -0.125
      vertex 36.90150451660156 -23.9641170501709 0.125
      vertex 36.90150451660156 -23.9641170501709 -0.125
    endloop
  endfacet
  facet normal -0.958819560609796 0.28401593298974936 0
    outer loop
      vertex -42.500736236572266 11.38803768157959 -0.125
      vertex -41.84648513793945 13.596747398376465 0.125
      vertex -41.84648513793945 13.596747398376465 -0.125
    endloop
  endfacet
  facet normal -0.958819560609796 0.28401593298974936 0
    outer loop
      vertex -41.84648513793945 13.596747398376465 0.125
      vertex -42.500736236572266 11.38803768157959 -0.125
      vertex -42.500736236572266 11.38803768157959 0.125
    endloop
  endfacet
  facet normal -0.38268335164400474 0.9238795659470509 0
    outer loop
      vertex -15.768189430236816 41.077537536621094 -0.125
      vertex -17.896411895751953 40.19599914550781 0.125
      vertex -15.768189430236816 41.077537536621094 0.125
    endloop
  endfacet
  facet normal -0.38268335164400474 0.9238795659470509 0
    outer loop
      vertex -17.896411895751953 40.19599914550781 0.125
      vertex -15.768189430236816 41.077537536621094 -0.125
      vertex -17.896411895751953 40.19599914550781 -0.125
    endloop
  endfacet
  facet normal -0.02617793045370636 -0.9996572992566807 0
    outer loop
      vertex -2.3027820587158203 -43.939697265625 -0.125
      vertex 0 -44 0.125
      vertex -2.3027820587158203 -43.939697265625 0.125
    endloop
  endfacet
  facet normal -0.02617793045370636 -0.9996572992566807 0
    outer loop
      vertex 0 -44 0.125
      vertex -2.3027820587158203 -43.939697265625 -0.125
      vertex 0 -44 -0.125
    endloop
  endfacet
  facet normal 0.608762057446032 0.7933528580739304 0
    outer loop
      vertex 27.69009780883789 34.194419860839844 -0.125
      vertex 25.862550735473633 35.59674835205078 0.125
      vertex 27.69009780883789 34.194419860839844 0.125
    endloop
  endfacet
  facet normal 0.608762057446032 0.7933528580739304 0
    outer loop
      vertex 25.862550735473633 35.59674835205078 0.125
      vertex 27.69009780883789 34.194419860839844 -0.125
      vertex 25.862550735473633 35.59674835205078 -0.125
    endloop
  endfacet
  facet normal -0.8241264233828702 -0.5664058953455182 0
    outer loop
      vertex -35.59674835205078 -25.862550735473633 -0.125
      vertex -36.90150451660156 -23.9641170501709 0.125
      vertex -36.90150451660156 -23.9641170501709 -0.125
    endloop
  endfacet
  facet normal -0.8241264233828702 -0.5664058953455182 0
    outer loop
      vertex -36.90150451660156 -23.9641170501709 0.125
      vertex -35.59674835205078 -25.862550735473633 -0.125
      vertex -35.59674835205078 -25.862550735473633 0.125
    endloop
  endfacet
  facet normal -0.4771579707784528 0.8788175413147995 0
    outer loop
      vertex -19.975582122802734 39.20428466796875 -0.125
      vertex -22 38.10511779785156 0.125
      vertex -19.975582122802734 39.20428466796875 0.125
    endloop
  endfacet
  facet normal -0.4771579707784528 0.8788175413147995 0
    outer loop
      vertex -22 38.10511779785156 0.125
      vertex -19.975582122802734 39.20428466796875 -0.125
      vertex -22 38.10511779785156 -0.125
    endloop
  endfacet
  facet normal -0.5224988187401799 -0.8526400086877913 0
    outer loop
      vertex -23.9641170501709 -36.90150451660156 -0.125
      vertex -22 -38.10511779785156 0.125
      vertex -23.9641170501709 -36.90150451660156 0.125
    endloop
  endfacet
  facet normal -0.5224988187401799 -0.8526400086877913 0
    outer loop
      vertex -22 -38.10511779785156 0.125
      vertex -23.9641170501709 -36.90150451660156 -0.125
      vertex -22 -38.10511779785156 -0.125
    endloop
  endfacet
  facet normal -0.649447870734408 0.7604061172811168 0
    outer loop
      vertex -27.69009780883789 34.194419860839844 -0.125
      vertex -29.44174575805664 32.69837188720703 0.125
      vertex -27.69009780883789 34.194419860839844 0.125
    endloop
  endfacet
  facet normal -0.649447870734408 0.7604061172811168 0
    outer loop
      vertex -29.44174575805664 32.69837188720703 0.125
      vertex -27.69009780883789 34.194419860839844 -0.125
      vertex -29.44174575805664 32.69837188720703 -0.125
    endloop
  endfacet
  facet normal 0.8526400086877913 0.5224988187401799 0
    outer loop
      vertex 38.10511779785156 22 0.125
      vertex 36.90150451660156 23.9641170501709 -0.125
      vertex 36.90150451660156 23.9641170501709 0.125
    endloop
  endfacet
  facet normal 0.8526400086877913 0.5224988187401799 0
    outer loop
      vertex 36.90150451660156 23.9641170501709 -0.125
      vertex 38.10511779785156 22 0.125
      vertex 38.10511779785156 22 -0.125
    endloop
  endfacet
  facet normal 0.13052698190257486 -0.991444757409814 0
    outer loop
      vertex 4.599251747131348 -43.75896453857422 -0.125
      vertex 6.883115768432617 -43.45828628540039 0.125
      vertex 4.599251747131348 -43.75896453857422 0.125
    endloop
  endfacet
  facet normal 0.13052698190257486 -0.991444757409814 0
    outer loop
      vertex 6.883115768432617 -43.45828628540039 0.125
      vertex 4.599251747131348 -43.75896453857422 -0.125
      vertex 6.883115768432617 -43.45828628540039 -0.125
    endloop
  endfacet
  facet normal 0.4305115038324739 0.9025850902091734 0
    outer loop
      vertex 19.975582122802734 39.20428466796875 -0.125
      vertex 17.896411895751953 40.19599914550781 0.125
      vertex 19.975582122802734 39.20428466796875 0.125
    endloop
  endfacet
  facet normal 0.4305115038324739 0.9025850902091734 0
    outer loop
      vertex 17.896411895751953 40.19599914550781 0.125
      vertex 19.975582122802734 39.20428466796875 -0.125
      vertex 17.896411895751953 40.19599914550781 -0.125
    endloop
  endfacet
  facet normal -0.13052698190257486 -0.991444757409814 0
    outer loop
      vertex -6.883115768432617 -43.45828628540039 -0.125
      vertex -4.599251747131348 -43.75896453857422 0.125
      vertex -6.883115768432617 -43.45828628540039 0.125
    endloop
  endfacet
  facet normal -0.13052698190257486 -0.991444757409814 0
    outer loop
      vertex -4.599251747131348 -43.75896453857422 0.125
      vertex -6.883115768432617 -43.45828628540039 -0.125
      vertex -4.599251747131348 -43.75896453857422 -0.125
    endloop
  endfacet
  facet normal -0.6883546199938165 0.7253743289730954 0
    outer loop
      vertex -29.44174575805664 32.69837188720703 -0.125
      vertex -31.11269760131836 31.11269760131836 0.125
      vertex -29.44174575805664 32.69837188720703 0.125
    endloop
  endfacet
  facet normal -0.6883546199938165 0.7253743289730954 0
    outer loop
      vertex -31.11269760131836 31.11269760131836 0.125
      vertex -29.44174575805664 32.69837188720703 -0.125
      vertex -31.11269760131836 31.11269760131836 -0.125
    endloop
  endfacet
  facet normal -0.7253743289730954 -0.6883546199938165 0
    outer loop
      vertex -31.11269760131836 -31.11269760131836 -0.125
      vertex -32.69837188720703 -29.44174575805664 0.125
      vertex -32.69837188720703 -29.44174575805664 -0.125
    endloop
  endfacet
  facet normal -0.7253743289730954 -0.6883546199938165 0
    outer loop
      vertex -32.69837188720703 -29.44174575805664 0.125
      vertex -31.11269760131836 -31.11269760131836 -0.125
      vertex -31.11269760131836 -31.11269760131836 0.125
    endloop
  endfacet
  facet normal 0 0 1
    outer loop
      vertex 40 0 0.125
      vertex 44 0 0.125
      vertex 43.939697265625 2.3027820587158203 0.125
    endloop
  endfacet
  facet normal 0 0 1
    outer loop
      vertex 39.94518280029297 2.093438148498535 0.125
      vertex 43.939697265625 2.3027820587158203 0.125
      vertex 43.75896453857422 4.599251747131348 0.125
    endloop
  endfacet
  facet normal 0 0 1
    outer loop
      vertex 44 0 0.125
      vertex 40 0 0.125
      vertex 43.939697265625 -2.3027820587158203 0.125
    endloop
  endfacet
  facet normal 0 0 1
    outer loop
      vertex 39.78087615966797 4.181138038635254 0.125
      vertex 43.75896453857422 4.599251747131348 0.125
      vertex 43.45828628540039 6.883115768432617 0.125
    endloop
  endfacet
  facet normal 0 0 1
    outer loop
      vertex 39.94518280029297 -2.093438148498535 0.125
      vertex 43.939697265625 -2.3027820587158203 0.125
      vertex 40 0 0.125
    endloop
  endfacet
  facet normal 0 0 1
    outer loop
      vertex 39.50753402709961 6.257378578186035 0.125
      vertex 43.45828628540039 6.883115768432617 0.125
      vertex 43.03849411010742 9.148114204406738 0.125
    endloop
  endfacet
  facet normal 0 0 1
    outer loop
      vertex 43.939697265625 -2.3027820587158203 0.125
      vertex 39.94518280029297 -2.093438148498535 0.125
      vertex 43.75896453857422 -4.599251747131348 0.125
    endloop
  endfacet
  facet normal 0 0 1
    outer loop
      vertex 39.12590408325195 8.31646728515625 0.125
      vertex 43.03849411010742 9.148114204406738 0.125
      vertex 42.500736236572266 11.38803768157959 0.125
    endloop
  endfacet
  facet normal 0 0 1
    outer loop
      vertex 39.78087615966797 -4.181138038635254 0.125
      vertex 43.75896453857422 -4.599251747131348 0.125
      vertex 39.94518280029297 -2.093438148498535 0.125
    endloop
  endfacet
  facet normal 0 0 1
    outer loop
      vertex 38.63703155517578 10.352761268615723 0.125
      vertex 42.500736236572266 11.38803768157959 0.125
      vertex 41.84648513793945 13.596747398376465 0.125
    endloop
  endfacet
  facet normal 0 0 1
    outer loop
      vertex 43.75896453857422 -4.599251747131348 0.125
      vertex 39.78087615966797 -4.181138038635254 0.125
      vertex 43.45828628540039 -6.883115768432617 0.125
    endloop
  endfacet
  facet normal 0 0 1
    outer loop
      vertex 38.042259216308594 12.360679626464844 0.125
      vertex 41.84648513793945 13.596747398376465 0.125
      vertex 41.077537536621094 15.768189430236816 0.125
    endloop
  endfacet
  facet normal 0 0 1
    outer loop
      vertex 39.50753402709961 -6.257378578186035 0.125
      vertex 43.45828628540039 -6.883115768432617 0.125
      vertex 39.78087615966797 -4.181138038635254 0.125
    endloop
  endfacet
  facet normal 0 0 1
    outer loop
      vertex 37.34321594238281 14.334717750549316 0.125
      vertex 41.077537536621094 15.768189430236816 0.125
      vertex 40.19599914550781 17.896411895751953 0.125
    endloop
  endfacet
  facet normal 0 0 1
    outer loop
      vertex 43.45828628540039 -6.883115768432617 0.125
      vertex 39.50753402709961 -6.257378578186035 0.125
      vertex 43.03849411010742 -9.148114204406738 0.125
    endloop
  endfacet
  facet normal 0 0 1
    outer loop
      vertex 39.12590408325195 -8.31646728515625 0.125
      vertex 43.03849411010742 -9.148114204406738 0.125
      vertex 39.50753402709961 -6.257378578186035 0.125
    endloop
  endfacet
  facet normal 0 0 1
    outer loop
      vertex 43.939697265625 2.3027820587158203 0.125
      vertex 39.94518280029297 2.093438148498535 0.125
      vertex 40 0 0.125
    endloop
  endfacet
  facet normal 0 0 1
    outer loop
      vertex 43.75896453857422 4.599251747131348 0.125
      vertex 39.78087615966797 4.181138038635254 0.125
      vertex 39.94518280029297 2.093438148498535 0.125
    endloop
  endfacet
  facet normal 0 0 1
    outer loop
      vertex 43.45828628540039 6.883115768432617 0.125
      vertex 39.50753402709961 6.257378578186035 0.125
      vertex 39.78087615966797 4.181138038635254 0.125
    endloop
  endfacet
  facet normal 0 0 1
    outer loop
      vertex 36.54181671142578 16.269466400146484 0.125
      vertex 40.19599914550781 17.896411895751953 0.125
      vertex 39.20428466796875 19.975582122802734 0.125
    endloop
  endfacet
  facet normal 0 0 1
    outer loop
      vertex 43.03849411010742 9.148114204406738 0.125
      vertex 39.12590408325195 8.31646728515625 0.125
      vertex 39.50753402709961 6.257378578186035 0.125
    endloop
  endfacet
  facet normal 0 0 1
    outer loop
      vertex 42.500736236572266 11.38803768157959 0.125
      vertex 38.63703155517578 10.352761268615723 0.125
      vertex 39.12590408325195 8.31646728515625 0.125
    endloop
  endfacet
  facet normal 0 0 1
    outer loop
      vertex 35.6402587890625 18.159618377685547 0.125
      vertex 39.20428466796875 19.975582122802734 0.125
      vertex 38.10511779785156 22 0.125
    endloop
  endfacet
  facet normal 0 0 1
    outer loop
      vertex 41.84648513793945 13.596747398376465 0.125
      vertex 38.042259216308594 12.360679626464844 0.125
      vertex 38.63703155517578 10.352761268615723 0.125
    endloop
  endfacet
  facet normal 0 0 1
    outer loop
      vertex 41.077537536621094 15.768189430236816 0.125
      vertex 37.34321594238281 14.334717750549316 0.125
      vertex 38.042259216308594 12.360679626464844 0.125
    endloop
  endfacet
  facet normal 0 0 1
    outer loop
      vertex 34.641014099121094 20 0.125
      vertex 38.10511779785156 22 0.125
      vertex 36.90150451660156 23.9641170501709 0.125
    endloop
  endfacet
  facet normal 0 0 1
    outer loop
      vertex 40.19599914550781 17.896411895751953 0.125
      vertex 36.54181671142578 16.269466400146484 0.125
      vertex 37.34321594238281 14.334717750549316 0.125
    endloop
  endfacet
  facet normal 0 0 1
    outer loop
      vertex 39.20428466796875 19.975582122802734 0.125
      vertex 35.6402587890625 18.159618377685547 0.125
      vertex 36.54181671142578 16.269466400146484 0.125
    endloop
  endfacet
  facet normal 0 0 1
    outer loop
      vertex 33.54682159423828 21.785560607910156 0.125
      vertex 36.90150451660156 23.9641170501709 0.125
      vertex 35.59674835205078 25.862550735473633 0.125
    endloop
  endfacet
  facet normal 0 0 1
    outer loop
      vertex 38.10511779785156 22 0.125
      vertex 34.641014099121094 20 0.125
      vertex 35.6402587890625 18.159618377685547 0.125
    endloop
  endfacet
  facet normal 0 0 1
    outer loop
      vertex 32.360679626464844 23.511409759521484 0.125
      vertex 35.59674835205078 25.862550735473633 0.125
      vertex 34.194419860839844 27.69009780883789 0.125
    endloop
  endfacet
  facet normal 0 0 1
    outer loop
      vertex 36.90150451660156 23.9641170501709 0.125
      vertex 33.54682159423828 21.785560607910156 0.125
      vertex 34.641014099121094 20 0.125
    endloop
  endfacet
  facet normal 0 0 1
    outer loop
      vertex 31.085838317871094 25.172815322875977 0.125
      vertex 34.194419860839844 27.69009780883789 0.125
      vertex 32.69837188720703 29.44174575805664 0.125
    endloop
  endfacet
  facet normal 0 0 1
    outer loop
      vertex 35.59674835205078 25.862550735473633 0.125
      vertex 32.360679626464844 23.511409759521484 0.125
      vertex 33.54682159423828 21.785560607910156 0.125
    endloop
  endfacet
  facet normal 0 0 1
    outer loop
      vertex 29.725791931152344 26.76522445678711 0.125
      vertex 32.69837188720703 29.44174575805664 0.125
      vertex 31.11269760131836 31.11269760131836 0.125
    endloop
  endfacet
  facet normal 0 0 1
    outer loop
      vertex 34.194419860839844 27.69009780883789 0.125
      vertex 31.085838317871094 25.172815322875977 0.125
      vertex 32.360679626464844 23.511409759521484 0.125
    endloop
  endfacet
  facet normal 0 0 1
    outer loop
      vertex 32.69837188720703 29.44174575805664 0.125
      vertex 29.725791931152344 26.76522445678711 0.125
      vertex 31.085838317871094 25.172815322875977 0.125
    endloop
  endfacet
  facet normal 0 0 1
    outer loop
      vertex 28.284271240234375 28.284271240234375 0.125
      vertex 31.11269760131836 31.11269760131836 0.125
      vertex 29.44174575805664 32.69837188720703 0.125
    endloop
  endfacet
  facet normal 0 0 1
    outer loop
      vertex 31.11269760131836 31.11269760131836 0.125
      vertex 28.284271240234375 28.284271240234375 0.125
      vertex 29.725791931152344 26.76522445678711 0.125
    endloop
  endfacet
  facet normal 0 0 1
    outer loop
      vertex 26.76522445678711 29.725791931152344 0.125
      vertex 29.44174575805664 32.69837188720703 0.125
      vertex 27.69009780883789 34.194419860839844 0.125
    endloop
  endfacet
  facet normal 0 0 1
    outer loop
      vertex 29.44174575805664 32.69837188720703 0.125
      vertex 26.76522445678711 29.725791931152344 0.125
      vertex 28.284271240234375 28.284271240234375 0.125
    endloop
  endfacet
  facet normal 0 0 1
    outer loop
      vertex 25.172815322875977 31.085838317871094 0.125
      vertex 27.69009780883789 34.194419860839844 0.125
      vertex 25.862550735473633 35.59674835205078 0.125
    endloop
  endfacet
  facet normal 0 0 1
    outer loop
      vertex 27.69009780883789 34.194419860839844 0.125
      vertex 25.172815322875977 31.085838317871094 0.125
      vertex 26.76522445678711 29.725791931152344 0.125
    endloop
  endfacet
  facet normal 0 0 1
    outer loop
      vertex 23.511409759521484 32.360679626464844 0.125
      vertex 25.862550735473633 35.59674835205078 0.125
      vertex 23.9641170501709 36.90150451660156 0.125
    endloop
  endfacet
  facet normal 0 0 1
    outer loop
      vertex 25.862550735473633 35.59674835205078 0.125
      vertex 23.511409759521484 32.360679626464844 0.125
      vertex 25.172815322875977 31.085838317871094 0.125
    endloop
  endfacet
  facet normal 0 0 1
    outer loop
      vertex 21.785560607910156 33.54682159423828 0.125
      vertex 23.9641170501709 36.90150451660156 0.125
      vertex 22 38.10511779785156 0.125
    endloop
  endfacet
  facet normal 0 0 1
    outer loop
      vertex 23.9641170501709 36.90150451660156 0.125
      vertex 21.785560607910156 33.54682159423828 0.125
      vertex 23.511409759521484 32.360679626464844 0.125
    endloop
  endfacet
  facet normal 0 0 1
    outer loop
      vertex 22 38.10511779785156 0.125
      vertex 20 34.641014099121094 0.125
      vertex 21.785560607910156 33.54682159423828 0.125
    endloop
  endfacet
  facet normal 0 0 1
    outer loop
      vertex 19.975582122802734 39.20428466796875 0.125
      vertex 20 34.641014099121094 0.125
      vertex 22 38.10511779785156 0.125
    endloop
  endfacet
  facet normal 0 0 1
    outer loop
      vertex 19.975582122802734 39.20428466796875 0.125
      vertex 18.159618377685547 35.6402587890625 0.125
      vertex 20 34.641014099121094 0.125
    endloop
  endfacet
  facet normal 0 0 1
    outer loop
      vertex 17.896411895751953 40.19599914550781 0.125
      vertex 18.159618377685547 35.6402587890625 0.125
      vertex 19.975582122802734 39.20428466796875 0.125
    endloop
  endfacet
  facet normal 0 0 1
    outer loop
      vertex 17.896411895751953 40.19599914550781 0.125
      vertex 16.269466400146484 36.54181671142578 0.125
      vertex 18.159618377685547 35.6402587890625 0.125
    endloop
  endfacet
  facet normal 0 0 1
    outer loop
      vertex 15.768189430236816 41.077537536621094 0.125
      vertex 16.269466400146484 36.54181671142578 0.125
      vertex 17.896411895751953 40.19599914550781 0.125
    endloop
  endfacet
  facet normal 0 0 1
    outer loop
      vertex 15.768189430236816 41.077537536621094 0.125
      vertex 14.334717750549316 37.34321594238281 0.125
      vertex 16.269466400146484 36.54181671142578 0.125
    endloop
  endfacet
  facet normal 0 0 1
    outer loop
      vertex 13.596747398376465 41.84648513793945 0.125
      vertex 14.334717750549316 37.34321594238281 0.125
      vertex 15.768189430236816 41.077537536621094 0.125
    endloop
  endfacet
  facet normal 0 0 1
    outer loop
      vertex 13.596747398376465 41.84648513793945 0.125
      vertex 12.360679626464844 38.042259216308594 0.125
      vertex 14.334717750549316 37.34321594238281 0.125
    endloop
  endfacet
  facet normal 0 0 1
    outer loop
      vertex 11.38803768157959 42.500736236572266 0.125
      vertex 12.360679626464844 38.042259216308594 0.125
      vertex 13.596747398376465 41.84648513793945 0.125
    endloop
  endfacet
  facet normal 0 0 1
    outer loop
      vertex 11.38803768157959 42.500736236572266 0.125
      vertex 10.352761268615723 38.63703155517578 0.125
      vertex 12.360679626464844 38.042259216308594 0.125
    endloop
  endfacet
  facet normal 0 0 1
    outer loop
      vertex 9.148114204406738 43.03849411010742 0.125
      vertex 10.352761268615723 38.63703155517578 0.125
      vertex 11.38803768157959 42.500736236572266 0.125
    endloop
  endfacet
  facet normal 0 0 1
    outer loop
      vertex 9.148114204406738 43.03849411010742 0.125
      vertex 8.31646728515625 39.12590408325195 0.125
      vertex 10.352761268615723 38.63703155517578 0.125
    endloop
  endfacet
  facet normal 0 0 1
    outer loop
      vertex 6.883115768432617 43.45828628540039 0.125
      vertex 8.31646728515625 39.12590408325195 0.125
      vertex 9.148114204406738 43.03849411010742 0.125
    endloop
  endfacet
  facet normal 0 0 1
    outer loop
      vertex 6.883115768432617 43.45828628540039 0.125
      vertex 6.257378578186035 39.50753402709961 0.125
      vertex 8.31646728515625 39.12590408325195 0.125
    endloop
  endfacet
  facet normal 0 0 1
    outer loop
      vertex 4.599251747131348 43.75896453857422 0.125
      vertex 6.257378578186035 39.50753402709961 0.125
      vertex 6.883115768432617 43.45828628540039 0.125
    endloop
  endfacet
  facet normal 0 0 1
    outer loop
      vertex 4.599251747131348 43.75896453857422 0.125
      vertex 4.181138038635254 39.78087615966797 0.125
      vertex 6.257378578186035 39.50753402709961 0.125
    endloop
  endfacet
  facet normal 0 0 1
    outer loop
      vertex 2.3027820587158203 43.939697265625 0.125
      vertex 4.181138038635254 39.78087615966797 0.125
      vertex 4.599251747131348 43.75896453857422 0.125
    endloop
  endfacet
  facet normal 0 0 1
    outer loop
      vertex 2.3027820587158203 43.939697265625 0.125
      vertex 2.093438148498535 39.94518280029297 0.125
      vertex 4.181138038635254 39.78087615966797 0.125
    endloop
  endfacet
  facet normal 0 0 1
    outer loop
      vertex 0 44 0.125
      vertex 2.093438148498535 39.94518280029297 0.125
      vertex 2.3027820587158203 43.939697265625 0.125
    endloop
  endfacet
  facet normal 0 0 1
    outer loop
      vertex 0 44 0.125
      vertex 0 40 0.125
      vertex 2.093438148498535 39.94518280029297 0.125
    endloop
  endfacet
  facet normal 0 0 1
    outer loop
      vertex 0 44 0.125
      vertex -2.093438148498535 39.94518280029297 0.125
      vertex 0 40 0.125
    endloop
  endfacet
  facet normal 0 0 1
    outer loop
      vertex -2.3027820587158203 43.939697265625 0.125
      vertex -2.093438148498535 39.94518280029297 0.125
      vertex 0 44 0.125
    endloop
  endfacet
  facet normal 0 0 1
    outer loop
      vertex -2.3027820587158203 43.939697265625 0.125
      vertex -4.181138038635254 39.78087615966797 0.125
      vertex -2.093438148498535 39.94518280029297 0.125
    endloop
  endfacet
  facet normal 0 0 1
    outer loop
      vertex -4.599251747131348 43.75896453857422 0.125
      vertex -4.181138038635254 39.78087615966797 0.125
      vertex -2.3027820587158203 43.939697265625 0.125
    endloop
  endfacet
  facet normal 0 0 1
    outer loop
      vertex -4.599251747131348 43.75896453857422 0.125
      vertex -6.257378578186035 39.50753402709961 0.125
      vertex -4.181138038635254 39.78087615966797 0.125
    endloop
  endfacet
  facet normal 0 0 1
    outer loop
      vertex -6.883115768432617 43.45828628540039 0.125
      vertex -6.257378578186035 39.50753402709961 0.125
      vertex -4.599251747131348 43.75896453857422 0.125
    endloop
  endfacet
  facet normal 0 0 1
    outer loop
      vertex -6.883115768432617 43.45828628540039 0.125
      vertex -8.31646728515625 39.12590408325195 0.125
      vertex -6.257378578186035 39.50753402709961 0.125
    endloop
  endfacet
  facet normal 0 0 1
    outer loop
      vertex -9.148114204406738 43.03849411010742 0.125
      vertex -8.31646728515625 39.12590408325195 0.125
      vertex -6.883115768432617 43.45828628540039 0.125
    endloop
  endfacet
  facet normal 0 0 1
    outer loop
      vertex -9.148114204406738 43.03849411010742 0.125
      vertex -10.352761268615723 38.63703155517578 0.125
      vertex -8.31646728515625 39.12590408325195 0.125
    endloop
  endfacet
  facet normal 0 0 1
    outer loop
      vertex -11.38803768157959 42.500736236572266 0.125
      vertex -10.352761268615723 38.63703155517578 0.125
      vertex -9.148114204406738 43.03849411010742 0.125
    endloop
  endfacet
  facet normal 0 0 1
    outer loop
      vertex -11.38803768157959 42.500736236572266 0.125
      vertex -12.360679626464844 38.042259216308594 0.125
      vertex -10.352761268615723 38.63703155517578 0.125
    endloop
  endfacet
  facet normal 0 0 1
    outer loop
      vertex -13.596747398376465 41.84648513793945 0.125
      vertex -12.360679626464844 38.042259216308594 0.125
      vertex -11.38803768157959 42.500736236572266 0.125
    endloop
  endfacet
  facet normal 0 0 1
    outer loop
      vertex -13.596747398376465 41.84648513793945 0.125
      vertex -14.334717750549316 37.34321594238281 0.125
      vertex -12.360679626464844 38.042259216308594 0.125
    endloop
  endfacet
  facet normal 0 0 1
    outer loop
      vertex -15.768189430236816 41.077537536621094 0.125
      vertex -14.334717750549316 37.34321594238281 0.125
      vertex -13.596747398376465 41.84648513793945 0.125
    endloop
  endfacet
  facet normal 0 0 1
    outer loop
      vertex -15.768189430236816 41.077537536621094 0.125
      vertex -16.269466400146484 36.54181671142578 0.125
      vertex -14.334717750549316 37.34321594238281 0.125
    endloop
  endfacet
  facet normal 0 0 1
    outer loop
      vertex -17.896411895751953 40.19599914550781 0.125
      vertex -16.269466400146484 36.54181671142578 0.125
      vertex -15.768189430236816 41.077537536621094 0.125
    endloop
  endfacet
  facet normal 0 0 1
    outer loop
      vertex -17.896411895751953 40.19599914550781 0.125
      vertex -18.159618377685547 35.6402587890625 0.125
      vertex -16.269466400146484 36.54181671142578 0.125
    endloop
  endfacet
  facet normal 0 0 1
    outer loop
      vertex -19.975582122802734 39.20428466796875 0.125
      vertex -18.159618377685547 35.6402587890625 0.125
      vertex -17.896411895751953 40.19599914550781 0.125
    endloop
  endfacet
  facet normal 0 0 1
    outer loop
      vertex -19.975582122802734 39.20428466796875 0.125
      vertex -20 34.641014099121094 0.125
      vertex -18.159618377685547 35.6402587890625 0.125
    endloop
  endfacet
  facet normal 0 0 1
    outer loop
      vertex -22 38.10511779785156 0.125
      vertex -20 34.641014099121094 0.125
      vertex -19.975582122802734 39.20428466796875 0.125
    endloop
  endfacet
  facet normal 0 0 1
    outer loop
      vertex -20 34.641014099121094 0.125
      vertex -22 38.10511779785156 0.125
      vertex -21.785560607910156 33.54682159423828 0.125
    endloop
  endfacet
  facet normal 0 0 1
    outer loop
      vertex -23.9641170501709 36.90150451660156 0.125
      vertex -21.785560607910156 33.54682159423828 0.125
      vertex -22 38.10511779785156 0.125
    endloop
  endfacet
  facet normal 0 0 1
    outer loop
      vertex -21.785560607910156 33.54682159423828 0.125
      vertex -23.9641170501709 36.90150451660156 0.125
      vertex -23.511409759521484 32.360679626464844 0.125
    endloop
  endfacet
  facet normal 0 0 1
    outer loop
      vertex -25.862550735473633 35.59674835205078 0.125
      vertex -23.511409759521484 32.360679626464844 0.125
      vertex -23.9641170501709 36.90150451660156 0.125
    endloop
  endfacet
  facet normal 0 0 1
    outer loop
      vertex -23.511409759521484 32.360679626464844 0.125
      vertex -25.862550735473633 35.59674835205078 0.125
      vertex -25.172815322875977 31.085838317871094 0.125
    endloop
  endfacet
  facet normal 0 0 1
    outer loop
      vertex -27.69009780883789 34.194419860839844 0.125
      vertex -25.172815322875977 31.085838317871094 0.125
      vertex -25.862550735473633 35.59674835205078 0.125
    endloop
  endfacet
  facet normal 0 0 1
    outer loop
      vertex -25.172815322875977 31.085838317871094 0.125
      vertex -27.69009780883789 34.194419860839844 0.125
      vertex -26.76522445678711 29.725791931152344 0.125
    endloop
  endfacet
  facet normal 0 0 1
    outer loop
      vertex -29.44174575805664 32.69837188720703 0.125
      vertex -26.76522445678711 29.725791931152344 0.125
      vertex -27.69009780883789 34.194419860839844 0.125
    endloop
  endfacet
  facet normal 0 0 1
    outer loop
      vertex -26.76522445678711 29.725791931152344 0.125
      vertex -29.44174575805664 32.69837188720703 0.125
      vertex -28.284271240234375 28.284271240234375 0.125
    endloop
  endfacet
  facet normal 0 0 1
    outer loop
      vertex -31.11269760131836 31.11269760131836 0.125
      vertex -28.284271240234375 28.284271240234375 0.125
      vertex -29.44174575805664 32.69837188720703 0.125
    endloop
  endfacet
  facet normal 0 0 1
    outer loop
      vertex -28.284271240234375 28.284271240234375 0.125
      vertex -31.11269760131836 31.11269760131836 0.125
      vertex -29.725791931152344 26.76522445678711 0.125
    endloop
  endfacet
  facet normal 0 0 1
    outer loop
      vertex -32.69837188720703 29.44174575805664 0.125
      vertex -29.725791931152344 26.76522445678711 0.125
      vertex -31.11269760131836 31.11269760131836 0.125
    endloop
  endfacet
  facet normal 0 0 1
    outer loop
      vertex -29.725791931152344 26.76522445678711 0.125
      vertex -32.69837188720703 29.44174575805664 0.125
      vertex -31.085838317871094 25.172815322875977 0.125
    endloop
  endfacet
  facet normal 0 0 1
    outer loop
      vertex -34.194419860839844 27.69009780883789 0.125
      vertex -31.085838317871094 25.172815322875977 0.125
      vertex -32.69837188720703 29.44174575805664 0.125
    endloop
  endfacet
  facet normal 0 0 1
    outer loop
      vertex -31.085838317871094 25.172815322875977 0.125
      vertex -34.194419860839844 27.69009780883789 0.125
      vertex -32.360679626464844 23.511409759521484 0.125
    endloop
  endfacet
  facet normal 0 0 1
    outer loop
      vertex -35.59674835205078 25.862550735473633 0.125
      vertex -32.360679626464844 23.511409759521484 0.125
      vertex -34.194419860839844 27.69009780883789 0.125
    endloop
  endfacet
  facet normal 0 0 1
    outer loop
      vertex -32.360679626464844 23.511409759521484 0.125
      vertex -35.59674835205078 25.862550735473633 0.125
      vertex -33.54682159423828 21.785560607910156 0.125
    endloop
  endfacet
  facet normal 0 0 1
    outer loop
      vertex -36.90150451660156 23.9641170501709 0.125
      vertex -33.54682159423828 21.785560607910156 0.125
      vertex -35.59674835205078 25.862550735473633 0.125
    endloop
  endfacet
  facet normal 0 0 1
    outer loop
      vertex -33.54682159423828 21.785560607910156 0.125
      vertex -36.90150451660156 23.9641170501709 0.125
      vertex -34.641014099121094 20 0.125
    endloop
  endfacet
  facet normal 0 0 1
    outer loop
      vertex -38.10511779785156 22 0.125
      vertex -34.641014099121094 20 0.125
      vertex -36.90150451660156 23.9641170501709 0.125
    endloop
  endfacet
  facet normal 0 0 1
    outer loop
      vertex -34.641014099121094 20 0.125
      vertex -38.10511779785156 22 0.125
      vertex -35.6402587890625 18.159618377685547 0.125
    endloop
  endfacet
  facet normal 0 0 1
    outer loop
      vertex -39.20428466796875 19.975582122802734 0.125
      vertex -35.6402587890625 18.159618377685547 0.125
      vertex -38.10511779785156 22 0.125
    endloop
  endfacet
  facet normal 0 0 1
    outer loop
      vertex -35.6402587890625 18.159618377685547 0.125
      vertex -39.20428466796875 19.975582122802734 0.125
      vertex -36.54181671142578 16.269466400146484 0.125
    endloop
  endfacet
  facet normal 0 0 1
    outer loop
      vertex -40.19599914550781 17.896411895751953 0.125
      vertex -36.54181671142578 16.269466400146484 0.125
      vertex -39.20428466796875 19.975582122802734 0.125
    endloop
  endfacet
  facet normal 0 0 1
    outer loop
      vertex -36.54181671142578 16.269466400146484 0.125
      vertex -40.19599914550781 17.896411895751953 0.125
      vertex -37.34321594238281 14.334717750549316 0.125
    endloop
  endfacet
  facet normal 0 0 1
    outer loop
      vertex -41.077537536621094 15.768189430236816 0.125
      vertex -37.34321594238281 14.334717750549316 0.125
      vertex -40.19599914550781 17.896411895751953 0.125
    endloop
  endfacet
  facet normal 0 0 1
    outer loop
      vertex -37.34321594238281 14.334717750549316 0.125
      vertex -41.077537536621094 15.768189430236816 0.125
      vertex -38.042259216308594 12.360679626464844 0.125
    endloop
  endfacet
  facet normal 0 0 1
    outer loop
      vertex -41.84648513793945 13.596747398376465 0.125
      vertex -38.042259216308594 12.360679626464844 0.125
      vertex -41.077537536621094 15.768189430236816 0.125
    endloop
  endfacet
  facet normal 0 0 1
    outer loop
      vertex -38.042259216308594 12.360679626464844 0.125
      vertex -41.84648513793945 13.596747398376465 0.125
      vertex -38.63703155517578 10.352761268615723 0.125
    endloop
  endfacet
  facet normal 0 0 1
    outer loop
      vertex -42.500736236572266 11.38803768157959 0.125
      vertex -38.63703155517578 10.352761268615723 0.125
      vertex -41.84648513793945 13.596747398376465 0.125
    endloop
  endfacet
  facet normal 0 0 1
    outer loop
      vertex -43.03849411010742 9.148114204406738 0.125
      vertex -39.12590408325195 8.31646728515625 0.125
      vertex -42.500736236572266 11.38803768157959 0.125
    endloop
  endfacet
  facet normal 0 0 1
    outer loop
      vertex -38.63703155517578 10.352761268615723 0.125
      vertex -42.500736236572266 11.38803768157959 0.125
      vertex -39.12590408325195 8.31646728515625 0.125
    endloop
  endfacet
  facet normal 0 0 1
    outer loop
      vertex 43.03849411010742 -9.148114204406738 0.125
      vertex 39.12590408325195 -8.31646728515625 0.125
      vertex 42.500736236572266 -11.38803768157959 0.125
    endloop
  endfacet
  facet normal 0 0 1
    outer loop
      vertex 38.63703155517578 -10.352761268615723 0.125
      vertex 42.500736236572266 -11.38803768157959 0.125
      vertex 39.12590408325195 -8.31646728515625 0.125
    endloop
  endfacet
  facet normal 0 0 1
    outer loop
      vertex 42.500736236572266 -11.38803768157959 0.125
      vertex 38.63703155517578 -10.352761268615723 0.125
      vertex 41.84648513793945 -13.596747398376465 0.125
    endloop
  endfacet
  facet normal 0 0 1
    outer loop
      vertex 38.042259216308594 -12.360679626464844 0.125
      vertex 41.84648513793945 -13.596747398376465 0.125
      vertex 38.63703155517578 -10.352761268615723 0.125
    endloop
  endfacet
  facet normal 0 0 1
    outer loop
      vertex 41.84648513793945 -13.596747398376465 0.125
      vertex 38.042259216308594 -12.360679626464844 0.125
      vertex 41.077537536621094 -15.768189430236816 0.125
    endloop
  endfacet
  facet normal 0 0 1
    outer loop
      vertex 37.34321594238281 -14.334717750549316 0.125
      vertex 41.077537536621094 -15.768189430236816 0.125
      vertex 38.042259216308594 -12.360679626464844 0.125
    endloop
  endfacet
  facet normal 0 0 1
    outer loop
      vertex 41.077537536621094 -15.768189430236816 0.125
      vertex 37.34321594238281 -14.334717750549316 0.125
      vertex 40.19599914550781 -17.896411895751953 0.125
    endloop
  endfacet
  facet normal 0 0 1
    outer loop
      vertex 36.54181671142578 -16.269466400146484 0.125
      vertex 40.19599914550781 -17.896411895751953 0.125
      vertex 37.34321594238281 -14.334717750549316 0.125
    endloop
  endfacet
  facet normal 0 0 1
    outer loop
      vertex 40.19599914550781 -17.896411895751953 0.125
      vertex 36.54181671142578 -16.269466400146484 0.125
      vertex 39.20428466796875 -19.975582122802734 0.125
    endloop
  endfacet
  facet normal 0 0 1
    outer loop
      vertex 35.6402587890625 -18.159618377685547 0.125
      vertex 39.20428466796875 -19.975582122802734 0.125
      vertex 36.54181671142578 -16.269466400146484 0.125
    endloop
  endfacet
  facet normal 0 0 1
    outer loop
      vertex 39.20428466796875 -19.975582122802734 0.125
      vertex 35.6402587890625 -18.159618377685547 0.125
      vertex 38.10511779785156 -22 0.125
    endloop
  endfacet
  facet normal 0 0 1
    outer loop
      vertex 34.641014099121094 -20 0.125
      vertex 38.10511779785156 -22 0.125
      vertex 35.6402587890625 -18.159618377685547 0.125
    endloop
  endfacet
  facet normal 0 0 1
    outer loop
      vertex 38.10511779785156 -22 0.125
      vertex 34.641014099121094 -20 0.125
      vertex 36.90150451660156 -23.9641170501709 0.125
    endloop
  endfacet
  facet normal 0 0 1
    outer loop
      vertex 33.54682159423828 -21.785560607910156 0.125
      vertex 36.90150451660156 -23.9641170501709 0.125
      vertex 34.641014099121094 -20 0.125
    endloop
  endfacet
  facet normal 0 0 1
    outer loop
      vertex 36.90150451660156 -23.9641170501709 0.125
      vertex 33.54682159423828 -21.785560607910156 0.125
      vertex 35.59674835205078 -25.862550735473633 0.125
    endloop
  endfacet
  facet normal 0 0 1
    outer loop
      vertex 32.360679626464844 -23.511409759521484 0.125
      vertex 35.59674835205078 -25.862550735473633 0.125
      vertex 33.54682159423828 -21.785560607910156 0.125
    endloop
  endfacet
  facet normal 0 0 1
    outer loop
      vertex 35.59674835205078 -25.862550735473633 0.125
      vertex 32.360679626464844 -23.511409759521484 0.125
      vertex 34.194419860839844 -27.69009780883789 0.125
    endloop
  endfacet
  facet normal 0 0 1
    outer loop
      vertex 31.085838317871094 -25.172815322875977 0.125
      vertex 34.194419860839844 -27.69009780883789 0.125
      vertex 32.360679626464844 -23.511409759521484 0.125
    endloop
  endfacet
  facet normal 0 0 1
    outer loop
      vertex 34.194419860839844 -27.69009780883789 0.125
      vertex 31.085838317871094 -25.172815322875977 0.125
      vertex 32.69837188720703 -29.44174575805664 0.125
    endloop
  endfacet
  facet normal 0 0 1
    outer loop
      vertex 29.725791931152344 -26.76522445678711 0.125
      vertex 32.69837188720703 -29.44174575805664 0.125
      vertex 31.085838317871094 -25.172815322875977 0.125
    endloop
  endfacet
  facet normal 0 0 1
    outer loop
      vertex 32.69837188720703 -29.44174575805664 0.125
      vertex 29.725791931152344 -26.76522445678711 0.125
      vertex 31.11269760131836 -31.11269760131836 0.125
    endloop
  endfacet
  facet normal 0 0 1
    outer loop
      vertex 28.284271240234375 -28.284271240234375 0.125
      vertex 31.11269760131836 -31.11269760131836 0.125
      vertex 29.725791931152344 -26.76522445678711 0.125
    endloop
  endfacet
  facet normal 0 0 1
    outer loop
      vertex 31.11269760131836 -31.11269760131836 0.125
      vertex 28.284271240234375 -28.284271240234375 0.125
      vertex 29.44174575805664 -32.69837188720703 0.125
    endloop
  endfacet
  facet normal 0 0 1
    outer loop
      vertex 26.76522445678711 -29.725791931152344 0.125
      vertex 29.44174575805664 -32.69837188720703 0.125
      vertex 28.284271240234375 -28.284271240234375 0.125
    endloop
  endfacet
  facet normal 0 0 1
    outer loop
      vertex 29.44174575805664 -32.69837188720703 0.125
      vertex 26.76522445678711 -29.725791931152344 0.125
      vertex 27.69009780883789 -34.194419860839844 0.125
    endloop
  endfacet
  facet normal 0 0 1
    outer loop
      vertex 25.172815322875977 -31.085838317871094 0.125
      vertex 27.69009780883789 -34.194419860839844 0.125
      vertex 26.76522445678711 -29.725791931152344 0.125
    endloop
  endfacet
  facet normal 0 0 1
    outer loop
      vertex 27.69009780883789 -34.194419860839844 0.125
      vertex 25.172815322875977 -31.085838317871094 0.125
      vertex 25.862550735473633 -35.59674835205078 0.125
    endloop
  endfacet
  facet normal 0 0 1
    outer loop
      vertex 23.511409759521484 -32.360679626464844 0.125
      vertex 25.862550735473633 -35.59674835205078 0.125
      vertex 25.172815322875977 -31.085838317871094 0.125
    endloop
  endfacet
  facet normal 0 0 1
    outer loop
      vertex 25.862550735473633 -35.59674835205078 0.125
      vertex 23.511409759521484 -32.360679626464844 0.125
      vertex 23.9641170501709 -36.90150451660156 0.125
    endloop
  endfacet
  facet normal 0 0 1
    outer loop
      vertex 21.785560607910156 -33.54682159423828 0.125
      vertex 23.9641170501709 -36.90150451660156 0.125
      vertex 23.511409759521484 -32.360679626464844 0.125
    endloop
  endfacet
  facet normal 0 0 1
    outer loop
      vertex 23.9641170501709 -36.90150451660156 0.125
      vertex 21.785560607910156 -33.54682159423828 0.125
      vertex 22 -38.10511779785156 0.125
    endloop
  endfacet
  facet normal 0 0 1
    outer loop
      vertex 20 -34.641014099121094 0.125
      vertex 22 -38.10511779785156 0.125
      vertex 21.785560607910156 -33.54682159423828 0.125
    endloop
  endfacet
  facet normal 0 0 1
    outer loop
      vertex 20 -34.641014099121094 0.125
      vertex 19.975582122802734 -39.20428466796875 0.125
      vertex 22 -38.10511779785156 0.125
    endloop
  endfacet
  facet normal 0 0 1
    outer loop
      vertex 18.159618377685547 -35.6402587890625 0.125
      vertex 19.975582122802734 -39.20428466796875 0.125
      vertex 20 -34.641014099121094 0.125
    endloop
  endfacet
  facet normal 0 0 1
    outer loop
      vertex 18.159618377685547 -35.6402587890625 0.125
      vertex 17.896411895751953 -40.19599914550781 0.125
      vertex 19.975582122802734 -39.20428466796875 0.125
    endloop
  endfacet
  facet normal 0 0 1
    outer loop
      vertex 16.269466400146484 -36.54181671142578 0.125
      vertex 17.896411895751953 -40.19599914550781 0.125
      vertex 18.159618377685547 -35.6402587890625 0.125
    endloop
  endfacet
  facet normal 0 0 1
    outer loop
      vertex 16.269466400146484 -36.54181671142578 0.125
      vertex 15.768189430236816 -41.077537536621094 0.125
      vertex 17.896411895751953 -40.19599914550781 0.125
    endloop
  endfacet
  facet normal 0 0 1
    outer loop
      vertex 14.334717750549316 -37.34321594238281 0.125
      vertex 15.768189430236816 -41.077537536621094 0.125
      vertex 16.269466400146484 -36.54181671142578 0.125
    endloop
  endfacet
  facet normal 0 0 1
    outer loop
      vertex 14.334717750549316 -37.34321594238281 0.125
      vertex 13.596747398376465 -41.84648513793945 0.125
      vertex 15.768189430236816 -41.077537536621094 0.125
    endloop
  endfacet
  facet normal 0 0 1
    outer loop
      vertex 12.360679626464844 -38.042259216308594 0.125
      vertex 13.596747398376465 -41.84648513793945 0.125
      vertex 14.334717750549316 -37.34321594238281 0.125
    endloop
  endfacet
  facet normal 0 0 1
    outer loop
      vertex 12.360679626464844 -38.042259216308594 0.125
      vertex 11.38803768157959 -42.500736236572266 0.125
      vertex 13.596747398376465 -41.84648513793945 0.125
    endloop
  endfacet
  facet normal 0 0 1
    outer loop
      vertex 10.352761268615723 -38.63703155517578 0.125
      vertex 11.38803768157959 -42.500736236572266 0.125
      vertex 12.360679626464844 -38.042259216308594 0.125
    endloop
  endfacet
  facet normal 0 0 1
    outer loop
      vertex 10.352761268615723 -38.63703155517578 0.125
      vertex 9.148114204406738 -43.03849411010742 0.125
      vertex 11.38803768157959 -42.500736236572266 0.125
    endloop
  endfacet
  facet normal 0 0 1
    outer loop
      vertex 8.31646728515625 -39.12590408325195 0.125
      vertex 9.148114204406738 -43.03849411010742 0.125
      vertex 10.352761268615723 -38.63703155517578 0.125
    endloop
  endfacet
  facet normal 0 0 1
    outer loop
      vertex 8.31646728515625 -39.12590408325195 0.125
      vertex 6.883115768432617 -43.45828628540039 0.125
      vertex 9.148114204406738 -43.03849411010742 0.125
    endloop
  endfacet
  facet normal 0 0 1
    outer loop
      vertex 6.257378578186035 -39.50753402709961 0.125
      vertex 6.883115768432617 -43.45828628540039 0.125
      vertex 8.31646728515625 -39.12590408325195 0.125
    endloop
  endfacet
  facet normal 0 0 1
    outer loop
      vertex 6.257378578186035 -39.50753402709961 0.125
      vertex 4.599251747131348 -43.75896453857422 0.125
      vertex 6.883115768432617 -43.45828628540039 0.125
    endloop
  endfacet
  facet normal 0 0 1
    outer loop
      vertex 4.181138038635254 -39.78087615966797 0.125
      vertex 4.599251747131348 -43.75896453857422 0.125
      vertex 6.257378578186035 -39.50753402709961 0.125
    endloop
  endfacet
  facet normal 0 0 1
    outer loop
      vertex 4.181138038635254 -39.78087615966797 0.125
      vertex 2.3027820587158203 -43.939697265625 0.125
      vertex 4.599251747131348 -43.75896453857422 0.125
    endloop
  endfacet
  facet normal 0 0 1
    outer loop
      vertex 2.093438148498535 -39.94518280029297 0.125
      vertex 2.3027820587158203 -43.939697265625 0.125
      vertex 4.181138038635254 -39.78087615966797 0.125
    endloop
  endfacet
  facet normal 0 0 1
    outer loop
      vertex 0 -40 0.125
      vertex 2.3027820587158203 -43.939697265625 0.125
      vertex 2.093438148498535 -39.94518280029297 0.125
    endloop
  endfacet
  facet normal 0 0 1
    outer loop
      vertex 0 -40 0.125
      vertex 0 -44 0.125
      vertex 2.3027820587158203 -43.939697265625 0.125
    endloop
  endfacet
  facet normal 0 0 1
    outer loop
      vertex -2.093438148498535 -39.94518280029297 0.125
      vertex 0 -44 0.125
      vertex 0 -40 0.125
    endloop
  endfacet
  facet normal 0 0 1
    outer loop
      vertex -2.093438148498535 -39.94518280029297 0.125
      vertex -2.3027820587158203 -43.939697265625 0.125
      vertex 0 -44 0.125
    endloop
  endfacet
  facet normal 0 0 1
    outer loop
      vertex -4.181138038635254 -39.78087615966797 0.125
      vertex -2.3027820587158203 -43.939697265625 0.125
      vertex -2.093438148498535 -39.94518280029297 0.125
    endloop
  endfacet
  facet normal 0 0 1
    outer loop
      vertex -4.181138038635254 -39.78087615966797 0.125
      vertex -4.599251747131348 -43.75896453857422 0.125
      vertex -2.3027820587158203 -43.939697265625 0.125
    endloop
  endfacet
  facet normal 0 0 1
    outer loop
      vertex -6.257378578186035 -39.50753402709961 0.125
      vertex -4.599251747131348 -43.75896453857422 0.125
      vertex -4.181138038635254 -39.78087615966797 0.125
    endloop
  endfacet
  facet normal 0 0 1
    outer loop
      vertex -6.257378578186035 -39.50753402709961 0.125
      vertex -6.883115768432617 -43.45828628540039 0.125
      vertex -4.599251747131348 -43.75896453857422 0.125
    endloop
  endfacet
  facet normal 0 0 1
    outer loop
      vertex -8.31646728515625 -39.12590408325195 0.125
      vertex -6.883115768432617 -43.45828628540039 0.125
      vertex -6.257378578186035 -39.50753402709961 0.125
    endloop
  endfacet
  facet normal 0 0 1
    outer loop
      vertex -8.31646728515625 -39.12590408325195 0.125
      vertex -9.148114204406738 -43.03849411010742 0.125
      vertex -6.883115768432617 -43.45828628540039 0.125
    endloop
  endfacet
  facet normal 0 0 1
    outer loop
      vertex -10.352761268615723 -38.63703155517578 0.125
      vertex -9.148114204406738 -43.03849411010742 0.125
      vertex -8.31646728515625 -39.12590408325195 0.125
    endloop
  endfacet
  facet normal 0 0 1
    outer loop
      vertex -10.352761268615723 -38.63703155517578 0.125
      vertex -11.38803768157959 -42.500736236572266 0.125
      vertex -9.148114204406738 -43.03849411010742 0.125
    endloop
  endfacet
  facet normal 0 0 1
    outer loop
      vertex -12.360679626464844 -38.042259216308594 0.125
      vertex -11.38803768157959 -42.500736236572266 0.125
      vertex -10.352761268615723 -38.63703155517578 0.125
    endloop
  endfacet
  facet normal 0 0 1
    outer loop
      vertex -12.360679626464844 -38.042259216308594 0.125
      vertex -13.596747398376465 -41.84648513793945 0.125
      vertex -11.38803768157959 -42.500736236572266 0.125
    endloop
  endfacet
  facet normal 0 0 1
    outer loop
      vertex -14.334717750549316 -37.34321594238281 0.125
      vertex -13.596747398376465 -41.84648513793945 0.125
      vertex -12.360679626464844 -38.042259216308594 0.125
    endloop
  endfacet
  facet normal 0 0 1
    outer loop
      vertex -14.334717750549316 -37.34321594238281 0.125
      vertex -15.768189430236816 -41.077537536621094 0.125
      vertex -13.596747398376465 -41.84648513793945 0.125
    endloop
  endfacet
  facet normal 0 0 1
    outer loop
      vertex -16.269466400146484 -36.54181671142578 0.125
      vertex -15.768189430236816 -41.077537536621094 0.125
      vertex -14.334717750549316 -37.34321594238281 0.125
    endloop
  endfacet
  facet normal 0 0 1
    outer loop
      vertex -16.269466400146484 -36.54181671142578 0.125
      vertex -17.896411895751953 -40.19599914550781 0.125
      vertex -15.768189430236816 -41.077537536621094 0.125
    endloop
  endfacet
  facet normal 0 0 1
    outer loop
      vertex -18.159618377685547 -35.6402587890625 0.125
      vertex -17.896411895751953 -40.19599914550781 0.125
      vertex -16.269466400146484 -36.54181671142578 0.125
    endloop
  endfacet
  facet normal 0 0 1
    outer loop
      vertex -18.159618377685547 -35.6402587890625 0.125
      vertex -19.975582122802734 -39.20428466796875 0.125
      vertex -17.896411895751953 -40.19599914550781 0.125
    endloop
  endfacet
  facet normal 0 0 1
    outer loop
      vertex -20 -34.641014099121094 0.125
      vertex -19.975582122802734 -39.20428466796875 0.125
      vertex -18.159618377685547 -35.6402587890625 0.125
    endloop
  endfacet
  facet normal 0 0 1
    outer loop
      vertex -22 -38.10511779785156 0.125
      vertex -20 -34.641014099121094 0.125
      vertex -21.785560607910156 -33.54682159423828 0.125
    endloop
  endfacet
  facet normal 0 0 1
    outer loop
      vertex -20 -34.641014099121094 0.125
      vertex -22 -38.10511779785156 0.125
      vertex -19.975582122802734 -39.20428466796875 0.125
    endloop
  endfacet
  facet normal 0 0 1
    outer loop
      vertex -23.9641170501709 -36.90150451660156 0.125
      vertex -21.785560607910156 -33.54682159423828 0.125
      vertex -23.511409759521484 -32.360679626464844 0.125
    endloop
  endfacet
  facet normal 0 0 1
    outer loop
      vertex -21.785560607910156 -33.54682159423828 0.125
      vertex -23.9641170501709 -36.90150451660156 0.125
      vertex -22 -38.10511779785156 0.125
    endloop
  endfacet
  facet normal 0 0 1
    outer loop
      vertex -25.862550735473633 -35.59674835205078 0.125
      vertex -23.511409759521484 -32.360679626464844 0.125
      vertex -25.172815322875977 -31.085838317871094 0.125
    endloop
  endfacet
  facet normal 0 0 1
    outer loop
      vertex -23.511409759521484 -32.360679626464844 0.125
      vertex -25.862550735473633 -35.59674835205078 0.125
      vertex -23.9641170501709 -36.90150451660156 0.125
    endloop
  endfacet
  facet normal 0 0 1
    outer loop
      vertex -27.69009780883789 -34.194419860839844 0.125
      vertex -25.172815322875977 -31.085838317871094 0.125
      vertex -26.76522445678711 -29.725791931152344 0.125
    endloop
  endfacet
  facet normal 0 0 1
    outer loop
      vertex -25.172815322875977 -31.085838317871094 0.125
      vertex -27.69009780883789 -34.194419860839844 0.125
      vertex -25.862550735473633 -35.59674835205078 0.125
    endloop
  endfacet
  facet normal 0 0 1
    outer loop
      vertex -29.44174575805664 -32.69837188720703 0.125
      vertex -26.76522445678711 -29.725791931152344 0.125
      vertex -28.284271240234375 -28.284271240234375 0.125
    endloop
  endfacet
  facet normal 0 0 1
    outer loop
      vertex -26.76522445678711 -29.725791931152344 0.125
      vertex -29.44174575805664 -32.69837188720703 0.125
      vertex -27.69009780883789 -34.194419860839844 0.125
    endloop
  endfacet
  facet normal 0 0 1
    outer loop
      vertex -31.11269760131836 -31.11269760131836 0.125
      vertex -28.284271240234375 -28.284271240234375 0.125
      vertex -29.725791931152344 -26.76522445678711 0.125
    endloop
  endfacet
  facet normal 0 0 1
    outer loop
      vertex -32.69837188720703 -29.44174575805664 0.125
      vertex -29.725791931152344 -26.76522445678711 0.125
      vertex -31.085838317871094 -25.172815322875977 0.125
    endloop
  endfacet
  facet normal 0 0 1
    outer loop
      vertex -28.284271240234375 -28.284271240234375 0.125
      vertex -31.11269760131836 -31.11269760131836 0.125
      vertex -29.44174575805664 -32.69837188720703 0.125
    endloop
  endfacet
  facet normal 0 0 1
    outer loop
      vertex -34.194419860839844 -27.69009780883789 0.125
      vertex -31.085838317871094 -25.172815322875977 0.125
      vertex -32.360679626464844 -23.511409759521484 0.125
    endloop
  endfacet
  facet normal 0 0 1
    outer loop
      vertex -29.725791931152344 -26.76522445678711 0.125
      vertex -32.69837188720703 -29.44174575805664 0.125
      vertex -31.11269760131836 -31.11269760131836 0.125
    endloop
  endfacet
  facet normal 0 0 1
    outer loop
      vertex -35.59674835205078 -25.862550735473633 0.125
      vertex -32.360679626464844 -23.511409759521484 0.125
      vertex -33.54682159423828 -21.785560607910156 0.125
    endloop
  endfacet
  facet normal 0 0 1
    outer loop
      vertex -31.085838317871094 -25.172815322875977 0.125
      vertex -34.194419860839844 -27.69009780883789 0.125
      vertex -32.69837188720703 -29.44174575805664 0.125
    endloop
  endfacet
  facet normal 0 0 1
    outer loop
      vertex -36.90150451660156 -23.9641170501709 0.125
      vertex -33.54682159423828 -21.785560607910156 0.125
      vertex -34.641014099121094 -20 0.125
    endloop
  endfacet
  facet normal 0 0 1
    outer loop
      vertex -32.360679626464844 -23.511409759521484 0.125
      vertex -35.59674835205078 -25.862550735473633 0.125
      vertex -34.194419860839844 -27.69009780883789 0.125
    endloop
  endfacet
  facet normal 0 0 1
    outer loop
      vertex -38.10511779785156 -22 0.125
      vertex -34.641014099121094 -20 0.125
      vertex -35.6402587890625 -18.159618377685547 0.125
    endloop
  endfacet
  facet normal 0 0 1
    outer loop
      vertex -39.20428466796875 -19.975582122802734 0.125
      vertex -35.6402587890625 -18.159618377685547 0.125
      vertex -36.54181671142578 -16.269466400146484 0.125
    endloop
  endfacet
  facet normal 0 0 1
    outer loop
      vertex -33.54682159423828 -21.785560607910156 0.125
      vertex -36.90150451660156 -23.9641170501709 0.125
      vertex -35.59674835205078 -25.862550735473633 0.125
    endloop
  endfacet
  facet normal 0 0 1
    outer loop
      vertex -40.19599914550781 -17.896411895751953 0.125
      vertex -36.54181671142578 -16.269466400146484 0.125
      vertex -37.34321594238281 -14.334717750549316 0.125
    endloop
  endfacet
  facet normal 0 0 1
    outer loop
      vertex -41.077537536621094 -15.768189430236816 0.125
      vertex -37.34321594238281 -14.334717750549316 0.125
      vertex -38.042259216308594 -12.360679626464844 0.125
    endloop
  endfacet
  facet normal 0 0 1
    outer loop
      vertex -34.641014099121094 -20 0.125
      vertex -38.10511779785156 -22 0.125
      vertex -36.90150451660156 -23.9641170501709 0.125
    endloop
  endfacet
  facet normal 0 0 1
    outer loop
      vertex -41.84648513793945 -13.596747398376465 0.125
      vertex -38.042259216308594 -12.360679626464844 0.125
      vertex -38.63703155517578 -10.352761268615723 0.125
    endloop
  endfacet
  facet normal 0 0 1
    outer loop
      vertex -42.500736236572266 -11.38803768157959 0.125
      vertex -38.63703155517578 -10.352761268615723 0.125
      vertex -39.12590408325195 -8.31646728515625 0.125
    endloop
  endfacet
  facet normal 0 0 1
    outer loop
      vertex -35.6402587890625 -18.159618377685547 0.125
      vertex -39.20428466796875 -19.975582122802734 0.125
      vertex -38.10511779785156 -22 0.125
    endloop
  endfacet
  facet normal 0 0 1
    outer loop
      vertex -43.03849411010742 -9.148114204406738 0.125
      vertex -39.12590408325195 -8.31646728515625 0.125
      vertex -39.50753402709961 -6.257378578186035 0.125
    endloop
  endfacet
  facet normal 0 0 1
    outer loop
      vertex -43.45828628540039 -6.883115768432617 0.125
      vertex -39.50753402709961 -6.257378578186035 0.125
      vertex -39.78087615966797 -4.181138038635254 0.125
    endloop
  endfacet
  facet normal 0 0 1
    outer loop
      vertex -43.75896453857422 -4.599251747131348 0.125
      vertex -39.78087615966797 -4.181138038635254 0.125
      vertex -39.94518280029297 -2.093438148498535 0.125
    endloop
  endfacet
  facet normal 0 0 1
    outer loop
      vertex -36.54181671142578 -16.269466400146484 0.125
      vertex -40.19599914550781 -17.896411895751953 0.125
      vertex -39.20428466796875 -19.975582122802734 0.125
    endloop
  endfacet
  facet normal 0 0 1
    outer loop
      vertex -43.939697265625 -2.3027820587158203 0.125
      vertex -39.94518280029297 -2.093438148498535 0.125
      vertex -40 0 0.125
    endloop
  endfacet
  facet normal 0 0 1
    outer loop
      vertex -39.12590408325195 8.31646728515625 0.125
      vertex -43.03849411010742 9.148114204406738 0.125
      vertex -39.50753402709961 6.257378578186035 0.125
    endloop
  endfacet
  facet normal 0 0 1
    outer loop
      vertex -43.45828628540039 6.883115768432617 0.125
      vertex -39.50753402709961 6.257378578186035 0.125
      vertex -43.03849411010742 9.148114204406738 0.125
    endloop
  endfacet
  facet normal 0 0 1
    outer loop
      vertex -37.34321594238281 -14.334717750549316 0.125
      vertex -41.077537536621094 -15.768189430236816 0.125
      vertex -40.19599914550781 -17.896411895751953 0.125
    endloop
  endfacet
  facet normal 0 0 1
    outer loop
      vertex -39.50753402709961 6.257378578186035 0.125
      vertex -43.45828628540039 6.883115768432617 0.125
      vertex -39.78087615966797 4.181138038635254 0.125
    endloop
  endfacet
  facet normal 0 0 1
    outer loop
      vertex -38.042259216308594 -12.360679626464844 0.125
      vertex -41.84648513793945 -13.596747398376465 0.125
      vertex -41.077537536621094 -15.768189430236816 0.125
    endloop
  endfacet
  facet normal 0 0 1
    outer loop
      vertex -43.75896453857422 4.599251747131348 0.125
      vertex -39.78087615966797 4.181138038635254 0.125
      vertex -43.45828628540039 6.883115768432617 0.125
    endloop
  endfacet
  facet normal 0 0 1
    outer loop
      vertex -38.63703155517578 -10.352761268615723 0.125
      vertex -42.500736236572266 -11.38803768157959 0.125
      vertex -41.84648513793945 -13.596747398376465 0.125
    endloop
  endfacet
  facet normal 0 0 1
    outer loop
      vertex -39.78087615966797 4.181138038635254 0.125
      vertex -43.75896453857422 4.599251747131348 0.125
      vertex -39.94518280029297 2.093438148498535 0.125
    endloop
  endfacet
  facet normal 0 0 1
    outer loop
      vertex -39.12590408325195 -8.31646728515625 0.125
      vertex -43.03849411010742 -9.148114204406738 0.125
      vertex -42.500736236572266 -11.38803768157959 0.125
    endloop
  endfacet
  facet normal 0 0 1
    outer loop
      vertex -43.939697265625 2.3027820587158203 0.125
      vertex -39.94518280029297 2.093438148498535 0.125
      vertex -43.75896453857422 4.599251747131348 0.125
    endloop
  endfacet
  facet normal 0 0 1
    outer loop
      vertex -39.50753402709961 -6.257378578186035 0.125
      vertex -43.45828628540039 -6.883115768432617 0.125
      vertex -43.03849411010742 -9.148114204406738 0.125
    endloop
  endfacet
  facet normal 0 0 1
    outer loop
      vertex -39.94518280029297 2.093438148498535 0.125
      vertex -43.939697265625 2.3027820587158203 0.125
      vertex -40 0 0.125
    endloop
  endfacet
  facet normal 0 0 1
    outer loop
      vertex -39.78087615966797 -4.181138038635254 0.125
      vertex -43.75896453857422 -4.599251747131348 0.125
      vertex -43.45828628540039 -6.883115768432617 0.125
    endloop
  endfacet
  facet normal 0 0 1
    outer loop
      vertex -44 0 0.125
      vertex -40 0 0.125
      vertex -43.939697265625 2.3027820587158203 0.125
    endloop
  endfacet
  facet normal 0 0 1
    outer loop
      vertex -39.94518280029297 -2.093438148498535 0.125
      vertex -43.939697265625 -2.3027820587158203 0.125
      vertex -43.75896453857422 -4.599251747131348 0.125
    endloop
  endfacet
  facet normal 0 0 1
    outer loop
      vertex -40 0 0.125
      vertex -44 0 0.125
      vertex -43.939697265625 -2.3027820587158203 0.125
    endloop
  endfacet
  facet normal 0.18223532756469876 -0.9832549442476183 0
    outer loop
      vertex 6.883115768432617 -43.45828628540039 -0.125
      vertex 9.148114204406738 -43.03849411010742 0.125
      vertex 6.883115768432617 -43.45828628540039 0.125
    endloop
  endfacet
  facet normal 0.18223532756469876 -0.9832549442476183 0
    outer loop
      vertex 9.148114204406738 -43.03849411010742 0.125
      vertex 6.883115768432617 -43.45828628540039 -0.125
      vertex 9.148114204406738 -43.03849411010742 -0.125
    endloop
  endfacet
  facet normal -0.9969174477216186 -0.0784576473532933 0
    outer loop
      vertex -43.75896453857422 -4.599251747131348 -0.125
      vertex -43.939697265625 -2.3027820587158203 0.125
      vertex -43.939697265625 -2.3027820587158203 -0.125
    endloop
  endfacet
  facet normal -0.9969174477216186 -0.0784576473532933 0
    outer loop
      vertex -43.939697265625 -2.3027820587158203 0.125
      vertex -43.75896453857422 -4.599251747131348 -0.125
      vertex -43.75896453857422 -4.599251747131348 0.125
    endloop
  endfacet
  facet normal -0.608762057446032 -0.7933528580739304 0
    outer loop
      vertex -27.69009780883789 -34.194419860839844 -0.125
      vertex -25.862550735473633 -35.59674835205078 0.125
      vertex -27.69009780883789 -34.194419860839844 0.125
    endloop
  endfacet
  facet normal -0.608762057446032 -0.7933528580739304 0
    outer loop
      vertex -25.862550735473633 -35.59674835205078 0.125
      vertex -27.69009780883789 -34.194419860839844 -0.125
      vertex -25.862550735473633 -35.59674835205078 -0.125
    endloop
  endfacet
  facet normal -0.9025850902091734 -0.4305115038324739 0
    outer loop
      vertex -39.20428466796875 -19.975582122802734 -0.125
      vertex -40.19599914550781 -17.896411895751953 0.125
      vertex -40.19599914550781 -17.896411895751953 -0.125
    endloop
  endfacet
  facet normal -0.9025850902091734 -0.4305115038324739 0
    outer loop
      vertex -40.19599914550781 -17.896411895751953 0.125
      vertex -39.20428466796875 -19.975582122802734 -0.125
      vertex -39.20428466796875 -19.975582122802734 0.125
    endloop
  endfacet
  facet normal -0.28401593298974936 -0.958819560609796 0
    outer loop
      vertex -13.596747398376465 -41.84648513793945 -0.125
      vertex -11.38803768157959 -42.500736236572266 0.125
      vertex -13.596747398376465 -41.84648513793945 0.125
    endloop
  endfacet
  facet normal -0.28401593298974936 -0.958819560609796 0
    outer loop
      vertex -11.38803768157959 -42.500736236572266 0.125
      vertex -13.596747398376465 -41.84648513793945 -0.125
      vertex -11.38803768157959 -42.500736236572266 -0.125
    endloop
  endfacet
  facet normal 0.4771579707784528 -0.8788175413147995 0
    outer loop
      vertex 19.975582122802734 -39.20428466796875 -0.125
      vertex 22 -38.10511779785156 0.125
      vertex 19.975582122802734 -39.20428466796875 0.125
    endloop
  endfacet
  facet normal 0.4771579707784528 -0.8788175413147995 0
    outer loop
      vertex 22 -38.10511779785156 0.125
      vertex 19.975582122802734 -39.20428466796875 -0.125
      vertex 22 -38.10511779785156 -0.125
    endloop
  endfacet
  facet normal 0.7253743289730954 0.6883546199938165 0
    outer loop
      vertex 32.69837188720703 29.44174575805664 0.125
      vertex 31.11269760131836 31.11269760131836 -0.125
      vertex 31.11269760131836 31.11269760131836 0.125
    endloop
  endfacet
  facet normal 0.7253743289730954 0.6883546199938165 0
    outer loop
      vertex 31.11269760131836 31.11269760131836 -0.125
      vertex 32.69837188720703 29.44174575805664 0.125
      vertex 32.69837188720703 29.44174575805664 -0.125
    endloop
  endfacet
  facet normal -0.958819560609796 -0.28401593298974936 0
    outer loop
      vertex -41.84648513793945 -13.596747398376465 -0.125
      vertex -42.500736236572266 -11.38803768157959 0.125
      vertex -42.500736236572266 -11.38803768157959 -0.125
    endloop
  endfacet
  facet normal -0.958819560609796 -0.28401593298974936 0
    outer loop
      vertex -42.500736236572266 -11.38803768157959 0.125
      vertex -41.84648513793945 -13.596747398376465 -0.125
      vertex -41.84648513793945 -13.596747398376465 0.125
    endloop
  endfacet
  facet normal -0.8788175413147995 -0.4771579707784528 0
    outer loop
      vertex -38.10511779785156 -22 -0.125
      vertex -39.20428466796875 -19.975582122802734 0.125
      vertex -39.20428466796875 -19.975582122802734 -0.125
    endloop
  endfacet
  facet normal -0.8788175413147995 -0.4771579707784528 0
    outer loop
      vertex -39.20428466796875 -19.975582122802734 0.125
      vertex -38.10511779785156 -22 -0.125
      vertex -38.10511779785156 -22 0.125
    endloop
  endfacet
  facet normal 0.5224988187401799 -0.8526400086877913 0
    outer loop
      vertex 22 -38.10511779785156 -0.125
      vertex 23.9641170501709 -36.90150451660156 0.125
      vertex 22 -38.10511779785156 0.125
    endloop
  endfacet
  facet normal 0.5224988187401799 -0.8526400086877913 0
    outer loop
      vertex 23.9641170501709 -36.90150451660156 0.125
      vertex 22 -38.10511779785156 -0.125
      vertex 23.9641170501709 -36.90150451660156 -0.125
    endloop
  endfacet
  facet normal -0.7604061172811168 -0.649447870734408 0
    outer loop
      vertex -32.69837188720703 -29.44174575805664 -0.125
      vertex -34.194419860839844 -27.69009780883789 0.125
      vertex -34.194419860839844 -27.69009780883789 -0.125
    endloop
  endfacet
  facet normal -0.7604061172811168 -0.649447870734408 0
    outer loop
      vertex -34.194419860839844 -27.69009780883789 0.125
      vertex -32.69837188720703 -29.44174575805664 -0.125
      vertex -32.69837188720703 -29.44174575805664 0.125
    endloop
  endfacet
  facet normal -0.4771579707784528 -0.8788175413147995 0
    outer loop
      vertex -22 -38.10511779785156 -0.125
      vertex -19.975582122802734 -39.20428466796875 0.125
      vertex -22 -38.10511779785156 0.125
    endloop
  endfacet
  facet normal -0.4771579707784528 -0.8788175413147995 0
    outer loop
      vertex -19.975582122802734 -39.20428466796875 0.125
      vertex -22 -38.10511779785156 -0.125
      vertex -19.975582122802734 -39.20428466796875 -0.125
    endloop
  endfacet
  facet normal -0.0784576473532933 -0.9969174477216186 0
    outer loop
      vertex -4.599251747131348 -43.75896453857422 -0.125
      vertex -2.3027820587158203 -43.939697265625 0.125
      vertex -4.599251747131348 -43.75896453857422 0.125
    endloop
  endfacet
  facet normal -0.0784576473532933 -0.9969174477216186 0
    outer loop
      vertex -2.3027820587158203 -43.939697265625 0.125
      vertex -4.599251747131348 -43.75896453857422 -0.125
      vertex -2.3027820587158203 -43.939697265625 -0.125
    endloop
  endfacet
  facet normal -0.38268335164400474 -0.9238795659470509 0
    outer loop
      vertex -17.896411895751953 -40.19599914550781 -0.125
      vertex -15.768189430236816 -41.077537536621094 0.125
      vertex -17.896411895751953 -40.19599914550781 0.125
    endloop
  endfacet
  facet normal -0.38268335164400474 -0.9238795659470509 0
    outer loop
      vertex -15.768189430236816 -41.077537536621094 0.125
      vertex -17.896411895751953 -40.19599914550781 -0.125
      vertex -15.768189430236816 -41.077537536621094 -0.125
    endloop
  endfacet
  facet normal -0.33380673673684214 -0.9426415344706071 0
    outer loop
      vertex 12.360679626464844 38.042259216308594 -0.125
      vertex 14.334717750549316 37.34321594238281 0.125
      vertex 12.360679626464844 38.042259216308594 0.125
    endloop
  endfacet
  facet normal -0.33380673673684214 -0.9426415344706071 0
    outer loop
      vertex 14.334717750549316 37.34321594238281 0.125
      vertex 12.360679626464844 38.042259216308594 -0.125
      vertex 14.334717750549316 37.34321594238281 -0.125
    endloop
  endfacet
  facet normal -0.02617627667918161 -0.9996573425625478 0
    outer loop
      vertex 0 40 -0.125
      vertex 2.093438148498535 39.94518280029297 0.125
      vertex 0 40 0.125
    endloop
  endfacet
  facet normal -0.02617627667918161 -0.9996573425625478 0
    outer loop
      vertex 2.093438148498535 39.94518280029297 0.125
      vertex 0 40 -0.125
      vertex 2.093438148498535 39.94518280029297 -0.125
    endloop
  endfacet
  facet normal -0.9969172927995962 0.07845961583594482 0
    outer loop
      vertex 39.78087615966797 -4.181138038635254 -0.125
      vertex 39.94518280029297 -2.093438148498535 0.125
      vertex 39.94518280029297 -2.093438148498535 -0.125
    endloop
  endfacet
  facet normal -0.9969172927995962 0.07845961583594482 0
    outer loop
      vertex 39.94518280029297 -2.093438148498535 0.125
      vertex 39.78087615966797 -4.181138038635254 -0.125
      vertex 39.78087615966797 -4.181138038635254 0.125
    endloop
  endfacet
  facet normal 0.5664058180454202 -0.824126476509703 0
    outer loop
      vertex -23.511409759521484 32.360679626464844 -0.125
      vertex -21.785560607910156 33.54682159423828 0.125
      vertex -23.511409759521484 32.360679626464844 0.125
    endloop
  endfacet
  facet normal 0.5664058180454202 -0.824126476509703 0
    outer loop
      vertex -21.785560607910156 33.54682159423828 0.125
      vertex -23.511409759521484 32.360679626464844 -0.125
      vertex -21.785560607910156 33.54682159423828 -0.125
    endloop
  endfacet
  facet normal 0.7604058471972155 -0.6494481869620433 0
    outer loop
      vertex -31.085838317871094 25.172815322875977 0.125
      vertex -29.725791931152344 26.76522445678711 -0.125
      vertex -29.725791931152344 26.76522445678711 0.125
    endloop
  endfacet
  facet normal 0.7604058471972155 -0.6494481869620433 0
    outer loop
      vertex -29.725791931152344 26.76522445678711 -0.125
      vertex -31.085838317871094 25.172815322875977 0.125
      vertex -31.085838317871094 25.172815322875977 -0.125
    endloop
  endfacet
  facet normal -0.9832548725282443 0.182235714527823 0
    outer loop
      vertex 39.12590408325195 -8.31646728515625 -0.125
      vertex 39.50753402709961 -6.257378578186035 0.125
      vertex 39.50753402709961 -6.257378578186035 -0.125
    endloop
  endfacet
  facet normal -0.9832548725282443 0.182235714527823 0
    outer loop
      vertex 39.50753402709961 -6.257378578186035 0.125
      vertex 39.12590408325195 -8.31646728515625 -0.125
      vertex 39.12590408325195 -8.31646728515625 0.125
    endloop
  endfacet
  facet normal -0.1305261358678571 0.9914448687927159 0
    outer loop
      vertex 6.257378578186035 -39.50753402709961 -0.125
      vertex 4.181138038635254 -39.78087615966797 0.125
      vertex 6.257378578186035 -39.50753402709961 0.125
    endloop
  endfacet
  facet normal -0.1305261358678571 0.9914448687927159 0
    outer loop
      vertex 4.181138038635254 -39.78087615966797 0.125
      vertex 6.257378578186035 -39.50753402709961 -0.125
      vertex 4.181138038635254 -39.78087615966797 -0.125
    endloop
  endfacet
  facet normal -0.9723697474640992 -0.2334460841749199 0
    outer loop
      vertex 39.12590408325195 8.31646728515625 -0.125
      vertex 38.63703155517578 10.352761268615723 0.125
      vertex 38.63703155517578 10.352761268615723 -0.125
    endloop
  endfacet
  facet normal -0.9723697474640992 -0.2334460841749199 0
    outer loop
      vertex 38.63703155517578 10.352761268615723 0.125
      vertex 39.12590408325195 8.31646728515625 -0.125
      vertex 39.12590408325195 8.31646728515625 0.125
    endloop
  endfacet
  facet normal -0.9969172927995962 -0.07845961583594482 0
    outer loop
      vertex 39.94518280029297 2.093438148498535 -0.125
      vertex 39.78087615966797 4.181138038635254 0.125
      vertex 39.78087615966797 4.181138038635254 -0.125
    endloop
  endfacet
  facet normal -0.9969172927995962 -0.07845961583594482 0
    outer loop
      vertex 39.78087615966797 4.181138038635254 0.125
      vertex 39.94518280029297 2.093438148498535 -0.125
      vertex 39.94518280029297 2.093438148498535 0.125
    endloop
  endfacet
  facet normal 0.923879515542188 -0.3826834733321154 0
    outer loop
      vertex -37.34321594238281 14.334717750549316 0.125
      vertex -36.54181671142578 16.269466400146484 -0.125
      vertex -36.54181671142578 16.269466400146484 0.125
    endloop
  endfacet
  facet normal 0.923879515542188 -0.3826834733321154 0
    outer loop
      vertex -36.54181671142578 16.269466400146484 -0.125
      vertex -37.34321594238281 14.334717750549316 0.125
      vertex -37.34321594238281 14.334717750549316 -0.125
    endloop
  endfacet
  facet normal 0.8526402585785348 0.5224984109556023 0
    outer loop
      vertex -33.54682159423828 -21.785560607910156 0.125
      vertex -34.641014099121094 -20 -0.125
      vertex -34.641014099121094 -20 0.125
    endloop
  endfacet
  facet normal 0.8526402585785348 0.5224984109556023 0
    outer loop
      vertex -34.641014099121094 -20 -0.125
      vertex -33.54682159423828 -21.785560607910156 0.125
      vertex -33.54682159423828 -21.785560607910156 -0.125
    endloop
  endfacet
  facet normal 0.8788173131836305 0.4771583909444585 0
    outer loop
      vertex -34.641014099121094 -20 0.125
      vertex -35.6402587890625 -18.159618377685547 -0.125
      vertex -35.6402587890625 -18.159618377685547 0.125
    endloop
  endfacet
  facet normal 0.8788173131836305 0.4771583909444585 0
    outer loop
      vertex -35.6402587890625 -18.159618377685547 -0.125
      vertex -34.641014099121094 -20 0.125
      vertex -34.641014099121094 -20 -0.125
    endloop
  endfacet
  facet normal -0.9996573425625478 -0.02617627667918161 0
    outer loop
      vertex 40 0 -0.125
      vertex 39.94518280029297 2.093438148498535 0.125
      vertex 39.94518280029297 2.093438148498535 -0.125
    endloop
  endfacet
  facet normal -0.9996573425625478 -0.02617627667918161 0
    outer loop
      vertex 39.94518280029297 2.093438148498535 0.125
      vertex 40 0 -0.125
      vertex 40 0 0.125
    endloop
  endfacet
  facet normal -0.8788173131836305 0.4771583909444585 0
    outer loop
      vertex 34.641014099121094 -20 -0.125
      vertex 35.6402587890625 -18.159618377685547 0.125
      vertex 35.6402587890625 -18.159618377685547 -0.125
    endloop
  endfacet
  facet normal -0.8788173131836305 0.4771583909444585 0
    outer loop
      vertex 35.6402587890625 -18.159618377685547 0.125
      vertex 34.641014099121094 -20 -0.125
      vertex 34.641014099121094 -20 0.125
    endloop
  endfacet
  facet normal 0.2334460841749199 0.9723697474640992 0
    outer loop
      vertex -8.31646728515625 -39.12590408325195 -0.125
      vertex -10.352761268615723 -38.63703155517578 0.125
      vertex -8.31646728515625 -39.12590408325195 0.125
    endloop
  endfacet
  facet normal 0.2334460841749199 0.9723697474640992 0
    outer loop
      vertex -10.352761268615723 -38.63703155517578 0.125
      vertex -8.31646728515625 -39.12590408325195 -0.125
      vertex -10.352761268615723 -38.63703155517578 -0.125
    endloop
  endfacet
  facet normal -0.9832548725282443 -0.182235714527823 0
    outer loop
      vertex 39.50753402709961 6.257378578186035 -0.125
      vertex 39.12590408325195 8.31646728515625 0.125
      vertex 39.12590408325195 8.31646728515625 -0.125
    endloop
  endfacet
  facet normal -0.9832548725282443 -0.182235714527823 0
    outer loop
      vertex 39.12590408325195 8.31646728515625 0.125
      vertex 39.50753402709961 6.257378578186035 -0.125
      vertex 39.50753402709961 6.257378578186035 0.125
    endloop
  endfacet
  facet normal -0.6883543541477429 0.7253745812515376 0
    outer loop
      vertex 28.284271240234375 -28.284271240234375 -0.125
      vertex 26.76522445678711 -29.725791931152344 0.125
      vertex 28.284271240234375 -28.284271240234375 0.125
    endloop
  endfacet
  facet normal -0.6883543541477429 0.7253745812515376 0
    outer loop
      vertex 26.76522445678711 -29.725791931152344 0.125
      vertex 28.284271240234375 -28.284271240234375 -0.125
      vertex 26.76522445678711 -29.725791931152344 -0.125
    endloop
  endfacet
  facet normal 0.5224984109556023 -0.8526402585785348 0
    outer loop
      vertex -21.785560607910156 33.54682159423828 -0.125
      vertex -20 34.641014099121094 0.125
      vertex -21.785560607910156 33.54682159423828 0.125
    endloop
  endfacet
  facet normal 0.5224984109556023 -0.8526402585785348 0
    outer loop
      vertex -20 34.641014099121094 0.125
      vertex -21.785560607910156 33.54682159423828 -0.125
      vertex -20 34.641014099121094 -0.125
    endloop
  endfacet
  facet normal 0.3826834733321154 0.923879515542188 0
    outer loop
      vertex -14.334717750549316 -37.34321594238281 -0.125
      vertex -16.269466400146484 -36.54181671142578 0.125
      vertex -14.334717750549316 -37.34321594238281 0.125
    endloop
  endfacet
  facet normal 0.3826834733321154 0.923879515542188 0
    outer loop
      vertex -16.269466400146484 -36.54181671142578 0.125
      vertex -14.334717750549316 -37.34321594238281 -0.125
      vertex -16.269466400146484 -36.54181671142578 -0.125
    endloop
  endfacet
  facet normal 0.5224984109556023 0.8526402585785348 0
    outer loop
      vertex -20 -34.641014099121094 -0.125
      vertex -21.785560607910156 -33.54682159423828 0.125
      vertex -20 -34.641014099121094 0.125
    endloop
  endfacet
  facet normal 0.5224984109556023 0.8526402585785348 0
    outer loop
      vertex -21.785560607910156 -33.54682159423828 0.125
      vertex -20 -34.641014099121094 -0.125
      vertex -21.785560607910156 -33.54682159423828 -0.125
    endloop
  endfacet
  facet normal -0.7253745812515376 0.6883543541477429 0
    outer loop
      vertex 28.284271240234375 -28.284271240234375 -0.125
      vertex 29.725791931152344 -26.76522445678711 0.125
      vertex 29.725791931152344 -26.76522445678711 -0.125
    endloop
  endfacet
  facet normal -0.7253745812515376 0.6883543541477429 0
    outer loop
      vertex 29.725791931152344 -26.76522445678711 0.125
      vertex 28.284271240234375 -28.284271240234375 -0.125
      vertex 28.284271240234375 -28.284271240234375 0.125
    endloop
  endfacet
  facet normal -0.6087614235546829 -0.7933533444762656 0
    outer loop
      vertex 23.511409759521484 32.360679626464844 -0.125
      vertex 25.172815322875977 31.085838317871094 0.125
      vertex 23.511409759521484 32.360679626464844 0.125
    endloop
  endfacet
  facet normal -0.6087614235546829 -0.7933533444762656 0
    outer loop
      vertex 25.172815322875977 31.085838317871094 0.125
      vertex 23.511409759521484 32.360679626464844 -0.125
      vertex 25.172815322875977 31.085838317871094 -0.125
    endloop
  endfacet
  facet normal -0.6883543541477429 -0.7253745812515376 0
    outer loop
      vertex 26.76522445678711 29.725791931152344 -0.125
      vertex 28.284271240234375 28.284271240234375 0.125
      vertex 26.76522445678711 29.725791931152344 0.125
    endloop
  endfacet
  facet normal -0.6883543541477429 -0.7253745812515376 0
    outer loop
      vertex 28.284271240234375 28.284271240234375 0.125
      vertex 26.76522445678711 29.725791931152344 -0.125
      vertex 28.284271240234375 28.284271240234375 -0.125
    endloop
  endfacet
  facet normal -0.2334460841749199 -0.9723697474640992 0
    outer loop
      vertex 8.31646728515625 39.12590408325195 -0.125
      vertex 10.352761268615723 38.63703155517578 0.125
      vertex 8.31646728515625 39.12590408325195 0.125
    endloop
  endfacet
  facet normal -0.2334460841749199 -0.9723697474640992 0
    outer loop
      vertex 10.352761268615723 38.63703155517578 0.125
      vertex 8.31646728515625 39.12590408325195 -0.125
      vertex 10.352761268615723 38.63703155517578 -0.125
    endloop
  endfacet
  facet normal 0.07845961583594482 0.9969172927995962 0
    outer loop
      vertex -2.093438148498535 -39.94518280029297 -0.125
      vertex -4.181138038635254 -39.78087615966797 0.125
      vertex -2.093438148498535 -39.94518280029297 0.125
    endloop
  endfacet
  facet normal 0.07845961583594482 0.9969172927995962 0
    outer loop
      vertex -4.181138038635254 -39.78087615966797 0.125
      vertex -2.093438148498535 -39.94518280029297 -0.125
      vertex -4.181138038635254 -39.78087615966797 -0.125
    endloop
  endfacet
  facet normal 0.7933533444762656 -0.6087614235546829 0
    outer loop
      vertex -32.360679626464844 23.511409759521484 0.125
      vertex -31.085838317871094 25.172815322875977 -0.125
      vertex -31.085838317871094 25.172815322875977 0.125
    endloop
  endfacet
  facet normal 0.7933533444762656 -0.6087614235546829 0
    outer loop
      vertex -31.085838317871094 25.172815322875977 -0.125
      vertex -32.360679626464844 23.511409759521484 0.125
      vertex -32.360679626464844 23.511409759521484 -0.125
    endloop
  endfacet
  facet normal -0.9426415344706071 -0.33380673673684214 0
    outer loop
      vertex 38.042259216308594 12.360679626464844 -0.125
      vertex 37.34321594238281 14.334717750549316 0.125
      vertex 37.34321594238281 14.334717750549316 -0.125
    endloop
  endfacet
  facet normal -0.9426415344706071 -0.33380673673684214 0
    outer loop
      vertex 37.34321594238281 14.334717750549316 0.125
      vertex 38.042259216308594 12.360679626464844 -0.125
      vertex 38.042259216308594 12.360679626464844 0.125
    endloop
  endfacet
  facet normal -0.284015267655051 -0.9588197576911052 0
    outer loop
      vertex 10.352761268615723 38.63703155517578 -0.125
      vertex 12.360679626464844 38.042259216308594 0.125
      vertex 10.352761268615723 38.63703155517578 0.125
    endloop
  endfacet
  facet normal -0.284015267655051 -0.9588197576911052 0
    outer loop
      vertex 12.360679626464844 38.042259216308594 0.125
      vertex 10.352761268615723 38.63703155517578 -0.125
      vertex 12.360679626464844 38.042259216308594 -0.125
    endloop
  endfacet
  facet normal -0.1305261358678571 -0.9914448687927159 0
    outer loop
      vertex 4.181138038635254 39.78087615966797 -0.125
      vertex 6.257378578186035 39.50753402709961 0.125
      vertex 4.181138038635254 39.78087615966797 0.125
    endloop
  endfacet
  facet normal -0.1305261358678571 -0.9914448687927159 0
    outer loop
      vertex 6.257378578186035 39.50753402709961 0.125
      vertex 4.181138038635254 39.78087615966797 -0.125
      vertex 6.257378578186035 39.50753402709961 -0.125
    endloop
  endfacet
  facet normal 0.9025849733663894 0.4305117487980951 0
    outer loop
      vertex -35.6402587890625 -18.159618377685547 0.125
      vertex -36.54181671142578 -16.269466400146484 -0.125
      vertex -36.54181671142578 -16.269466400146484 0.125
    endloop
  endfacet
  facet normal 0.9025849733663894 0.4305117487980951 0
    outer loop
      vertex -36.54181671142578 -16.269466400146484 -0.125
      vertex -35.6402587890625 -18.159618377685547 0.125
      vertex -35.6402587890625 -18.159618377685547 -0.125
    endloop
  endfacet
  facet normal -0.182235714527823 -0.9832548725282443 0
    outer loop
      vertex 6.257378578186035 39.50753402709961 -0.125
      vertex 8.31646728515625 39.12590408325195 0.125
      vertex 6.257378578186035 39.50753402709961 0.125
    endloop
  endfacet
  facet normal -0.182235714527823 -0.9832548725282443 0
    outer loop
      vertex 8.31646728515625 39.12590408325195 0.125
      vertex 6.257378578186035 39.50753402709961 -0.125
      vertex 8.31646728515625 39.12590408325195 -0.125
    endloop
  endfacet
  facet normal -0.824126476509703 -0.5664058180454202 0
    outer loop
      vertex 33.54682159423828 21.785560607910156 -0.125
      vertex 32.360679626464844 23.511409759521484 0.125
      vertex 32.360679626464844 23.511409759521484 -0.125
    endloop
  endfacet
  facet normal -0.824126476509703 -0.5664058180454202 0
    outer loop
      vertex 32.360679626464844 23.511409759521484 0.125
      vertex 33.54682159423828 21.785560607910156 -0.125
      vertex 33.54682159423828 21.785560607910156 0.125
    endloop
  endfacet
  facet normal -0.9588197576911052 -0.284015267655051 0
    outer loop
      vertex 38.63703155517578 10.352761268615723 -0.125
      vertex 38.042259216308594 12.360679626464844 0.125
      vertex 38.042259216308594 12.360679626464844 -0.125
    endloop
  endfacet
  facet normal -0.9588197576911052 -0.284015267655051 0
    outer loop
      vertex 38.042259216308594 12.360679626464844 0.125
      vertex 38.63703155517578 10.352761268615723 -0.125
      vertex 38.63703155517578 10.352761268615723 0.125
    endloop
  endfacet
  facet normal 0.8788173131836305 -0.4771583909444585 0
    outer loop
      vertex -35.6402587890625 18.159618377685547 0.125
      vertex -34.641014099121094 20 -0.125
      vertex -34.641014099121094 20 0.125
    endloop
  endfacet
  facet normal 0.8788173131836305 -0.4771583909444585 0
    outer loop
      vertex -34.641014099121094 20 -0.125
      vertex -35.6402587890625 18.159618377685547 0.125
      vertex -35.6402587890625 18.159618377685547 -0.125
    endloop
  endfacet
  facet normal -0.9723697474640992 0.2334460841749199 0
    outer loop
      vertex 38.63703155517578 -10.352761268615723 -0.125
      vertex 39.12590408325195 -8.31646728515625 0.125
      vertex 39.12590408325195 -8.31646728515625 -0.125
    endloop
  endfacet
  facet normal -0.9723697474640992 0.2334460841749199 0
    outer loop
      vertex 39.12590408325195 -8.31646728515625 0.125
      vertex 38.63703155517578 -10.352761268615723 -0.125
      vertex 38.63703155517578 -10.352761268615723 0.125
    endloop
  endfacet
  facet normal -0.7933533444762656 -0.6087614235546829 0
    outer loop
      vertex 32.360679626464844 23.511409759521484 -0.125
      vertex 31.085838317871094 25.172815322875977 0.125
      vertex 31.085838317871094 25.172815322875977 -0.125
    endloop
  endfacet
  facet normal -0.7933533444762656 -0.6087614235546829 0
    outer loop
      vertex 31.085838317871094 25.172815322875977 0.125
      vertex 32.360679626464844 23.511409759521484 -0.125
      vertex 32.360679626464844 23.511409759521484 0.125
    endloop
  endfacet
  facet normal -0.5664058180454202 0.824126476509703 0
    outer loop
      vertex 23.511409759521484 -32.360679626464844 -0.125
      vertex 21.785560607910156 -33.54682159423828 0.125
      vertex 23.511409759521484 -32.360679626464844 0.125
    endloop
  endfacet
  facet normal -0.5664058180454202 0.824126476509703 0
    outer loop
      vertex 21.785560607910156 -33.54682159423828 0.125
      vertex 23.511409759521484 -32.360679626464844 -0.125
      vertex 21.785560607910156 -33.54682159423828 -0.125
    endloop
  endfacet
  facet normal -0.07845961583594482 -0.9969172927995962 0
    outer loop
      vertex 2.093438148498535 39.94518280029297 -0.125
      vertex 4.181138038635254 39.78087615966797 0.125
      vertex 2.093438148498535 39.94518280029297 0.125
    endloop
  endfacet
  facet normal -0.07845961583594482 -0.9969172927995962 0
    outer loop
      vertex 4.181138038635254 39.78087615966797 0.125
      vertex 2.093438148498535 39.94518280029297 -0.125
      vertex 4.181138038635254 39.78087615966797 -0.125
    endloop
  endfacet
  facet normal -0.4771583909444585 0.8788173131836305 0
    outer loop
      vertex 20 -34.641014099121094 -0.125
      vertex 18.159618377685547 -35.6402587890625 0.125
      vertex 20 -34.641014099121094 0.125
    endloop
  endfacet
  facet normal -0.4771583909444585 0.8788173131836305 0
    outer loop
      vertex 18.159618377685547 -35.6402587890625 0.125
      vertex 20 -34.641014099121094 -0.125
      vertex 18.159618377685547 -35.6402587890625 -0.125
    endloop
  endfacet
  facet normal -0.9914448687927159 0.1305261358678571 0
    outer loop
      vertex 39.50753402709961 -6.257378578186035 -0.125
      vertex 39.78087615966797 -4.181138038635254 0.125
      vertex 39.78087615966797 -4.181138038635254 -0.125
    endloop
  endfacet
  facet normal -0.9914448687927159 0.1305261358678571 0
    outer loop
      vertex 39.78087615966797 -4.181138038635254 0.125
      vertex 39.50753402709961 -6.257378578186035 -0.125
      vertex 39.50753402709961 -6.257378578186035 0.125
    endloop
  endfacet
  facet normal -0.3826834733321154 -0.923879515542188 0
    outer loop
      vertex 14.334717750549316 37.34321594238281 -0.125
      vertex 16.269466400146484 36.54181671142578 0.125
      vertex 14.334717750549316 37.34321594238281 0.125
    endloop
  endfacet
  facet normal -0.3826834733321154 -0.923879515542188 0
    outer loop
      vertex 16.269466400146484 36.54181671142578 0.125
      vertex 14.334717750549316 37.34321594238281 -0.125
      vertex 16.269466400146484 36.54181671142578 -0.125
    endloop
  endfacet
  facet normal 0.2334460841749199 -0.9723697474640992 0
    outer loop
      vertex -10.352761268615723 38.63703155517578 -0.125
      vertex -8.31646728515625 39.12590408325195 0.125
      vertex -10.352761268615723 38.63703155517578 0.125
    endloop
  endfacet
  facet normal 0.2334460841749199 -0.9723697474640992 0
    outer loop
      vertex -8.31646728515625 39.12590408325195 0.125
      vertex -10.352761268615723 38.63703155517578 -0.125
      vertex -8.31646728515625 39.12590408325195 -0.125
    endloop
  endfacet
  facet normal 0.5664058180454202 0.824126476509703 0
    outer loop
      vertex -21.785560607910156 -33.54682159423828 -0.125
      vertex -23.511409759521484 -32.360679626464844 0.125
      vertex -21.785560607910156 -33.54682159423828 0.125
    endloop
  endfacet
  facet normal 0.5664058180454202 0.824126476509703 0
    outer loop
      vertex -23.511409759521484 -32.360679626464844 0.125
      vertex -21.785560607910156 -33.54682159423828 -0.125
      vertex -23.511409759521484 -32.360679626464844 -0.125
    endloop
  endfacet
  facet normal -0.5224984109556023 -0.8526402585785348 0
    outer loop
      vertex 20 34.641014099121094 -0.125
      vertex 21.785560607910156 33.54682159423828 0.125
      vertex 20 34.641014099121094 0.125
    endloop
  endfacet
  facet normal -0.5224984109556023 -0.8526402585785348 0
    outer loop
      vertex 21.785560607910156 33.54682159423828 0.125
      vertex 20 34.641014099121094 -0.125
      vertex 21.785560607910156 33.54682159423828 -0.125
    endloop
  endfacet
  facet normal 0.6883543541477429 -0.7253745812515376 0
    outer loop
      vertex -28.284271240234375 28.284271240234375 -0.125
      vertex -26.76522445678711 29.725791931152344 0.125
      vertex -28.284271240234375 28.284271240234375 0.125
    endloop
  endfacet
  facet normal 0.6883543541477429 -0.7253745812515376 0
    outer loop
      vertex -26.76522445678711 29.725791931152344 0.125
      vertex -28.284271240234375 28.284271240234375 -0.125
      vertex -26.76522445678711 29.725791931152344 -0.125
    endloop
  endfacet
  facet normal -0.8788173131836305 -0.4771583909444585 0
    outer loop
      vertex 35.6402587890625 18.159618377685547 -0.125
      vertex 34.641014099121094 20 0.125
      vertex 34.641014099121094 20 -0.125
    endloop
  endfacet
  facet normal -0.8788173131836305 -0.4771583909444585 0
    outer loop
      vertex 34.641014099121094 20 0.125
      vertex 35.6402587890625 18.159618377685547 -0.125
      vertex 35.6402587890625 18.159618377685547 0.125
    endloop
  endfacet
  facet normal -0.9996573425625478 0.02617627667918161 0
    outer loop
      vertex 39.94518280029297 -2.093438148498535 -0.125
      vertex 40 0 0.125
      vertex 40 0 -0.125
    endloop
  endfacet
  facet normal -0.9996573425625478 0.02617627667918161 0
    outer loop
      vertex 40 0 0.125
      vertex 39.94518280029297 -2.093438148498535 -0.125
      vertex 39.94518280029297 -2.093438148498535 0.125
    endloop
  endfacet
  facet normal 0.6883543541477429 0.7253745812515376 0
    outer loop
      vertex -26.76522445678711 -29.725791931152344 -0.125
      vertex -28.284271240234375 -28.284271240234375 0.125
      vertex -26.76522445678711 -29.725791931152344 0.125
    endloop
  endfacet
  facet normal 0.6883543541477429 0.7253745812515376 0
    outer loop
      vertex -28.284271240234375 -28.284271240234375 0.125
      vertex -26.76522445678711 -29.725791931152344 -0.125
      vertex -28.284271240234375 -28.284271240234375 -0.125
    endloop
  endfacet
  facet normal 0.33380673673684214 -0.9426415344706071 0
    outer loop
      vertex -14.334717750549316 37.34321594238281 -0.125
      vertex -12.360679626464844 38.042259216308594 0.125
      vertex -14.334717750549316 37.34321594238281 0.125
    endloop
  endfacet
  facet normal 0.33380673673684214 -0.9426415344706071 0
    outer loop
      vertex -12.360679626464844 38.042259216308594 0.125
      vertex -14.334717750549316 37.34321594238281 -0.125
      vertex -12.360679626464844 38.042259216308594 -0.125
    endloop
  endfacet
  facet normal 0.9426415344706071 -0.33380673673684214 0
    outer loop
      vertex -38.042259216308594 12.360679626464844 0.125
      vertex -37.34321594238281 14.334717750549316 -0.125
      vertex -37.34321594238281 14.334717750549316 0.125
    endloop
  endfacet
  facet normal 0.9426415344706071 -0.33380673673684214 0
    outer loop
      vertex -37.34321594238281 14.334717750549316 -0.125
      vertex -38.042259216308594 12.360679626464844 0.125
      vertex -38.042259216308594 12.360679626464844 -0.125
    endloop
  endfacet
  facet normal -0.07845961583594482 0.9969172927995962 0
    outer loop
      vertex 4.181138038635254 -39.78087615966797 -0.125
      vertex 2.093438148498535 -39.94518280029297 0.125
      vertex 4.181138038635254 -39.78087615966797 0.125
    endloop
  endfacet
  facet normal -0.07845961583594482 0.9969172927995962 0
    outer loop
      vertex 2.093438148498535 -39.94518280029297 0.125
      vertex 4.181138038635254 -39.78087615966797 -0.125
      vertex 2.093438148498535 -39.94518280029297 -0.125
    endloop
  endfacet
  facet normal 0.4771583909444585 -0.8788173131836305 0
    outer loop
      vertex -20 34.641014099121094 -0.125
      vertex -18.159618377685547 35.6402587890625 0.125
      vertex -20 34.641014099121094 0.125
    endloop
  endfacet
  facet normal 0.4771583909444585 -0.8788173131836305 0
    outer loop
      vertex -18.159618377685547 35.6402587890625 0.125
      vertex -20 34.641014099121094 -0.125
      vertex -18.159618377685547 35.6402587890625 -0.125
    endloop
  endfacet
  facet normal 0.7253745812515376 0.6883543541477429 0
    outer loop
      vertex -28.284271240234375 -28.284271240234375 0.125
      vertex -29.725791931152344 -26.76522445678711 -0.125
      vertex -29.725791931152344 -26.76522445678711 0.125
    endloop
  endfacet
  facet normal 0.7253745812515376 0.6883543541477429 0
    outer loop
      vertex -29.725791931152344 -26.76522445678711 -0.125
      vertex -28.284271240234375 -28.284271240234375 0.125
      vertex -28.284271240234375 -28.284271240234375 -0.125
    endloop
  endfacet
  facet normal 0.9025849733663894 -0.4305117487980951 0
    outer loop
      vertex -36.54181671142578 16.269466400146484 0.125
      vertex -35.6402587890625 18.159618377685547 -0.125
      vertex -35.6402587890625 18.159618377685547 0.125
    endloop
  endfacet
  facet normal 0.9025849733663894 -0.4305117487980951 0
    outer loop
      vertex -35.6402587890625 18.159618377685547 -0.125
      vertex -36.54181671142578 16.269466400146484 0.125
      vertex -36.54181671142578 16.269466400146484 -0.125
    endloop
  endfacet
  facet normal 0.824126476509703 -0.5664058180454202 0
    outer loop
      vertex -33.54682159423828 21.785560607910156 0.125
      vertex -32.360679626464844 23.511409759521484 -0.125
      vertex -32.360679626464844 23.511409759521484 0.125
    endloop
  endfacet
  facet normal 0.824126476509703 -0.5664058180454202 0
    outer loop
      vertex -32.360679626464844 23.511409759521484 -0.125
      vertex -33.54682159423828 21.785560607910156 0.125
      vertex -33.54682159423828 21.785560607910156 -0.125
    endloop
  endfacet
  facet normal -0.5664058180454202 -0.824126476509703 0
    outer loop
      vertex 21.785560607910156 33.54682159423828 -0.125
      vertex 23.511409759521484 32.360679626464844 0.125
      vertex 21.785560607910156 33.54682159423828 0.125
    endloop
  endfacet
  facet normal -0.5664058180454202 -0.824126476509703 0
    outer loop
      vertex 23.511409759521484 32.360679626464844 0.125
      vertex 21.785560607910156 33.54682159423828 -0.125
      vertex 23.511409759521484 32.360679626464844 -0.125
    endloop
  endfacet
  facet normal 0.07845961583594482 -0.9969172927995962 0
    outer loop
      vertex -4.181138038635254 39.78087615966797 -0.125
      vertex -2.093438148498535 39.94518280029297 0.125
      vertex -4.181138038635254 39.78087615966797 0.125
    endloop
  endfacet
  facet normal 0.07845961583594482 -0.9969172927995962 0
    outer loop
      vertex -2.093438148498535 39.94518280029297 0.125
      vertex -4.181138038635254 39.78087615966797 -0.125
      vertex -2.093438148498535 39.94518280029297 -0.125
    endloop
  endfacet
  facet normal -0.824126476509703 0.5664058180454202 0
    outer loop
      vertex 32.360679626464844 -23.511409759521484 -0.125
      vertex 33.54682159423828 -21.785560607910156 0.125
      vertex 33.54682159423828 -21.785560607910156 -0.125
    endloop
  endfacet
  facet normal -0.824126476509703 0.5664058180454202 0
    outer loop
      vertex 33.54682159423828 -21.785560607910156 0.125
      vertex 32.360679626464844 -23.511409759521484 -0.125
      vertex 32.360679626464844 -23.511409759521484 0.125
    endloop
  endfacet
  facet normal 0.9723697474640992 0.2334460841749199 0
    outer loop
      vertex -38.63703155517578 -10.352761268615723 0.125
      vertex -39.12590408325195 -8.31646728515625 -0.125
      vertex -39.12590408325195 -8.31646728515625 0.125
    endloop
  endfacet
  facet normal 0.9723697474640992 0.2334460841749199 0
    outer loop
      vertex -39.12590408325195 -8.31646728515625 -0.125
      vertex -38.63703155517578 -10.352761268615723 0.125
      vertex -38.63703155517578 -10.352761268615723 -0.125
    endloop
  endfacet
  facet normal -0.8526402585785348 -0.5224984109556023 0
    outer loop
      vertex 34.641014099121094 20 -0.125
      vertex 33.54682159423828 21.785560607910156 0.125
      vertex 33.54682159423828 21.785560607910156 -0.125
    endloop
  endfacet
  facet normal -0.8526402585785348 -0.5224984109556023 0
    outer loop
      vertex 33.54682159423828 21.785560607910156 0.125
      vertex 34.641014099121094 20 -0.125
      vertex 34.641014099121094 20 0.125
    endloop
  endfacet
  facet normal -0.923879515542188 0.3826834733321154 0
    outer loop
      vertex 36.54181671142578 -16.269466400146484 -0.125
      vertex 37.34321594238281 -14.334717750549316 0.125
      vertex 37.34321594238281 -14.334717750549316 -0.125
    endloop
  endfacet
  facet normal -0.923879515542188 0.3826834733321154 0
    outer loop
      vertex 37.34321594238281 -14.334717750549316 0.125
      vertex 36.54181671142578 -16.269466400146484 -0.125
      vertex 36.54181671142578 -16.269466400146484 0.125
    endloop
  endfacet
  facet normal 0.182235714527823 -0.9832548725282443 0
    outer loop
      vertex -8.31646728515625 39.12590408325195 -0.125
      vertex -6.257378578186035 39.50753402709961 0.125
      vertex -8.31646728515625 39.12590408325195 0.125
    endloop
  endfacet
  facet normal 0.182235714527823 -0.9832548725282443 0
    outer loop
      vertex -6.257378578186035 39.50753402709961 0.125
      vertex -8.31646728515625 39.12590408325195 -0.125
      vertex -6.257378578186035 39.50753402709961 -0.125
    endloop
  endfacet
  facet normal 0.7933533444762656 0.6087614235546829 0
    outer loop
      vertex -31.085838317871094 -25.172815322875977 0.125
      vertex -32.360679626464844 -23.511409759521484 -0.125
      vertex -32.360679626464844 -23.511409759521484 0.125
    endloop
  endfacet
  facet normal 0.7933533444762656 0.6087614235546829 0
    outer loop
      vertex -32.360679626464844 -23.511409759521484 -0.125
      vertex -31.085838317871094 -25.172815322875977 0.125
      vertex -31.085838317871094 -25.172815322875977 -0.125
    endloop
  endfacet
  facet normal 0.02617627667918161 -0.9996573425625478 0
    outer loop
      vertex -2.093438148498535 39.94518280029297 -0.125
      vertex 0 40 0.125
      vertex -2.093438148498535 39.94518280029297 0.125
    endloop
  endfacet
  facet normal 0.02617627667918161 -0.9996573425625478 0
    outer loop
      vertex 0 40 0.125
      vertex -2.093438148498535 39.94518280029297 -0.125
      vertex 0 40 -0.125
    endloop
  endfacet
  facet normal 0.1305261358678571 -0.9914448687927159 0
    outer loop
      vertex -6.257378578186035 39.50753402709961 -0.125
      vertex -4.181138038635254 39.78087615966797 0.125
      vertex -6.257378578186035 39.50753402709961 0.125
    endloop
  endfacet
  facet normal 0.1305261358678571 -0.9914448687927159 0
    outer loop
      vertex -4.181138038635254 39.78087615966797 0.125
      vertex -6.257378578186035 39.50753402709961 -0.125
      vertex -4.181138038635254 39.78087615966797 -0.125
    endloop
  endfacet
  facet normal -0.4771583909444585 -0.8788173131836305 0
    outer loop
      vertex 18.159618377685547 35.6402587890625 -0.125
      vertex 20 34.641014099121094 0.125
      vertex 18.159618377685547 35.6402587890625 0.125
    endloop
  endfacet
  facet normal -0.4771583909444585 -0.8788173131836305 0
    outer loop
      vertex 20 34.641014099121094 0.125
      vertex 18.159618377685547 35.6402587890625 -0.125
      vertex 20 34.641014099121094 -0.125
    endloop
  endfacet
  facet normal -0.5224984109556023 0.8526402585785348 0
    outer loop
      vertex 21.785560607910156 -33.54682159423828 -0.125
      vertex 20 -34.641014099121094 0.125
      vertex 21.785560607910156 -33.54682159423828 0.125
    endloop
  endfacet
  facet normal -0.5224984109556023 0.8526402585785348 0
    outer loop
      vertex 20 -34.641014099121094 0.125
      vertex 21.785560607910156 -33.54682159423828 -0.125
      vertex 20 -34.641014099121094 -0.125
    endloop
  endfacet
  facet normal -0.3826834733321154 0.923879515542188 0
    outer loop
      vertex 16.269466400146484 -36.54181671142578 -0.125
      vertex 14.334717750549316 -37.34321594238281 0.125
      vertex 16.269466400146484 -36.54181671142578 0.125
    endloop
  endfacet
  facet normal -0.3826834733321154 0.923879515542188 0
    outer loop
      vertex 14.334717750549316 -37.34321594238281 0.125
      vertex 16.269466400146484 -36.54181671142578 -0.125
      vertex 14.334717750549316 -37.34321594238281 -0.125
    endloop
  endfacet
  facet normal -0.6494481869620433 -0.7604058471972155 0
    outer loop
      vertex 25.172815322875977 31.085838317871094 -0.125
      vertex 26.76522445678711 29.725791931152344 0.125
      vertex 25.172815322875977 31.085838317871094 0.125
    endloop
  endfacet
  facet normal -0.6494481869620433 -0.7604058471972155 0
    outer loop
      vertex 26.76522445678711 29.725791931152344 0.125
      vertex 25.172815322875977 31.085838317871094 -0.125
      vertex 26.76522445678711 29.725791931152344 -0.125
    endloop
  endfacet
  facet normal -0.9025849733663894 0.4305117487980951 0
    outer loop
      vertex 35.6402587890625 -18.159618377685547 -0.125
      vertex 36.54181671142578 -16.269466400146484 0.125
      vertex 36.54181671142578 -16.269466400146484 -0.125
    endloop
  endfacet
  facet normal -0.9025849733663894 0.4305117487980951 0
    outer loop
      vertex 36.54181671142578 -16.269466400146484 0.125
      vertex 35.6402587890625 -18.159618377685547 -0.125
      vertex 35.6402587890625 -18.159618377685547 0.125
    endloop
  endfacet
  facet normal 0.182235714527823 0.9832548725282443 0
    outer loop
      vertex -6.257378578186035 -39.50753402709961 -0.125
      vertex -8.31646728515625 -39.12590408325195 0.125
      vertex -6.257378578186035 -39.50753402709961 0.125
    endloop
  endfacet
  facet normal 0.182235714527823 0.9832548725282443 0
    outer loop
      vertex -8.31646728515625 -39.12590408325195 0.125
      vertex -6.257378578186035 -39.50753402709961 -0.125
      vertex -8.31646728515625 -39.12590408325195 -0.125
    endloop
  endfacet
  facet normal -0.4305117487980951 0.9025849733663894 0
    outer loop
      vertex 18.159618377685547 -35.6402587890625 -0.125
      vertex 16.269466400146484 -36.54181671142578 0.125
      vertex 18.159618377685547 -35.6402587890625 0.125
    endloop
  endfacet
  facet normal -0.4305117487980951 0.9025849733663894 0
    outer loop
      vertex 16.269466400146484 -36.54181671142578 0.125
      vertex 18.159618377685547 -35.6402587890625 -0.125
      vertex 16.269466400146484 -36.54181671142578 -0.125
    endloop
  endfacet
  facet normal -0.9588197576911052 0.284015267655051 0
    outer loop
      vertex 38.042259216308594 -12.360679626464844 -0.125
      vertex 38.63703155517578 -10.352761268615723 0.125
      vertex 38.63703155517578 -10.352761268615723 -0.125
    endloop
  endfacet
  facet normal -0.9588197576911052 0.284015267655051 0
    outer loop
      vertex 38.63703155517578 -10.352761268615723 0.125
      vertex 38.042259216308594 -12.360679626464844 -0.125
      vertex 38.042259216308594 -12.360679626464844 0.125
    endloop
  endfacet
  facet normal 0.9723697474640992 -0.2334460841749199 0
    outer loop
      vertex -39.12590408325195 8.31646728515625 0.125
      vertex -38.63703155517578 10.352761268615723 -0.125
      vertex -38.63703155517578 10.352761268615723 0.125
    endloop
  endfacet
  facet normal 0.9723697474640992 -0.2334460841749199 0
    outer loop
      vertex -38.63703155517578 10.352761268615723 -0.125
      vertex -39.12590408325195 8.31646728515625 0.125
      vertex -39.12590408325195 8.31646728515625 -0.125
    endloop
  endfacet
  facet normal -0.7604058471972155 -0.6494481869620433 0
    outer loop
      vertex 31.085838317871094 25.172815322875977 -0.125
      vertex 29.725791931152344 26.76522445678711 0.125
      vertex 29.725791931152344 26.76522445678711 -0.125
    endloop
  endfacet
  facet normal -0.7604058471972155 -0.6494481869620433 0
    outer loop
      vertex 29.725791931152344 26.76522445678711 0.125
      vertex 31.085838317871094 25.172815322875977 -0.125
      vertex 31.085838317871094 25.172815322875977 0.125
    endloop
  endfacet
  facet normal 0.33380673673684214 0.9426415344706071 0
    outer loop
      vertex -12.360679626464844 -38.042259216308594 -0.125
      vertex -14.334717750549316 -37.34321594238281 0.125
      vertex -12.360679626464844 -38.042259216308594 0.125
    endloop
  endfacet
  facet normal 0.33380673673684214 0.9426415344706071 0
    outer loop
      vertex -14.334717750549316 -37.34321594238281 0.125
      vertex -12.360679626464844 -38.042259216308594 -0.125
      vertex -14.334717750549316 -37.34321594238281 -0.125
    endloop
  endfacet
  facet normal 0.9914448687927159 -0.1305261358678571 0
    outer loop
      vertex -39.78087615966797 4.181138038635254 0.125
      vertex -39.50753402709961 6.257378578186035 -0.125
      vertex -39.50753402709961 6.257378578186035 0.125
    endloop
  endfacet
  facet normal 0.9914448687927159 -0.1305261358678571 0
    outer loop
      vertex -39.50753402709961 6.257378578186035 -0.125
      vertex -39.78087615966797 4.181138038635254 0.125
      vertex -39.78087615966797 4.181138038635254 -0.125
    endloop
  endfacet
  facet normal 0.9832548725282443 0.182235714527823 0
    outer loop
      vertex -39.12590408325195 -8.31646728515625 0.125
      vertex -39.50753402709961 -6.257378578186035 -0.125
      vertex -39.50753402709961 -6.257378578186035 0.125
    endloop
  endfacet
  facet normal 0.9832548725282443 0.182235714527823 0
    outer loop
      vertex -39.50753402709961 -6.257378578186035 -0.125
      vertex -39.12590408325195 -8.31646728515625 0.125
      vertex -39.12590408325195 -8.31646728515625 -0.125
    endloop
  endfacet
  facet normal -0.02617627667918161 0.9996573425625478 0
    outer loop
      vertex 2.093438148498535 -39.94518280029297 -0.125
      vertex 0 -40 0.125
      vertex 2.093438148498535 -39.94518280029297 0.125
    endloop
  endfacet
  facet normal -0.02617627667918161 0.9996573425625478 0
    outer loop
      vertex 0 -40 0.125
      vertex 2.093438148498535 -39.94518280029297 -0.125
      vertex 0 -40 -0.125
    endloop
  endfacet
  facet normal -0.182235714527823 0.9832548725282443 0
    outer loop
      vertex 8.31646728515625 -39.12590408325195 -0.125
      vertex 6.257378578186035 -39.50753402709961 0.125
      vertex 8.31646728515625 -39.12590408325195 0.125
    endloop
  endfacet
  facet normal -0.182235714527823 0.9832548725282443 0
    outer loop
      vertex 6.257378578186035 -39.50753402709961 0.125
      vertex 8.31646728515625 -39.12590408325195 -0.125
      vertex 6.257378578186035 -39.50753402709961 -0.125
    endloop
  endfacet
  facet normal 0.6087614235546829 0.7933533444762656 0
    outer loop
      vertex -23.511409759521484 -32.360679626464844 -0.125
      vertex -25.172815322875977 -31.085838317871094 0.125
      vertex -23.511409759521484 -32.360679626464844 0.125
    endloop
  endfacet
  facet normal 0.6087614235546829 0.7933533444762656 0
    outer loop
      vertex -25.172815322875977 -31.085838317871094 0.125
      vertex -23.511409759521484 -32.360679626464844 -0.125
      vertex -25.172815322875977 -31.085838317871094 -0.125
    endloop
  endfacet
  facet normal 0.284015267655051 0.9588197576911052 0
    outer loop
      vertex -10.352761268615723 -38.63703155517578 -0.125
      vertex -12.360679626464844 -38.042259216308594 0.125
      vertex -10.352761268615723 -38.63703155517578 0.125
    endloop
  endfacet
  facet normal 0.284015267655051 0.9588197576911052 0
    outer loop
      vertex -12.360679626464844 -38.042259216308594 0.125
      vertex -10.352761268615723 -38.63703155517578 -0.125
      vertex -12.360679626464844 -38.042259216308594 -0.125
    endloop
  endfacet
  facet normal -0.9914448687927159 -0.1305261358678571 0
    outer loop
      vertex 39.78087615966797 4.181138038635254 -0.125
      vertex 39.50753402709961 6.257378578186035 0.125
      vertex 39.50753402709961 6.257378578186035 -0.125
    endloop
  endfacet
  facet normal -0.9914448687927159 -0.1305261358678571 0
    outer loop
      vertex 39.50753402709961 6.257378578186035 0.125
      vertex 39.78087615966797 4.181138038635254 -0.125
      vertex 39.78087615966797 4.181138038635254 0.125
    endloop
  endfacet
  facet normal -0.284015267655051 0.9588197576911052 0
    outer loop
      vertex 12.360679626464844 -38.042259216308594 -0.125
      vertex 10.352761268615723 -38.63703155517578 0.125
      vertex 12.360679626464844 -38.042259216308594 0.125
    endloop
  endfacet
  facet normal -0.284015267655051 0.9588197576911052 0
    outer loop
      vertex 10.352761268615723 -38.63703155517578 0.125
      vertex 12.360679626464844 -38.042259216308594 -0.125
      vertex 10.352761268615723 -38.63703155517578 -0.125
    endloop
  endfacet
  facet normal 0.6087614235546829 -0.7933533444762656 0
    outer loop
      vertex -25.172815322875977 31.085838317871094 -0.125
      vertex -23.511409759521484 32.360679626464844 0.125
      vertex -25.172815322875977 31.085838317871094 0.125
    endloop
  endfacet
  facet normal 0.6087614235546829 -0.7933533444762656 0
    outer loop
      vertex -23.511409759521484 32.360679626464844 0.125
      vertex -25.172815322875977 31.085838317871094 -0.125
      vertex -23.511409759521484 32.360679626464844 -0.125
    endloop
  endfacet
  facet normal 0.6494481869620433 0.7604058471972155 0
    outer loop
      vertex -25.172815322875977 -31.085838317871094 -0.125
      vertex -26.76522445678711 -29.725791931152344 0.125
      vertex -25.172815322875977 -31.085838317871094 0.125
    endloop
  endfacet
  facet normal 0.6494481869620433 0.7604058471972155 0
    outer loop
      vertex -26.76522445678711 -29.725791931152344 0.125
      vertex -25.172815322875977 -31.085838317871094 -0.125
      vertex -26.76522445678711 -29.725791931152344 -0.125
    endloop
  endfacet
  facet normal -0.7253745812515376 -0.6883543541477429 0
    outer loop
      vertex 29.725791931152344 26.76522445678711 -0.125
      vertex 28.284271240234375 28.284271240234375 0.125
      vertex 28.284271240234375 28.284271240234375 -0.125
    endloop
  endfacet
  facet normal -0.7253745812515376 -0.6883543541477429 0
    outer loop
      vertex 28.284271240234375 28.284271240234375 0.125
      vertex 29.725791931152344 26.76522445678711 -0.125
      vertex 29.725791931152344 26.76522445678711 0.125
    endloop
  endfacet
  facet normal -0.8526402585785348 0.5224984109556023 0
    outer loop
      vertex 33.54682159423828 -21.785560607910156 -0.125
      vertex 34.641014099121094 -20 0.125
      vertex 34.641014099121094 -20 -0.125
    endloop
  endfacet
  facet normal -0.8526402585785348 0.5224984109556023 0
    outer loop
      vertex 34.641014099121094 -20 0.125
      vertex 33.54682159423828 -21.785560607910156 -0.125
      vertex 33.54682159423828 -21.785560607910156 0.125
    endloop
  endfacet
  facet normal -0.33380673673684214 0.9426415344706071 0
    outer loop
      vertex 14.334717750549316 -37.34321594238281 -0.125
      vertex 12.360679626464844 -38.042259216308594 0.125
      vertex 14.334717750549316 -37.34321594238281 0.125
    endloop
  endfacet
  facet normal -0.33380673673684214 0.9426415344706071 0
    outer loop
      vertex 12.360679626464844 -38.042259216308594 0.125
      vertex 14.334717750549316 -37.34321594238281 -0.125
      vertex 12.360679626464844 -38.042259216308594 -0.125
    endloop
  endfacet
  facet normal -0.6087614235546829 0.7933533444762656 0
    outer loop
      vertex 25.172815322875977 -31.085838317871094 -0.125
      vertex 23.511409759521484 -32.360679626464844 0.125
      vertex 25.172815322875977 -31.085838317871094 0.125
    endloop
  endfacet
  facet normal -0.6087614235546829 0.7933533444762656 0
    outer loop
      vertex 23.511409759521484 -32.360679626464844 0.125
      vertex 25.172815322875977 -31.085838317871094 -0.125
      vertex 23.511409759521484 -32.360679626464844 -0.125
    endloop
  endfacet
  facet normal 0.6494481869620433 -0.7604058471972155 0
    outer loop
      vertex -26.76522445678711 29.725791931152344 -0.125
      vertex -25.172815322875977 31.085838317871094 0.125
      vertex -26.76522445678711 29.725791931152344 0.125
    endloop
  endfacet
  facet normal 0.6494481869620433 -0.7604058471972155 0
    outer loop
      vertex -25.172815322875977 31.085838317871094 0.125
      vertex -26.76522445678711 29.725791931152344 -0.125
      vertex -25.172815322875977 31.085838317871094 -0.125
    endloop
  endfacet
  facet normal -0.9426415344706071 0.33380673673684214 0
    outer loop
      vertex 37.34321594238281 -14.334717750549316 -0.125
      vertex 38.042259216308594 -12.360679626464844 0.125
      vertex 38.042259216308594 -12.360679626464844 -0.125
    endloop
  endfacet
  facet normal -0.9426415344706071 0.33380673673684214 0
    outer loop
      vertex 38.042259216308594 -12.360679626464844 0.125
      vertex 37.34321594238281 -14.334717750549316 -0.125
      vertex 37.34321594238281 -14.334717750549316 0.125
    endloop
  endfacet
  facet normal 0.8526402585785348 -0.5224984109556023 0
    outer loop
      vertex -34.641014099121094 20 0.125
      vertex -33.54682159423828 21.785560607910156 -0.125
      vertex -33.54682159423828 21.785560607910156 0.125
    endloop
  endfacet
  facet normal 0.8526402585785348 -0.5224984109556023 0
    outer loop
      vertex -33.54682159423828 21.785560607910156 -0.125
      vertex -34.641014099121094 20 0.125
      vertex -34.641014099121094 20 -0.125
    endloop
  endfacet
  facet normal -0.9025849733663894 -0.4305117487980951 0
    outer loop
      vertex 36.54181671142578 16.269466400146484 -0.125
      vertex 35.6402587890625 18.159618377685547 0.125
      vertex 35.6402587890625 18.159618377685547 -0.125
    endloop
  endfacet
  facet normal -0.9025849733663894 -0.4305117487980951 0
    outer loop
      vertex 35.6402587890625 18.159618377685547 0.125
      vertex 36.54181671142578 16.269466400146484 -0.125
      vertex 36.54181671142578 16.269466400146484 0.125
    endloop
  endfacet
  facet normal 0.1305261358678571 0.9914448687927159 0
    outer loop
      vertex -4.181138038635254 -39.78087615966797 -0.125
      vertex -6.257378578186035 -39.50753402709961 0.125
      vertex -4.181138038635254 -39.78087615966797 0.125
    endloop
  endfacet
  facet normal 0.1305261358678571 0.9914448687927159 0
    outer loop
      vertex -6.257378578186035 -39.50753402709961 0.125
      vertex -4.181138038635254 -39.78087615966797 -0.125
      vertex -6.257378578186035 -39.50753402709961 -0.125
    endloop
  endfacet
  facet normal -0.6494481869620433 0.7604058471972155 0
    outer loop
      vertex 26.76522445678711 -29.725791931152344 -0.125
      vertex 25.172815322875977 -31.085838317871094 0.125
      vertex 26.76522445678711 -29.725791931152344 0.125
    endloop
  endfacet
  facet normal -0.6494481869620433 0.7604058471972155 0
    outer loop
      vertex 25.172815322875977 -31.085838317871094 0.125
      vertex 26.76522445678711 -29.725791931152344 -0.125
      vertex 25.172815322875977 -31.085838317871094 -0.125
    endloop
  endfacet
  facet normal -0.923879515542188 -0.3826834733321154 0
    outer loop
      vertex 37.34321594238281 14.334717750549316 -0.125
      vertex 36.54181671142578 16.269466400146484 0.125
      vertex 36.54181671142578 16.269466400146484 -0.125
    endloop
  endfacet
  facet normal -0.923879515542188 -0.3826834733321154 0
    outer loop
      vertex 36.54181671142578 16.269466400146484 0.125
      vertex 37.34321594238281 14.334717750549316 -0.125
      vertex 37.34321594238281 14.334717750549316 0.125
    endloop
  endfacet
  facet normal 0.9969172927995962 0.07845961583594482 0
    outer loop
      vertex -39.78087615966797 -4.181138038635254 0.125
      vertex -39.94518280029297 -2.093438148498535 -0.125
      vertex -39.94518280029297 -2.093438148498535 0.125
    endloop
  endfacet
  facet normal 0.9969172927995962 0.07845961583594482 0
    outer loop
      vertex -39.94518280029297 -2.093438148498535 -0.125
      vertex -39.78087615966797 -4.181138038635254 0.125
      vertex -39.78087615966797 -4.181138038635254 -0.125
    endloop
  endfacet
  facet normal -0.4305117487980951 -0.9025849733663894 0
    outer loop
      vertex 16.269466400146484 36.54181671142578 -0.125
      vertex 18.159618377685547 35.6402587890625 0.125
      vertex 16.269466400146484 36.54181671142578 0.125
    endloop
  endfacet
  facet normal -0.4305117487980951 -0.9025849733663894 0
    outer loop
      vertex 18.159618377685547 35.6402587890625 0.125
      vertex 16.269466400146484 36.54181671142578 -0.125
      vertex 18.159618377685547 35.6402587890625 -0.125
    endloop
  endfacet
  facet normal 0.284015267655051 -0.9588197576911052 0
    outer loop
      vertex -12.360679626464844 38.042259216308594 -0.125
      vertex -10.352761268615723 38.63703155517578 0.125
      vertex -12.360679626464844 38.042259216308594 0.125
    endloop
  endfacet
  facet normal 0.284015267655051 -0.9588197576911052 0
    outer loop
      vertex -10.352761268615723 38.63703155517578 0.125
      vertex -12.360679626464844 38.042259216308594 -0.125
      vertex -10.352761268615723 38.63703155517578 -0.125
    endloop
  endfacet
  facet normal 0.7253745812515376 -0.6883543541477429 0
    outer loop
      vertex -29.725791931152344 26.76522445678711 0.125
      vertex -28.284271240234375 28.284271240234375 -0.125
      vertex -28.284271240234375 28.284271240234375 0.125
    endloop
  endfacet
  facet normal 0.7253745812515376 -0.6883543541477429 0
    outer loop
      vertex -28.284271240234375 28.284271240234375 -0.125
      vertex -29.725791931152344 26.76522445678711 0.125
      vertex -29.725791931152344 26.76522445678711 -0.125
    endloop
  endfacet
  facet normal 0.9914448687927159 0.1305261358678571 0
    outer loop
      vertex -39.50753402709961 -6.257378578186035 0.125
      vertex -39.78087615966797 -4.181138038635254 -0.125
      vertex -39.78087615966797 -4.181138038635254 0.125
    endloop
  endfacet
  facet normal 0.9914448687927159 0.1305261358678571 0
    outer loop
      vertex -39.78087615966797 -4.181138038635254 -0.125
      vertex -39.50753402709961 -6.257378578186035 0.125
      vertex -39.50753402709961 -6.257378578186035 -0.125
    endloop
  endfacet
  facet normal 0.9996573425625478 -0.02617627667918161 0
    outer loop
      vertex -40 0 0.125
      vertex -39.94518280029297 2.093438148498535 -0.125
      vertex -39.94518280029297 2.093438148498535 0.125
    endloop
  endfacet
  facet normal 0.9996573425625478 -0.02617627667918161 0
    outer loop
      vertex -39.94518280029297 2.093438148498535 -0.125
      vertex -40 0 0.125
      vertex -40 0 -0.125
    endloop
  endfacet
  facet normal -0.7933533444762656 0.6087614235546829 0
    outer loop
      vertex 31.085838317871094 -25.172815322875977 -0.125
      vertex 32.360679626464844 -23.511409759521484 0.125
      vertex 32.360679626464844 -23.511409759521484 -0.125
    endloop
  endfacet
  facet normal -0.7933533444762656 0.6087614235546829 0
    outer loop
      vertex 32.360679626464844 -23.511409759521484 0.125
      vertex 31.085838317871094 -25.172815322875977 -0.125
      vertex 31.085838317871094 -25.172815322875977 0.125
    endloop
  endfacet
  facet normal 0.9832548725282443 -0.182235714527823 0
    outer loop
      vertex -39.50753402709961 6.257378578186035 0.125
      vertex -39.12590408325195 8.31646728515625 -0.125
      vertex -39.12590408325195 8.31646728515625 0.125
    endloop
  endfacet
  facet normal 0.9832548725282443 -0.182235714527823 0
    outer loop
      vertex -39.12590408325195 8.31646728515625 -0.125
      vertex -39.50753402709961 6.257378578186035 0.125
      vertex -39.50753402709961 6.257378578186035 -0.125
    endloop
  endfacet
  facet normal 0.9588197576911052 -0.284015267655051 0
    outer loop
      vertex -38.63703155517578 10.352761268615723 0.125
      vertex -38.042259216308594 12.360679626464844 -0.125
      vertex -38.042259216308594 12.360679626464844 0.125
    endloop
  endfacet
  facet normal 0.9588197576911052 -0.284015267655051 0
    outer loop
      vertex -38.042259216308594 12.360679626464844 -0.125
      vertex -38.63703155517578 10.352761268615723 0.125
      vertex -38.63703155517578 10.352761268615723 -0.125
    endloop
  endfacet
  facet normal 0.7604058471972155 0.6494481869620433 0
    outer loop
      vertex -29.725791931152344 -26.76522445678711 0.125
      vertex -31.085838317871094 -25.172815322875977 -0.125
      vertex -31.085838317871094 -25.172815322875977 0.125
    endloop
  endfacet
  facet normal 0.7604058471972155 0.6494481869620433 0
    outer loop
      vertex -31.085838317871094 -25.172815322875977 -0.125
      vertex -29.725791931152344 -26.76522445678711 0.125
      vertex -29.725791931152344 -26.76522445678711 -0.125
    endloop
  endfacet
  facet normal 0.9996573425625478 0.02617627667918161 0
    outer loop
      vertex -39.94518280029297 -2.093438148498535 0.125
      vertex -40 0 -0.125
      vertex -40 0 0.125
    endloop
  endfacet
  facet normal 0.9996573425625478 0.02617627667918161 0
    outer loop
      vertex -40 0 -0.125
      vertex -39.94518280029297 -2.093438148498535 0.125
      vertex -39.94518280029297 -2.093438148498535 -0.125
    endloop
  endfacet
  facet normal 0.02617627667918161 0.9996573425625478 0
    outer loop
      vertex 0 -40 -0.125
      vertex -2.093438148498535 -39.94518280029297 0.125
      vertex 0 -40 0.125
    endloop
  endfacet
  facet normal 0.02617627667918161 0.9996573425625478 0
    outer loop
      vertex -2.093438148498535 -39.94518280029297 0.125
      vertex 0 -40 -0.125
      vertex -2.093438148498535 -39.94518280029297 -0.125
    endloop
  endfacet
  facet normal 0.824126476509703 0.5664058180454202 0
    outer loop
      vertex -32.360679626464844 -23.511409759521484 0.125
      vertex -33.54682159423828 -21.785560607910156 -0.125
      vertex -33.54682159423828 -21.785560607910156 0.125
    endloop
  endfacet
  facet normal 0.824126476509703 0.5664058180454202 0
    outer loop
      vertex -33.54682159423828 -21.785560607910156 -0.125
      vertex -32.360679626464844 -23.511409759521484 0.125
      vertex -32.360679626464844 -23.511409759521484 -0.125
    endloop
  endfacet
  facet normal -0.7604058471972155 0.6494481869620433 0
    outer loop
      vertex 29.725791931152344 -26.76522445678711 -0.125
      vertex 31.085838317871094 -25.172815322875977 0.125
      vertex 31.085838317871094 -25.172815322875977 -0.125
    endloop
  endfacet
  facet normal -0.7604058471972155 0.6494481869620433 0
    outer loop
      vertex 31.085838317871094 -25.172815322875977 0.125
      vertex 29.725791931152344 -26.76522445678711 -0.125
      vertex 29.725791931152344 -26.76522445678711 0.125
    endloop
  endfacet
  facet normal 0.923879515542188 0.3826834733321154 0
    outer loop
      vertex -36.54181671142578 -16.269466400146484 0.125
      vertex -37.34321594238281 -14.334717750549316 -0.125
      vertex -37.34321594238281 -14.334717750549316 0.125
    endloop
  endfacet
  facet normal 0.923879515542188 0.3826834733321154 0
    outer loop
      vertex -37.34321594238281 -14.334717750549316 -0.125
      vertex -36.54181671142578 -16.269466400146484 0.125
      vertex -36.54181671142578 -16.269466400146484 -0.125
    endloop
  endfacet
  facet normal 0.4771583909444585 0.8788173131836305 0
    outer loop
      vertex -18.159618377685547 -35.6402587890625 -0.125
      vertex -20 -34.641014099121094 0.125
      vertex -18.159618377685547 -35.6402587890625 0.125
    endloop
  endfacet
  facet normal 0.4771583909444585 0.8788173131836305 0
    outer loop
      vertex -20 -34.641014099121094 0.125
      vertex -18.159618377685547 -35.6402587890625 -0.125
      vertex -20 -34.641014099121094 -0.125
    endloop
  endfacet
  facet normal 0.9969172927995962 -0.07845961583594482 0
    outer loop
      vertex -39.94518280029297 2.093438148498535 0.125
      vertex -39.78087615966797 4.181138038635254 -0.125
      vertex -39.78087615966797 4.181138038635254 0.125
    endloop
  endfacet
  facet normal 0.9969172927995962 -0.07845961583594482 0
    outer loop
      vertex -39.78087615966797 4.181138038635254 -0.125
      vertex -39.94518280029297 2.093438148498535 0.125
      vertex -39.94518280029297 2.093438148498535 -0.125
    endloop
  endfacet
  facet normal 0.3826834733321154 -0.923879515542188 0
    outer loop
      vertex -16.269466400146484 36.54181671142578 -0.125
      vertex -14.334717750549316 37.34321594238281 0.125
      vertex -16.269466400146484 36.54181671142578 0.125
    endloop
  endfacet
  facet normal 0.3826834733321154 -0.923879515542188 0
    outer loop
      vertex -14.334717750549316 37.34321594238281 0.125
      vertex -16.269466400146484 36.54181671142578 -0.125
      vertex -14.334717750549316 37.34321594238281 -0.125
    endloop
  endfacet
  facet normal 0.4305117487980951 0.9025849733663894 0
    outer loop
      vertex -16.269466400146484 -36.54181671142578 -0.125
      vertex -18.159618377685547 -35.6402587890625 0.125
      vertex -16.269466400146484 -36.54181671142578 0.125
    endloop
  endfacet
  facet normal 0.4305117487980951 0.9025849733663894 0
    outer loop
      vertex -18.159618377685547 -35.6402587890625 0.125
      vertex -16.269466400146484 -36.54181671142578 -0.125
      vertex -18.159618377685547 -35.6402587890625 -0.125
    endloop
  endfacet
  facet normal -0.2334460841749199 0.9723697474640992 0
    outer loop
      vertex 10.352761268615723 -38.63703155517578 -0.125
      vertex 8.31646728515625 -39.12590408325195 0.125
      vertex 10.352761268615723 -38.63703155517578 0.125
    endloop
  endfacet
  facet normal -0.2334460841749199 0.9723697474640992 0
    outer loop
      vertex 8.31646728515625 -39.12590408325195 0.125
      vertex 10.352761268615723 -38.63703155517578 -0.125
      vertex 8.31646728515625 -39.12590408325195 -0.125
    endloop
  endfacet
  facet normal 0.4305117487980951 -0.9025849733663894 0
    outer loop
      vertex -18.159618377685547 35.6402587890625 -0.125
      vertex -16.269466400146484 36.54181671142578 0.125
      vertex -18.159618377685547 35.6402587890625 0.125
    endloop
  endfacet
  facet normal 0.4305117487980951 -0.9025849733663894 0
    outer loop
      vertex -16.269466400146484 36.54181671142578 0.125
      vertex -18.159618377685547 35.6402587890625 -0.125
      vertex -16.269466400146484 36.54181671142578 -0.125
    endloop
  endfacet
  facet normal 0.9426415344706071 0.33380673673684214 0
    outer loop
      vertex -37.34321594238281 -14.334717750549316 0.125
      vertex -38.042259216308594 -12.360679626464844 -0.125
      vertex -38.042259216308594 -12.360679626464844 0.125
    endloop
  endfacet
  facet normal 0.9426415344706071 0.33380673673684214 0
    outer loop
      vertex -38.042259216308594 -12.360679626464844 -0.125
      vertex -37.34321594238281 -14.334717750549316 0.125
      vertex -37.34321594238281 -14.334717750549316 -0.125
    endloop
  endfacet
  facet normal 0.9588197576911052 0.284015267655051 0
    outer loop
      vertex -38.042259216308594 -12.360679626464844 0.125
      vertex -38.63703155517578 -10.352761268615723 -0.125
      vertex -38.63703155517578 -10.352761268615723 0.125
    endloop
  endfacet
  facet normal 0.9588197576911052 0.284015267655051 0
    outer loop
      vertex -38.63703155517578 -10.352761268615723 -0.125
      vertex -38.042259216308594 -12.360679626464844 0.125
      vertex -38.042259216308594 -12.360679626464844 -0.125
    endloop
  endfacet
endsolid OpenSCAD_Model
